barcode,last6,product_name,brand,status,msl,max_qty,stc_planogram_location,brossard_planogram_location,st_laurent_planogram_location
4902508083805,083805,PIGEON BODY LOTION (PEACH LEAF),PIGEON,Noncarry,,,,,
4524734126264,126264,Dr Ci Labo Super 377 VC facial cream 18g,,Sense,,,,,
4901301236173,236173,KAO CUREL EMULSION 120ML,KAO,Active,,,,,
4901301269348,269348,KAO CUREL FOAMING FACE WASH 150ML,KAO,Active,,,,,
4901301236210,236210,KAO CUREL INTENSIVE MOISTURE CREAM 40G,KAO,Active,,,,,
4901301236043,236043,KAO CUREL MOISTURE LOTION I LIGHT 150ML,KAO,Active,,,,,
4901301236197,236197,KAO CUREL MOISTURE LOTION II MOIST 150ML,KAO,Active,,,,,
4901301236180,236180,KAO CUREL MOISTURE LOTION III ENRICH 150ML,KAO,Active,,,,,
4901301281357,281357,KAO CUREL MOISTURE BATH MILK BODY,KAO,Noncarry,,,,,
4901301210722,210722,KAO CUREL BODY LOTION,KAO,Active,,,,,
4973167076576,076576,KATE PIN SPOT LINER PK-1,KAO,Sense,,,,,
4520060250000,250000,BB LABORATORIES MOIST CREAMMASK PRO.,BB LABORATORIES,,,,,,
4524989000920,000920,GHASSOUL NAIAD MOROCCAN CLAY MASK,GHASSOUL,,,,,,
4543802600901,600901,Plift Vp Lip,,,,,,,
4547691734242,734242,OKAMOTO RILAKKUMA HONEY CONDOMS,OKAMOTO,,,,,,
4547691749192,749192,OKAMOTO ZERO ONE 0.01 3PCS,OKAMOTO,Sense,,,,,
4571205850623,850623,TAKAMI SKINPEEL 03,TAKAMI,,,,,,
4571414679602,679602,NEEDS FOLDING REVERSIBLE UV HAT(BLACK&CREAM COLOURED),NEEDS,,,,,,
4573259170993,170993,COCOCHI AG ULTIMATE MASK GOLD 5PCS,COCOCHI,Active,,,,,
4580504130039,130039,COCOCHI AG ULTIMATE MASK BLUE 5PCS,COCOCHI,Active,,,,,
4580504130084,130084,COCOCHI AG ULTIMATE MASK SAKURA 5PCS,COCOCHI,,,,,,
4580504130251,130251,COCOCHI AG ULTIMATE SLEEPING PACK,COCOCHI,,,,,,
4901008301686,301686,CANMAKE LASH CARE ESSENCE,CANMAKE,Noncarry,,,,,
4901008304533,304533,CANMAKE MARSHMALLOW FINISH POWDER #MO,CANMAKE,Sense,,,,,
4901008305318,305318,CANMAKE MARSHMALLOW FINISH POWDER #MB,CANMAKE,,,,,,
4901008305608,305608,CANMAKE STAY-ON BALM ROUGE #03,CANMAKE,,,,,,
4901008305905,305905,CANMAKE EYE SHADOW #05,CANMAKE,,,,,,
4901008307770,307770,CANMAKE STAY-ON BALM ROUGE #10,CANMAKE,,,,,,
4901008307893,307893,CANMAKE COLOR MIXING CONCEALER #01,CANMAKE,,,,,,
4901008307909,307909,CANMAKE COLOR MIXING CONCEALER #02,CANMAKE,,,,,,
4901008308661,308661,CANMAKE MARSHMALLOW FINISH POWDER #ML,CANMAKE,,,,,,
4901008309996,309996,CANMAKE STAY-ON BALM ROUGE #T01,CANMAKE,,,,,,
4901008310459,310459,CANMAKE EYE SHADOW #18,CANMAKE,,,,,,
4901008311067,311067,CANMAKE BLUSH POWDER MAT #05,CANMAKE,,,,,,
4901008311333,311333,CANMAKE PERFECT MULTI EYES EYESHADOW #05,CANMAKE,,,,,,
4901008311807,311807,CANMAKE STAY-ON BALM ROUGE #16,CANMAKE,,,,,,
4901008311845,311845,CANMAKE EYE SHADOW #19,CANMAKE,,,,,,
4901008312033,312033,CANMAKE EYE SHADOW #21,CANMAKE,,,,,,
4901008312651,312651,CANMAKE BLUSH POWDER GLOW #11,CANMAKE,,,,,,
4901301271051,271051,KAO SOFINA PRIMAVISTA MOISTURE FOUNDATION,KAO,,,,,,
4901301325310,325310,KAO SOFINA BEAUTE MOISTURIZING LOTION (FRESH) 30G,KAO,,,,,,
4901301325341,325341,KAO SOFINA BEAUTE MOISTURIZING LOTION W (FRESH) 30G,KAO,,,,,,
4901301348098,348098,KAO MEGRHYTHM HEALTH CARE STEAM WARM EYE MASK ROSE,KAO,Active,,,,,
4901301349583,349583,KAO CUREL MOISTURE BALM,KAO,Active,,,,,
4901301351401,351401,KAO SOFINA PRIMAVISTA MAKEUP BASE PRIMER 20G,KAO,,,,,,
4901872166299,166299,SHISEIDO REVITAL WRINKLELIFT RETINO SCIENCE AA EYE MASK 24 SHEETS,SHISEIDO,,,,,,
4901872220106,220106,SHISEIDO REVITAL NECK ZONE ESSENCE,SHISEIDO,,,,,,
4901872353613,353613,SHISHEDO EYEBROW PENCIL 1 BLACK,SHISEIDO,,,,,,
4901872353620,353620,SHESHEDO EYEBROW PENCIL 2 DARK BROWN,SHISEIDO,,,,,,
4901872353644,353644,SHESHEDO EYEBROW PENCIL 4 GRAY,SHISEIDO,,,,,,
4901872375974,375974,SHISEIDO AQUA LABEL MILKY MOUSSE FOAM 130G,SHISEIDO,,,,,,
4901872449651,449651,SHISEIDO UNO WHIP SPEEDY FACIAL WASH 150ML,SHISEIDO,Active,,,,,
4901872449705,449705,SHISEIDO UNO CREAM PERFECTION 90G,SHISEIDO,Active,,,,,
4901872449729,449729,SHISEIDO UNO SKINCARE TANK OIL CONTROL 160ML,SHISEIDO,Active,,,,,
4901872459988,459988,SHISEIDO UNO SKIN SEUM WATER 200ML,SHISEIDO,Active,,,,,
4901872521807,521807,SHISEIDO REVITAL WRINKLE LIFT EYE CREAM 15G,SHISEIDO,,,,,,
4909978997038,997038,SHISEIDO AQUA LABEL SPECIAL GEL CREAM A MOIST 90G,SHISEIDO,,,,,,
4901872958238,958238,SHISEIDO AQUA LABEL SPECIAL GEL CREAM A OIL IN 90G,SHISEIDO,,,,,,
4901872972432,972432,SHISEIDO AQUA LABEL BALANCE CARE LOTION M 200ML,SHISEIDO,,,,,,
4901872972708,972708,SHISEIDO AQUA LABEL BALANCE CARE LOTION RM 200ML,SHISEIDO,,,,,,
4901872972739,972739,SHISEIDO AQUA LABEL BALANCE CARE MILK 130ML,SHISEIDO,,,,,,
4901872972760,972760,SHISEIDO AQUA LABEL WHITE CARE LOTION M 200ML,SHISEIDO,,,,,,
4901872972777,972777,SHISEIDO AQUA LABEL WHITE CARE LOTION RM 200ML,SHISEIDO,,,,,,
4901872972814,972814,SHISEIDO AQUA LABEL WHITE CARE MILK 130ML,SHISEIDO,,,,,,
4901872972838,972838,SHISEIDO AQUA LABEL WHITE CARE CREAM 50G,SHISEIDO,,,,,,
4901872972845,972845,SHISEIDO AQUA LABEL BOUNCING CARE LOTION M 200ML,SHISEIDO,,,,,,
4901872972852,972852,SHISEIDO AQUA LABEL BOUNCING CARE LOTION RM 200ML,SHISEIDO,,,,,,
4901872972883,972883,SHISEIDO AQUA LABEL BOUNCING CARE MILK,SHISEIDO,,,,,,
4903301025726,025726,Etvos Mineral Bronze Glow 4g,,,,,,,
4903301034506,034506,Etvos N2 Mineral Lip Plan Plan (apple Red),,,,,,,
4908049490706,490706,FANCL MILD CLEANSING OIL SET 2020 LIMITED EDITION,FANCL,,,,,,
4908049502768,502768,FANCL MILD CLEANSING OIL SAKURA,FANCL,,,,,,
4909978985691,985691,SHISEIDO AQUA LABEL SPECIAL GEL CREAM MOIST SAKURA 2020,SHISEIDO,,,,,,
4931449414102,414102,IPSA ESSENCE STICK,IPSA,,,,,,
4931449432526,432526,IPSA THE TIME RESET AQUA TONER,IPSA,Noncarry,,,,,
4953923303900,303900,POLA B.A FACE WASH,POLA,,,,,,
4953923308066,308066,POLA B.A ANTI-AGING TONER 120ML,POLA,Noncarry,,,,,
4953923308073,308073,POLA B.A MILK LOTION 80ML,POLA,Noncarry,,,,,
4953923304020,304020,POLA B.A REVUP SERUM 40ML,POLA,,,,,,
4953923305096,305096,POLA WHITE SHOT SXS 20G,POLA,,,,,,
4953923309216/4953923307465/4953923307878/4953923307908,307908,POLA WRINKLE SHOT SET 2020,POLA,,,,,,
4953923307526/4953923308899/4953923338261,338261,POLA B.A LIGHT SELECTOR,POLA,Noncarry,,,,,
4953923310656,310656,POLA BA EYE ZONE CREAM,POLA,,,,,,
4973167154168,154168,KRACIE FREEPLUS MILD MOISTURE SOAP 200ML,KRACIE,,,,,,
4973167158418,158418,KRACIE FREEPLUS MILD CREAM CLEANSER A 125G,KRACIE,Noncarry,,,,,
4973167158425,158425,KRACIE FREEPLUS MILD SOAP A 100G,KRACIE,Active,,,,,
4973167208366,208366,KATE DESIGNING EYEBROW 3D EX-4,KRACIE,Active,,,,,
4973167208397,208397,KATE DESIGNING EYEBROW 3D EX-5,KRACIE,Active,,,,,
4973167258293,258293,KRACIE FREEPLUS MOIST CARE EMULSION II (MOIST) 100ML,KRACIE,Active,,,,,
4973167358559,358559,KRACIE FREEPLUS MOIST CARE LOTION II (MOIST) 130ML,KRACIE,Active,,,,,
4973167380482,380482,KRACIE FREEPLUS MOIST CARE CREAM,KRACIE,,,,,,
4973167911921,911921,KANEBO Allie UV Suncream Set Green,,,,,,,
4979006090949,090949,SKII FACIAL TREATMENT MASK 6 SHEETS,SKII,Active,,,,,
4979006065237,065237,DISCONTINUED SKII FACIAL TREATMENT CLEANSER,SKII,Active,,,,,
4979006083316,083316,SKII R.N.A. POWER EYE CREAM,SKII,Active,,,,,
4979006083224,083224,作废 SKII RNA POWER RADICAL NEW AGE CREAM 80G,SKII,,,,,,
4979006085747,085747,DISCONTINUED SKII GENOPTICS ULTRAURA ESSENCE 50ML,SKII,Active,,,,,
4979006083354,083354,SKII RNA POWER YOUTH ESSENCE 50ML,SKII,Active,,,,,
4987107624796,624796,DAIICHI SANKYO TRANSINO WHITENING FACIAL MASK 4 SHEETS,DAIICHI SANKYO,,,,,,
4987415688503,688503,SHISEIDO B6 LIP CARE,SHISEIDO,,,,,,
6927999300918,300918,FUQING ANTIBACTERIAL FUNCTION DRESSING MASK,FUQING,,,,,,
6941959099971,099971,VOOLGA HYALURONATE MASK,VOOLGA,,,,,,
4560487688574,688574,LILMOON ONEDAY CREAM BEIGE,LILMOON,,,,,,
4560487688895,688895,LILMOON ONEDAY CREAM GREGE,LILMOON,Noncarry,,,,,
4560487689212,689212,LILMOON ONEDAY CHOCOLATE,LILMOON,Noncarry,,,,,
4560487693288,693288,LILMOON ONEDAY WATER WATER,LILMOON,Noncarry,,,,,
4979006070064,070064,SKII FACIAL TREATMENT ESSENCE 230ML,SKII,Active,,,,,
4560364938907,938907,MICHE BLOOMIN FALSE EYELASHES NO. 03PURE SWEET,MICHE BLOOMIN,,,,,,
4560364938938,938938,MICHE BLOOMIN FALSE EYELASHES NO. 06GIRLY FLARE,MICHE BLOOMIN,,,,,,
4560364938891,938891,MICHE BLOOMIN FALSE EYELASHES NO. 02PURE NUDE,MICHE BLOOMIN,,,,,,
4979006090895,090895,SKII FACIAL TREATMENT CLEAR LOTION,SKII,Active,,,,,
4931449433080,433080,IPSA CREATIVE CONCEALER EX,IPSA,Noncarry,,,,,
4909978972387,972387,(作废) SHISEIDO ANESSA PERFECT UV SKIN CARE MILK A SUNSCREEN,SHISEIDO,,,,,,
4931449432519,432519,IPSA LUMINIZING CLAY,IPSA,,,,,,
4931449433134,433134,IPSA MAKEUP FINISHING MIST,IPSA,,,,,,
493144943180,943180,IPSA SILK COTTON,IPSA,,,,,,
4931449428628,428628,IPSA ME REGULAR #2,IPSA,,,,,,
4931449428635,428635,IPSA ME REGULAR #3,IPSA,,,,,,
4971710358070,358070,KOSE DECORTE HERBAL VITALIZING LOTION 150ML,KOSE,,,,,,
4971710359114,359114,KOSE DECORTE PRIME LATTE EMULSION 150ML,KOSE,,,,,,
4971710367140,367140,KOSE DECORTÉ MOISTURE LIPOSOME HYDRATION BOOSTING SERUM,KOSE,,,,,,
495392330505,330505,POLA BRIGHT SHOT SERUM,POLA,,,,,,
4948731020811,020811,LOURDES ATEX HOT EYE MASK,ATEX,,,,,,
4562256995289,995289,Etvos N2 Mineral Lip Plan Plan (honey Peach),,,,,,,
4580346570505,570505,LALASLIM REPERFE,LALASLIM,,,,,,
420000000,000000,Hair Care,,,,,,,
4562256995296,995296,Etvos Mineral Lip Plumper 6.7g,,,,,,,
4953923307496,307496,POLA WRINKLE SHOT GEO SERUM 40G,POLA,,,,,,
2000124082317,082317,LUPICIA TEA BAG PEACH OOLONG,LUPICIA,,,,,,
2000131082317,082317,LUPICIA TEA BAG PEACH OOLONG BOX,LUPICIA,,,,,,
2000132182313,182313,LUPICIA TEA BAG PEACH OOLONG SUPER GRADE,LUPICIA,,,,,,
2000133382316,382316,LUPICIA TEA BAG PEACH OOLONG INSTANT BAG,LUPICIA,,,,,,
4901872353637,353637,SHISHEDO EYEBROW PENCIL 3 BROWN,SHISEIDO,,,,,,
4953923304075,304075,POLA NEW WHITE SHOT LX WS FACE LOTION,POLA,,,,,,
4953923304082,304082,POLA WHITE SHOT MX FACIAL EMULSION,POLA,,,,,,
4953923305058,305058,POLA WHITE SHOT CXS 25ML,POLA,,,,,,
4953923306482,306482,POLA WHITE SHOT RXS CREAM 50G,POLA,,,,,,
4953923306505,306505,POLA WHITE SHOT SXS PROGRAM KIT,POLA,,,,,,
4971710372267,372267,KOSE COSME DECORT SUN SHELTER MULTI PROTECTION SUNCREAM,KOSE,,,,,,
4971710372274,372274,KOSE COSME DECOR SUN SHELTER MULTI PROTECTION WATER RESISTANT,KOSE,,,,,,
4973167258286,258286,KRACIE FREEPLUS MOIST CARE EMULSION I,KRACIE,,,,,,
4973167358542,358542,KRACIE FREEPLUS MOIST CARE LOTION I,KRACIE,,,,,,
4953923308080,308080,POLA B.A FACIAL CREAM 30G,POLA,,,,,,
4901301348043,348043,KAO MEGRHYTHM HEALTH CARE STEAM WARM EYE MASK LAVENDER,KAO,Active,,,,,
4987107623423,623423,DAIICHI SANKYO MINON AMINO MOISTURIZING WHITENING MASK 4 SHEETS,DAIICHI SANKYO,,,,,,
4987107625250,625250,DAIICHI SANKYO MINON MINON AMINO MOIST MOIST SKIN MASK (LIMITED EDITION),DAIICHI SANKYO,,,,,,
4973167158401,158401,KRACIE FREEPLUS BEAUTY OIL CLEANSER 125ML,KRACIE,,,,,,
6941959099780,099780,[OUTDATED] VOOLGA COLLAGEN REPAIR MASK,VOOLGA,,,,,,
4973167864777,864777,KRACIE FREEPLUS DOUBLE SHEET MOISTURE MASK,KRACIE,,,,,,
4901872056675,056675,SHISEIDO ELIXIR SUPERIEUR SLEEPING GEL PACK 105G,SHISEIDO,,,,,,
4562256995319,995319,Etvos N2 Mineral Lip Plan Plan Sheer Black,,,,,,,
4562256995609,995609,Etvos Moist Barrier Cream 30g,,,,,,,
4969527118239,118239,ALBION SKIN CONDITIONER ESSENTIAL 330ML,ALBION,,,,,,
4908049488291,488291,FANCL GOOD CHOICE WOMEN 20'S SUPPLEMENTS,FANCL,,,,,,
4562248600368,600368,THREE BALANCING CLEANSING OIL 200ML,THREE,,,,,,
4549660105947,105947,"La Rose de Versallles ""Crul & Volume"" Mascara+Liquid Eyeliner Limited Set",CREER BEAUTE,,,,,,
4549660105930,105930,"La Rose de Versallles ""Long & Film"" Mascara+Liquid Eyeliner Limited Set",CREER BEAUTE,,,,,,
4901008310244,310244,CANMAKE PERFECT MULTI EYE SHADOW #03,CANMAKE,,,,,,
4953923304044,304044,POLA B.A SERUM PRISLUMINA,POLA,,,,,,
4971710369984/4971710369984,369984,KOSE COSME DECORTE PRIME LATTE ESSENTIAL SOFTENING EMULSION MASK 1 PIECE 16ML/ .54FL OZ,KOSE,,,,,,
4971710369960,369960,KOSE COSME DECORTE VITA DE REVE MASK 1 PIECE,KOSE,,,,,,
4953923306543,306543,POLA SPARKLING BOUQUET BODY SHAMPOO SET,POLA,,,,,,
4580504130350,130350,COCOCHI AG ULTIMATE MASK RED 5PCS,COCOCHI,,,,,,
WATER-M-0,ER-M-0,LILMOON MONTHLY WATER WATER(PLANO),LILMOON,,,,,,
4573267334103,334103,ITO CLEANSING FOAM,ITO,,,,,,
4580055331930,331930,NS COLLECTION COCONUTS,NS COLLECTION,,,,,,
4580055332579,332579,NS COLLECTION MATCHA LATTE,NS COLLECTION,,,,,,
4580055332890,332890,NS COLLECTION LEMONADE,NS COLLECTION,,,,,,
4580055333217,333217,NS COLLECTION LASSIE,NS COLLECTION,,,,,,
4580055333859,333859,NS COLLECTION CIDER,NS COLLECTION,,,,,,
4901872169245,169245,SHISEIDO ELIXIR SUPERIEUR CLEANSING FOAM IN (REFRESHING),SHISEIDO,Noncarry,,,,,
4901872169252,169252,SHISEIDO ELIXIR SUPERIEUR CLEANSING FOAM IIN (MOIST),SHISEIDO,Noncarry,,,,,
6941959099926,099926,VOOLGA AXANTHIN REPAIR MASK,VOOLGA,,,,,,
4901872099511,099511,SHISEIDO ELIXIR SUPERIEUR LIFT MOIST LOTION TI,SHISEIDO,,,,,,
4901872099528,099528,SHISEIDO ELIXIR SUPERIEUR LIFT MOIST LOTION TII,SHISEIDO,,,,,,
4901872099559,099559,SHISEIDO ELIXIR SUPERIEUR LIFT MOIST LOTION TIII,SHISEIDO,,,,,,
Elixir,Elixir,SHISEIDO ELIXIR SUPERIEL LIFT MOIST,SHISEIDO,,,,,,
4901872099542,099542,SHISEIDO ELIXIR SUPERIEUR LIFT MOIST EMULSION TII,SHISEIDO,,,,,,
4901872099580,099580,SHISEIDO ELIXIR SUPERIEUR LIFT MOIST EMULSION TIII,SHISEIDO,,,,,,
4901872099122,099122,SHISEIDO ELIXIR SUPERIER ENRICHED WRINKLE CREAM L (22G),SHISEIDO,,,,,,
4901872957583,957583,SHISEIDO ELIXIR SUPERIER ENRICHED CREAM TB,SHISEIDO,Noncarry,,,,,
4901872034550,034550,SHISEIDO ELIXIR SUPERIER ENRICHED SERUM CB,SHISEIDO,,,,,,
6941959099575,099575,[OUTDATED] VOOLGA CENTELLA ASIATICA MASK,VOOLGA,,,,,,
4901221800102,800102,EBISU PREMIUM CARE ADULT TOOTHBRUSH- 81 / SOFT,EBISU,Sense,,,,,
4901221800119,800119,EBISU PREMIUM CARE ADULT TOOTHBRUSH- 82 / MEDIUM,EBISU,Sense,,,,,
4901221800126,800126,EBISU PREMIUM CARE ADULT TOOTHBRUSH- 83 / HARD,EBISU,,,,,,
4987072071861,071861,KOBAYASHI Charcoal Toothpaste,,,,,,,
4987072036433,036433,KOBAYASHI Charcoal Bright Toothpaste,,,,,,,
4973167451199,451199,Lunasol Eye Shadow Skin Modeling Eyes 01 Beige Beige,,,,,,,
4953923306338,306338,POLA B.A LIQUID 20ML*12,POLA,,,,,,
4953923307441,307441,POLA WHITE INNER LOCK LIQUID,POLA,,,,,,
4580504130107,130107,COCOCHI AG ULTIMATE MASK PEARL 5PCS,COCOCHI,Active,,,,,
4973167441015,441015,Kanebo Lunasol Geminate Eyes 01ce/05rb Eye Shadow (01ce),,,,,,,
4562441906403,906403,TOAMIT STOP THE VIRUS CLEAR BADGE NECK STRAP FOR 30 DAYS,TOAMIT,,,,,,
4580500190310,190310,TOAMIT VIRUS DOWN CARD,TOAMIT,,,,,,
4907211129741,129741,ECOM AIR MASK KUMAMON RED,ECOM,,,,,,
4907211129710,129710,SHINKO ES-010 ECOM AIR MASK KUMAMON SILVER,ECOM,,,,,,
4953923307939,307939,POLA WRINKLE SHOT SPECIAL KIT,POLA,,,,,,
4560413151196,151196,[OUTDATED] AXXZIA VENUS RECIPE VF ENZYME DRINK,AXXZIA,,,,,,
4560413151202,151202,AXXZAI VENUS RECIPE B FORME JELLY,AXXZIA,,,,,,
4560413150991,150991,AXXZAI VENUS RECIPE BERRY EYE 30,AXXZIA,,,,,,
4560413150489,150489,AXXZIA VENUS RECIPE BREAST ACT JELLY,AXXZIA,,,,,,
4560413151097,151097,[OUTDATED] AXXZIA AG DRINK,AXXZIA,,,,,,
4573267336664,336664,ITO TRAVEL MAKEUP TOWEL SET,ITO,Active,,,,,
4573267336718,336718,ITO SKIN MAKEUP COTTON TOWEL,ITO,,,,,,
4573267336961,336961,ITO CLEANSING TOWEL,ITO,Active,,,,,
4901301355768,355768,KAO GENTLE STEAM MASK LAVENDER MINT,KAO,,,,,,
4901301367655,367655,KAO GENTLE STEAM MASK NON SCENTED,KAO,,,,,,
4901301367679,367679,KAO GENTLE STEAM MASK HONEY LEMON,KAO,,,,,,
4901872459957,459957,DISCONTINUED SHISEIDO TSUBAKI PREMIUM REPAIR HAIR MASK,SHISEIDO,Active,,,,,
4901872837144,837144,DISCONTINUED SHISEIDO FINO PREMIUM TOUCH HAIR MASK,SHISEIDO,Active,,,,,
4987107616647,616647,DAIICHI SANKYO MINON AMINO MOISTURIZING FACE MASK,DAIICHI SANKYO,,,,,,
4953923305126,305126,POLA WHITE SHOT INNER LOCK WHITENING SUPPLEMENTS 180 TABLETS,POLA,,,,,,
4973167398098,398098,KRACIE FREEPLUS DEEP PRE MOIST ESSENCE 80ML,KRACIE,,,,,,
4901417631794,631794,KRACIE HADABISEI 3D PREMIUM FIRM MASK,KRACIE,,,,,,
4901417631787,631787,KRACIE HADABISEI 3D PREMIUM MOIST MASK,KRACIE,,,,,,
4901417628923,628923,KRACIE SUPER MOIST MASK,KRACIE,,,,,,
4901417628930,628930,KRACIE CLEAR WHITE MASK,KRACIE,,,,,,
4901417630674,630674,KRACIE 3D MOISTURIZING FACIAL MASK,KRACIE,Active,,,,,
4901417631381,631381,KRACIE 3D MASK AGING CARE,KRACIE,Active,,,,,
4901417630988,630988,KRACIE 3D FACIAL SUPER MOIST MASK,KRACIE,Active,,,,,
4903335695254,695254,作废 NATURIE HATOMUGL FACE LOTION,NATURIE,Active,,,,,
4901301348036,348036,KAO MEGRHYTHM HEALTH CARE STEAM WARM EYE MASK CITRUS,KAO,Active,,,,,
4560413150977,150977,AXXZIA VENUS RECIPE WHITE AMINO'S DRINK,AXXZIA,,,,,,
4903111478064,478064,UNICHARM SILCOT PULP & RAYON COTTON 40 SHEETS,UNICHARM,Active,,,,,
8809437395145,395145,3CE BLUSH CUSHION #PINK,3CE,,,,,,
8809437395152,395152,3CE BLUSH CUSHION #PEACH,3CE,,,,,,
8809437395169,395169,3CE BLUSH CUSHION #CORAL,3CE,,,,,,
8809437395183,395183,3CE BLUSH CUSHION #GIRLISH RED,3CE,,,,,,
8809292444613,444613,3CE MAGIC TOUCH FACE MAKER #PINK,3CE,,,,,,
8809348119502,119502,3CE MAGIC TOUCH FACE MAKER #BEIGE,3CE,,,,,,
8809437396791,396791,3CE MOOD RECIPE MULTI EYE COLOR PALETTE #PLOT TWIST,3CE,,,,,,
8809437396807,396807,3CE MOOD RECIPE MULTI EYE COLOR PALETTE #OVERTAKE,3CE,,,,,,
8809437398429,398429,3CE MULTI EYE COLOR PALETTE #ALL NIGHTER,3CE,,,,,,
8809664980374,980374,3CE MULTI EYE COLOR PALETTE #DRY BOUQUET,3CE,,,,,,
8809437396623,396623,3CE VELVET LIP TINT #GOING RIGHT,3CE,,,,,,
8809437396616,396616,3CE VELVET LIP TINT #DAFFODIL,3CE,,,,,,
8809437396678,396678,3CE VELVET LIP TINT #TAUPE,3CE,,,,,,
8809437396630,396630,3CE VELVET LIP TINT # PRIVATE,3CE,,,,,,
8809437396593,396593,3CE VELVET LIP TINT #CHILDLIKE,3CE,,,,,,
8809437397521,397521,3CE VELVET LIP TINT #KNOW BETTER,3CE,,,,,,
8809437398030,398030,3CE VELVET LIP TINT #ABSORBED,3CE,,,,,,
8809664980381,980381,3CE VELVET LIP TINT #SPEAK UP,3CE,,,,,,
8809437396722,396722,3CE MOOD RECIPE MATTE LIP COLOR #220,3CE,,,,,,
8809437396739,396739,3CE MOOD RECIPE MATTE LIP COLOR #221,3CE,,,,,,
8809437396746,396746,3CE MOOD RECIPE MATTE LIP COLOR #222,3CE,,,,,,
8809437394193,394193,3CE MOOD RECIPE MATTE LIP COLOR #909,3CE,,,,,,
8809437394162,394162,3CE MOOD RECIPE MATTE LIP COLOR #115,3CE,,,,,,
8809437394179,394179,3CE MOOD RECIPE MATTE LIP COLOR #116,3CE,,,,,,
4580444280092,280092,MEGUMI NO HONPO HIKISHIME MASK GRAY,MEGUMI NO HONPO,,,,,,
4580444280085,280085,MEGUMI NO HONPO BEAUTY FLUID FACE MASK BLUE,MEGUMI NO HONPO,,,,,,
4580444280108,280108,MEGUMI NO HONPO SPRING WATER FACE PACK PINK,MEGUMI NO HONPO,,,,,,
4966680246977,246977,PROPOLINSE SAKURA MOUTH WASH 600ML,PROPOLINSE,Active,,,,,
4901301364470,364470,KAO ANDAND RELAXING AIR PEACH SCENT SHAMPOO,KAO,,,,,,
4901301364487,364487,KAO ANDAND GENTLY HERBAL GREEN SCENT SHAMPOO,KAO,,,,,,
4901301364494,364494,KAO ANDAND FEEL FREE TO SCENT OF TEA HARMONY SHAMPOO,KAO,,,,,,
4901301364531,364531,KAO ANDAND FLUTTERING SWEET JASMINE SCENT TREATMENT,KAO,,,,,,
4901301364548,364548,KAO ANDAND SCENT OF SPICY MUSK SCENT TREATMENT,KAO,,,,,,
4901301364555,364555,KAO ANDAND HASHAGU VIVID FRUIT FRAGRANCE TREATMENT,KAO,,,,,,
4901234299214,299214,UTENA PREMIUM PRESA GOLD GEL MASK,UTENA,,,,,,
4901234299313,299313,UTENA PREMIUM PURESA GOLDEN JELLY MASK,UTENA,,,,,,
4901234299719,299719,UTENA PREMIUM FACIAL SHEET MASK ROYAL JELLY,UTENA,,,,,,
4901301306326,306326,KAO LAURIER SLIM GUARD ROSE A LONG TIME FIRMLY FOR THE DAY 18 PADS,KAO,Active,,,,,
4901301254276,254276,KAO LAURIER SLIM GUARD SANITARY PAD FOR NIGHT USE WITH WINGS 30CM 15PCS,KAO,,,,,,
4901301264992,264992,KAO LAURIER SANITARY PADS WITH WINGS FOR NIGHTS 35CM 13PCS,KAO,,,,,,
4901301336453,336453,KAO LAURIER SLIM GUARD SANITARY PAD NAPKIN EXTRA HEAVY FLOW NIGHT 400 11 PCS,KAO,,,,,,
4901301254252,254252,KAO LAURIER SPEED+ SLIMGUARD DAY USE FOR MODERATE DAYS 28PADS,KAO,,,,,,
4901301254269,254269,KAO LAURIER SPEED SLIMGUARD LIGHT DAYS FRAGRANCE-FREE SANITARY PAD,KAO,,,,,,
4901301262912,262912,KAO LAURIER F SLIM NIGHT PADS 40CM WITH WINGS 7PK,KAO,Active,,,,,
4901301354570,354570,KAO LAURIER F HAPPINESS BARE SKIN SUPER SLIM NIGHT PAD,KAO,,,,,,
4901301262875,262875,KAO LAURIER F SLIM NIGHT PADS 30CM,KAO,,,,,,
4901301282750,282750,KAO LAURIER F SUPER SLIM FOR HEAVY DAYS 17PADS,KAO,,,,,,
4901301282743,282743,KAO LAURIER F ULTRA GENTLE DAILY SLIM WING SANITARY NAPKIN 22.5CM 20PCS,KAO,,,,,,
4901301282408,282408,KAO LAURIER F HAPPY SKIN ULTRA-SLIM FOR NORMAL DAY PAD,KAO,,,,,,
4901301378439,378439,"KAO LAURIER F FOR HEAVY TO MODERATE DAYS, 20 PADS",KAO,,,,,,
4901301378422,378422,KAO LAURIER F HEAVY LONG DAY USE PAD,KAO,,,,,,
4901301282415,282415,KAO LAURIER F SANITARY PAD ULTRA THIN LIGHT FLOW COMFORTABLE 17CM 32 PADS,KAO,,,,,,
4901301378156,378156,KAO LAURIER F SANITARY NAPKIN WITHOUT WINGS FOR HEAVY DAY 22.5 CM 24 PADS,KAO,,,,,,
4901301266217,266217,KAO LIESE PRETTIA BUBBLE HAIR COLOR MARSHMALLOW BROWN,KAO,Active,,,,,
4901301266231,266231,KAO LIESE PRETTIA BUBBLE HAIR COLOR ROYAL BROWN,KAO,Active,,,,,
4901301266255,266255,KAO LIESE PRETTIA BUBBLE HAIR COLOR DARK CHOCOLATE,KAO,Active,,,,,
4901301266378,266378,KAO LIESE PRETTIA BUBBLE HAIR COLOR NATURAL BROWN,KAO,Active,,,,,
4901301266385,266385,KAO LIESE PRETTIA BUBBLE HAIR COLOR NATURAL BLACK,KAO,Noncarry,,,,,
4901301321541,321541,KAO LIESE PRETTIA BUBBLE HAIR COLOR (COCOA BROWN),KAO,,,,,,
4901301321558,321558,KAO LIESE PRETTIA BUBBLE HAIR COLOR COOL ASH,KAO,Noncarry,,,,,
4901301336798,336798,KAO LIESE PRETTIA BUBBLE HAIR COLOR (FRENCH BEIGE),KAO,,,,,,
4901301336811,336811,KAO LIESE PRETTIA BUBBLE HAIR COLOR BRITISH ASH,KAO,Noncarry,,,,,
4901301350107,350107,KAO LIESE PRETTIA BUBBLE HAIR COLOR PROVENCE ROSE,KAO,Active,,,,,
4901301350367,350367,KAO LIESE PRETTIA BUBBLE HAIR COLOR CALIFORNIA BEIGE,KAO,Active,,,,,
4901301350862,350862,KAO LIESE PRETTIA BUBBLE HAIR COLOR NEW YORK ASH,KAO,Noncarry,,,,,
4901301363695,363695,KAO LIESE PRETTIA BUBBLE HAIR COLOR SMOKEY BROWN,KAO,,,,,,
4901301363701,363701,KAO LIESE PRETTIA BUBBLE HAIR COLOR AIRY BROWN,KAO,Active,,,,,
4901301363725,363725,KAO LIESE PRETTIA BUBBLE HAIR COLOR DARK NAVY,KAO,Active,,,,,
4901301363732,363732,KAO LIESE PRETTIA BUBBLE HAIR COLOR DARK ROSE,KAO,,,,,,
4901872444915,444915,SHISEIDO PERFECT WHIP FACIAL WASH,SHISEIDO,Active,,,,,
4901301348029,348029,KAO MEGRHYTHM HEALTH CARE STEAM WARM EYE MASK UNSCENTED,KAO,Active,,,,,
4901301348067,348067,KAO MEGRHYTHM HEALTH CARE STEAM WARM EYE MASK CHAMOMILE GINGER,KAO,Active,,,,,
4979006085648,085648,SKII FACIAL TREATMENT ESSENCE OLYMPIC COLLABORATION LIMITED (RED),SKII,,,,,,
4580055347696,347696,MOLAK SAKURA PETAL,MOLAK,Noncarry,,,,,
4580055347375,347375,MOLAK TINT BROWN,MOLAK,Noncarry,,,,,
4580055346095,346095,MOLAK DAZZLE BEIGE,MOLAK,Noncarry,,,,,
4580055346415,346415,MOLAK DAZZLE GRAY,MOLAK,Noncarry,,,,,
4580055346736,346736,MOLAK CORAL BROWN,MOLAK,Noncarry,,,,,
4580055347054,347054,MOLAK MIRROR GRAY,MOLAK,Noncarry,,,,,
4901301207463,207463,KAO LAURIER SANITARY NAPKIN M-L,KAO,Active,,,,,
4901301383716,383716,KAO EYE MASK PUDING DOG EDITION,KAO,,,,,,
4901301385642,385642,KAO EYE MASK FOUR SEASON EDITION,KAO,,,,,,
4901872447008,447008,SHISEIDO UNO HYBRID HARD HAIR STYLING WAX ACTIVE NATURAL,SHISEIDO,Active,,,,,
4901872447015,447015,SHISEIDO UNO STYLING HAIR WAX,SHISEIDO,Active,,,,,
4901872447022,447022,SHISEIDO UNO WET EFFECTOR STYLING WAX,SHISEIDO,Active,,,,,
4901872449675,449675,DISCONTINUED SHISEIDO UNO MEN'S WHIP WASH BLACK FACIAL CLEANSER,SHISEIDO,Active,,,,,
4901872449682,449682,DISCONTINUED SHISEIDO UNO WHIP WASH SCRUB,SHISEIDO,Active,,,,,
4901872449699,449699,DISCONTINUED SHISEIDO UNO WHIP WASH MOIST FACE WASH,SHISEIDO,Active,,,,,
4901872449712,449712,SHISEIDO UNO SKINCARE TANK MOIST LOTION 160 ML,SHISEIDO,Active,,,,,
4901872449736,449736,SHISEIDO UNO SKINCARE TANK MILD MEN'S FACE CARE,SHISEIDO,Active,,,,,
4901872456284,456284,SHISEIDO UNO NUANCE CREATOR WAX,SHISEIDO,Active,,,,,
4901872459964,459964,SHISEIDO UNO HAIR WAX EXTREME HARD,SHISEIDO,Active,,,,,
4901872825981,825981,SHISEIDO HAND SOAP 250ML,SHISEIDO,,,,,,
4979006085563,085563,SKII FACIAL TREATMENT ESSENCE OLYMPIC COLLABORATIONLIMITED (BLACK),SKII,,,,,,
4536667238730,238730,REGART 180D PANTY-HOSE 004H,REGART,,,,,,
4536667238785,238785,REGART 180D PANTY-HOSE 004HL,REGART,,,,,,
4582234224132,224132,EBIS MOISTURE HAND MASK 18 PAIRS,EBIS,Active,,,,,
4901301236753,236753,KAO ATRIX BEAUTY CHARGE HAND CREAM,KAO,,,,,,
4901301272102,272102,KAO ATRIX BEAUTY CHARGE HAND CREAM PEACH TEA,KAO,,,,,,
4901301282279,282279,KAO ATRIX BEAUTY CHARGE NIGHT SUPERIOR HAND CREAM,KAO,,,,,,
4901301312389,312389,KAO ATRIX BEAUTY CHARGE HAND CREAM ROSE & BERRY,KAO,,,,,,
4901301342287,342287,KAO ATRIX BEAUTY CHARGE HONEY & YUZU FRAGRANCE,KAO,,,,,,
4901301371690,371690,KAO ATRIX BEAUTY PREMIUM HAND CREAM,KAO,,,,,,
4901221862629,862629,EBISU DORAEMON TOOTHBRUSH KIDS AGE 6+,EBISU,,,,,,
4901221861806,861806,EBISU HELLO KITTY TOOTHBRUSH -ADULT,EBISU,,,,,,
4991936383120,383120,HONYARADOH NEMUNE OYASUMI-HITSUJI SHEEP AROMATHERAPY PILLOW (32X50X14CM),HONYARADOH,,,,,,
4991936383137,383137,HONYARADOH NEMUNE OYASUMI-HITSUJI SHEEP AROMATHERAPY PILLOW (25X32X9CM),HONYARADOH,,,,,,
4991936383229,383229,HONYARADOH HOT & COOL EYE PILLOW- SHEEP,HONYARADOH,,,,,,
4991936383274,383274,HONYARADOH HOT & COOL EYE PILLOW- SHEEP (30X5X12),HONYARADOH,,,,,,
4991936382758,382758,HONYARADOH SHIBAZUKIN,HONYARADOH,,,,,,
4991936446047,446047,HONYARADOH POLAR BEAR HAIR BAND (60G),HONYARADOH,,,,,,
4991936881398,881398,HONYARADOH POLAR BEAR SPECIAL EDITION HAND CREAM (40G),HONYARADOH,,,,,,
4991936881442,881442,HONYARADOH YUZU SPECIAL EDITION HAND CREAM (40G),HONYARADOH,,,,,,
4991936881497,881497,HONYARADOH APPLE SPECIAL EDITION HAND CREAM (40G),HONYARADOH,,,,,,
4991936881534,881534,HONYARADOH SHIBAKIN SPECIAL EDITION HAND CREAM (40G),HONYARADOH,,,,,,
4991936881411,881411,HONYARADOH POLAR BEAR SPECIAL EDITION LIP CREAM (20G),HONYARADOH,,,,,,
4991936881466,881466,HONYARADOH YUZU SPECIAL EDITION LIP CREAM (20G),HONYARADOH,,,,,,
4991936881510,881510,HONYARADOH APPLE SPECIAL EDITION LIP CREAM,HONYARADOH,,,,,,
4991936881541,881541,HONYARADOH SHIBAKIN SPECIAL EDITION LIP CREAM (20G),HONYARADOH,,,,,,
4991936881404,881404,HONYARADOH POLAR BEAR HAND & NAIL CREAM X 2 (45G),HONYARADOH,,,,,,
4991936881459,881459,HONYARADOH YUZU HAND & NAIL CREAM X 2 (45G),HONYARADOH,,,,,,
4991936881176,881176,HONYARADOH SHIBAKIN HAND & NAIL CREAM X 2 (45G),HONYARADOH,,,,,,
4991936881558,881558,HONYARADOH SHIBAKIN LIP & HAND CREAM (40G),HONYARADOH,,,,,,
4991936881428,881428,HONYARADOH POLAR BEAR LIP & HAND CREAM (40G),HONYARADOH,,,,,,
4991936383281,383281,HONYARADOH SHIBAZUKIN PON PON,HONYARADOH,,,,,,
4991936382970,382970,HONYARADOH SHIBAKIN (YUZI SCENT),HONYARADOH,,,,,,
4991936384660,384660,HONYARADOH SQUISHI- HALINE (175G),HONYARADOH,,,,,,
4991936384677,384677,HONYARADOH SQUISHI- KOZUME (175G),HONYARADOH,,,,,,
4991936384684,384684,HONYARADOH SQUISHI- HACHIWALE (175G),HONYARADOH,,,,,,
4991936384707,384707,HONYARADOH SQUISHI- POLAR BEAR (175G),HONYARADOH,,,,,,
4961989409016,409016,PDC SAKE KASU PACK,PDC,Noncarry,,,,,
4901301313140,313140,KAO BIORE U URUOI MILK SKIN CARE BODY MILK FLORAL SCENTED,KAO,,,,,,
4901301313133,313133,KAO BIORE MOISTURE MILK BODY LOTION UNSCENT,KAO,,,,,,
4901301313171,313171,KAO BIORE U URUOI MILK SKIN CARE BODY MILK FRUIT SCENTED,KAO,,,,,,
4901417169518,169518,KRACIE NAIVE BODY WASH SOAP 530ML - PEACH LEAF EXTRACT,KRACIE,Active,,,,,
4901417169525,169525,KRACIE NAIVE BODY WASH SOAP 530ML - ALOE,KRACIE,Active,,,,,
4901417169532,169532,KRACIE NAIVE BODY WASH SOAP 530ML - REFRESH SEA CLAY,KRACIE,Active,,,,,
4987107616340,616340,DAIICHI SANKYO MINON - MOIST CHARGE LOTION I (LIGHT) 150ML,DAIICHI SANKYO,,,,,,
4987107616395,616395,DAIICHI SANKYO MINON - MOIST CHARGE LOTION II (MOIST) 150ML,DAIICHI SANKYO,,,,,,
4987107616524,616524,DAIICHI SANKYO MINON AMINO MOIST CHARGE MILK 100ML,DAIICHI SANKYO,,,,,,
4901301375520,375520,KAO LIESE PRETTIA BUBBLE HAIR COLOR COOL PINK,KAO,Active,,,,,
4901301375537,375537,KAO LIESE PRETTIA BUBBLE HAIR COLOR DEEP PURPLE,KAO,Active,,,,,
4901301375544,375544,KAO LIESE PRETTIA BUBBLE HAIR COLOR FOREST KHAKI,KAO,Noncarry,,,,,
4573267336985,336985,ITO CLEANSING TOWEL NEW 2020,ITO,,,,,,
4573267336732,336732,ITO FACIAL TOWEL 60 PIECES,ITO,Active,,,,,
4901872099573,099573,SHISEIDO ELIXIR SUPERIEUR LIFT MOIST EMULSION TI,SHISEIDO,,,,,,
4901301347152,347152,KAO FLAIR FRAGRANCE LAUNDRY FABRIC SOFTENER 570ML,KAO,,,,,,
4987188201244,201244,HISAMITSU TAPE,HISAMITSU,Sense,,,,,
4573267336824,336824,ITO COMPRESSED TOWEL,ITO,,,,,,
4531560300065,300065,AVANCE LASH SERUM EX 7ML EYELASHES GROWTH CARE & DAMAGE REPAIR,AVANCE,,,,,,
4901872864171,864171,SHISEIDO UREA BODY MILK 150ML,SHISEIDO,Noncarry,,,,,
4901872864195,864195,SHISEIDO 10% UREA HAND & LEGS CREAM 100G,SHISEIDO,,,,,,
4902508083768,083768,PIGEON - BABY LIP JELLY 7G,PIGEON,,,,,,
4902508133609,133609,PIGEON CAKES POWDER,PIGEON,,,,,,
4902508133692,133692,PIGEON HIGH CALCIUM VEGETABLE RICE CRAKCER,PIGEON,,,,,,
4902508151061,151061,PIGEON BABY NAIL SCISSORS (FOR 3 MONTHS OLD AND UP),PIGEON,,,,,,
4902561001198,001198,FUEKI YASASHII KIDS CREAM 50G,FUEKI,Active,,,,,
4903301186403,186403,LION CLINICA WHITE & WHITE TOOTHPASTE (MINT) 150G,LION,,,,,,
49325232,325232,SHISEIDO HAND CREAM 40G,SHISEIDO,,,,,,
49325256,325256,DISCONTINUED SHISEIDO MOSITURE HAND CREAM,SHISEIDO,Active,,,,,
49325263,325263,DISCONTINUED SHISEIDO MOISTURE HAND CREAM 100G,SHISEIDO,Active,,,,,
4973167823859,823859,KRACIE SUISAI BEAUTY CLEAR POWDER FACIAL WASH,KRACIE,,,,,,
4984090993175,993175,MIRACLE VEGETABLE/FRUIT CLEANER,MIRACLE,,,,,,
4987244100597,100597,Wakado Malt Extract powder,WAKODO,,,,,,
4987244163455,163455,Wakodo first baby food pureed corn 1.7g,WAKODO,,,,,,
4987244163462,163462,Pureed fish for baby,WAKODO,,,,,,
4987244163479,163479,Pureed Chicken Liver & Vegetables for baby,WAKODO,,,,,,
4987244170347,170347,Pureed Chicken & Vegetables for baby,WAKODO,,,,,,
4987244170392,170392,WAKADO 3 Varieties of Soup powder,WAKODO,,,,,,
4987244170439,170439,WAKADO Powdered Stock & Sauce 3 Varieties,WAKODO,,,,,,
4987244170729,170729,Wakodo - Nicopica Tooth Cleaner For Baby 20pcs,WAKODO,,,,,,
4987244170736,170736,ASAHI 360 degree Baby Toothbrush,WAKODO,,,,,,
4987244170743,170743,WAKADO Food Product Baby Toothbrush Finish Polishing,WAKODO,,,,,,
4987244173522,173522,Wakodo Caramel Milk tea Powder by Milk,WAKODO,,,,,,
4987244174185,174185,WAKODO - Baby Lip Cream 5g,WAKODO,,,,,,
4987244177872,177872,Wakodo starchy sauce rice bowl& Kinpira vegetable,WAKODO,,,,,,
4987244177902,177902,Kyoto Style Rice Porridge and Kyoto Style Simmered 'Tofu' & Vegetables,WAKODO,,,,,,
4987244177919,177919,WAKADO box of rice and root vegetables,WAKODO,,,,,,
4987244177926,177926,Rice with Pork & Vegetables & Miso Soup with Pork & Vegetables,WAKODO,,,,,,
4987244179128,179128,WAKODO Western Style Chicken & Fish Lunch,WAKODO,,,,,,
4987244179142,179142,WAKADO Risotto Chicken & Vegetables Lunch,WAKODO,,,,,,
4987244179159,179159,"Wakodo Baby Meal - Rice Porridge with Salmon & Spinach, Steamed Egg Custard",WAKODO,,,,,,
4987244179166,179166,Wakodo Japanese Pilaf with Tuna and Vegetables & Stewed Salmon in White Sauce,WAKODO,,,,,,
4987244179227,179227,Wakodo Baby Meal - Japanese Pilaf with Salmon & Shiitake Mushroom and Simmered Beef & Potatoes,WAKODO,,,,,,
4987244179241,179241,Wakodo Nutrition Marche Beef Okowa Lunch 90g + 80g,WAKODO,,,,,,
4987244181527,181527,Japanese Noodles with Whitebait & Seaweed,WAKODO,,,,,,
4987244181534,181534,WAKODO COOKING RICE,WAKODO,,,,,,
4987244181541,181541,Rice Porridge with Flounder & Egg,WAKODO,,,,,,
4987244181558,181558,Japanese Pilaf with Tuna & Vegetables WAKODO Goo Goo Kitchen Baby Food,WAKODO,,,,,,
4987244181626,181626,WAKADO Vegetable Egg Udon,WAKODO,,,,,,
4987244181633,181633,Japanese Fried Rice with Shirasu,WAKODO,,,,,,
4987244181855,181855,Chicken Curry Rice,WAKODO,,,,,,
4987244181879,181879,Chinese porridge with salmon & vegetable,WAKODO,,,,,,
4987244181886,181886,Simmered Chicken & Vegetables in Soybean Milk Sauce,WAKODO,,,,,,
4987244183309,183309,Toothpaste Gel for Child 40g,WAKODO,,,,,,
4987244183477,183477,Wakodo Japanese Rice Crackers with Whitebait,WAKODO,,,,,,
4987244183491,183491,Wakodo baby snack + Ca egg bolo,WAKODO,,,,,,
4987244183538,183538,Wakodo baby snack + Ca iron biscuit,WAKODO,,,,,,
4987244183583,183583,Wakodo Cheese Animal Calcium Biscuit,WAKODO,,,,,,
4987244183590,183590,Wakodo Stick Cheese Biscuits,WAKODO,,,,,,
4987244183606,183606,"Wakodo Akachan no Oyatsu +Ca, Calcium, Milk Wafers",WAKODO,,,,,,
4987244183613,183613,Wakodo Variety Pack Japanese Rice Crackers & Puffed Rice Ring Cakes,WAKODO,,,,,,
4987244183620,183620,5 Kinds of Snack Cookies & Biscuits,WAKODO,,,,,,
4987244183637,183637,WAKADO whitebait and seaweed rice crackers,WAKODO,,,,,,
4987244183644,183644,WAKADO milk biscuits,WAKODO,,,,,,
4987244183651,183651,Wakodo snack + DHA shrimp cracker 6g x 3 bags,WAKODO,,,,,,
4987244183668,183668,Wakodo DHA Black Bean Cookies,WAKODO,,,,,,
4987244183675,183675,Wakodo Tomato & Cheese Biscuits,WAKODO,,,,,,
4987244183682,183682,Wakodo snack + DHA small fish snack 4g x 3 bags,WAKODO,,,,,,
4987244183699,183699,Wakodo snack + DHA wafer yogurt flavor 1 x 8 bags,WAKODO,,,,,,
4987244183736,183736,Wakodo snack + DHA small fish rice cracker 3g x 3 bags,WAKODO,,,,,,
4987244183743,183743,Wakodo snack + DHA spinach biscuits 10g x 3 bags,WAKODO,,,,,,
4987244183750,183750,Wakodo snack + DHA soy milk cocoa cookies 2 x 6 bags,WAKODO,,,,,,
4987244183767,183767,Wakodo snack + DHA carrot & pumpkin biscuits 11.5g x 3 bags,WAKODO,,,,,,
4987244183781,183781,Wakodo snack + DHA variety pack sea rice cracker & puff,WAKODO,,,,,,
4987244183798,183798,Wakodo snack + DHA variety pack vegetables biscuits & cookies,WAKODO,,,,,,
4987244183804,183804,Wakodo snack + DHA iwashi rice cracker 6g x 4 bags,WAKODO,,,,,,
4987244183811,183811,Wakodo snack + DHA sesame rice cracker 6g x 4 bags,WAKODO,,,,,,
4987244183828,183828,Wakodo snack + DHA english biscuits 14g x 4 bags,WAKODO,,,,,,
4987244183873,183873,WAKADO Pancake Mix,WAKODO,,,,,,
4987244183880,183880,WAKADO spinach pancake mix,WAKODO,,,,,,
4987244183897,183897,WAKADO Pancake Mix Pumpkin & Sweet Potato,WAKODO,,,,,,
4987244185198,185198,"Rice Noodles Chicken, Chicken Liver and Fish Meat",WAKODO,,,,,,
4987244185211,185211,4 kinds of packs with rice mix seasoning,WAKODO,,,,,,
4987244188243,188243,WAKADO jelly drink yogurt taste,WAKODO,,,,,,
4987244192158,192158,Simmered Vegetables & Chicken in Chinese Style Sauce,WAKODO,,,,,,
4987244192165,192165,Wakado Vegetable Supplement Nutritional Salmon Root Vegetable Rice 100g,WAKODO,,,,,,
4987244192189,192189,WAKADO seafood fried rice,WAKODO,,,,,,
4987244192257,192257,Simmered Vegetables & Sea Bream in Acqua Pazza Style Soup,WAKODO,,,,,,
4987244192264,192264,Japanese Pilaf with Chicken Burdock & Vegetables,WAKODO,,,,,,
4987244192288,192288,WAKADO Tuna and Kelp Mixed Rice,WAKODO,,,,,,
4987244192332,192332,"WAKADO Tender, Fluffy and Creamy Chicken & Egg Bowl",WAKODO,,,,,,
4987244192349,192349,WAKADO Gome cooked rice 130g,WAKODO,,,,,,
4987244192363,192363,WAKADO Stewed Beef & Vegetables in Demi-Glace Style Sauce,WAKODO,,,,,,
4987244192394,192394,WAKODO SEAFOOD GOMOKU CHIN ANKAKE,WAKODO,,,,,,
4987244192417,192417,Fish Ball Soup with Vegetables,WAKODO,,,,,,
4987244192509,192509,Mixed Vegetable Rice Seasoning with Salmon & Bonito,WAKODO,,,,,,
4987244192516,192516,Seasoning for Steamed Rice - Dried Sardine & Bonito Shavings,WAKODO,,,,,,
4987244192622,192622,Powdered Japanese Starchy Sauce with Sea Bream,WAKODO,,,,,,
4987244195067,195067,WAKADO Milk shop coffee (350g),WAKODO,,,,,,
4987244195074,195074,WAKADO Milk shop royal milk tea,WAKODO,,,,,,
4953923305119,305119,POLA WHITE SHOT INNER LOCK TABLET IXS 60 TABLET,POLA,,,,,,
4953923306345,306345,POLA NEW B.A TABLET 60,POLA,,,,,,
4973167254653,254653,KATE LIQUID EYELINER BK-1,KOBAYASHI,Sense,,,,,
4901301245496,245496,KAO WARM SHEET,KAO,,,,,,
4589454370328,370328,MON LOULOU 1% SHAMPOO,MON LOULOU,,,,,,
4589454370335,370335,MON LOULOU 3% SHAMPOO,MON LOULOU,,,,,,
4589454370366,370366,MON LOULOU 3% CONDITIONER,MON LOULOU,,,,,,
4589454370373,370373,MON LOULOU 5% CONDITIONER,MON LOULOU,,,,,,
4589454370403,370403,MON LOULOU 1% BODY WASH,MON LOULOU,,,,,,
4589454370410,370410,MON LOULOU 3% BODY WASH,MON LOULOU,,,,,,
4589454370441,370441,MON LOULOU 1% FACE WASH,MON LOULOU,,,,,,
4589454370458,370458,MON LOULOU 3% FACE WASH,MON LOULOU,,,,,,
4589454370465,370465,MON LOULOU 3% BODY MIST,MON LOULOU,,,,,,
4589454370472,370472,MON LOULOU 5% BODY MIST,MON LOULOU,,,,,,
4901301259660,259660,KAO BIORE SKIN CARE FACE WASH FACIAL CLEANSER MOISTURE,KAO,,,,,,
4901301259677,259677,KAO BIORE SKIN CARE FACE WASH FACIAL CLEANSER RICH MOISTURE,KAO,,,,,,
4901301347695,347695,KAO BATH MAGICLEAN BATH DETERGENT SUPER CLEAN GREEN HERB FRAGRANCE,KAO,,,,,,
4901301347701,347701,KAO BATH MAGICLEAN BATH DETERGENT SUPER CLEAN AROMA ROSE FRAGRANCE,KAO,,,,,,
4901301347718,347718,KAO BATH MAGICLEAN BATH DETERGENT SUPER CLEAN NO FRAGRANCE,KAO,,,,,,
4901301365460,365460,KAO BATH MAGICLEAN BATH DETERGENT NO SCENT,KAO,,,,,,
4901301366795,366795,KAO BIORE THE BODY FOAM TYPE PURELY SAVON FRAGRANCE,KAO,,,,,,
4901301372512,372512,KAO BIORE U THE BODY FOAM TYPE BRILLIANT BOUQUET SCENT,KAO,,,,,,
4902508003414,003414,PIGEON NURSING BOTTLE 160ML (YELLOW),PIGEON,,,,,,
4902508003421,003421,PIGEON NURSING BOTTLE 240ML (YELLOW),PIGEON,,,,,,
4902508003438,003438,PIGEON NURSING BOTTLE 160ML (BLUE),PIGEON,,,,,,
4902508003445,003445,PIGEON NURSING BOTTLE 240ML (BLUE),PIGEON,,,,,,
4902508003452,003452,PIGEON NURSING BOTTLE 160ML (PINK),PIGEON,,,,,,
4902508003469,003469,PIGEON NURSING BOTTLE 240ML (PINK),PIGEON,,,,,,
4902508011389,011389,PIGEON NIPPLE L,PIGEON,,,,,,
4902508011396,011396,PIGEON NIPPLE LL,PIGEON,,,,,,
4903301311560,311560,LION SOFTENER AROMA RICH ROSEMARY,LION,,,,,,
4903301311584,311584,LION SOFTENER AROMA RICH LEMONGRASS,LION,,,,,,
4903301311607,311607,LION SOFTENER AROMA RICH GERANIUM,LION,,,,,,
4903301311744,311744,LION SOFTENER AROMA RICH SWEET ORANGE,LION,,,,,,
4903301311751,311751,LION SOFTENER AROMA RICH BERGAMOT,LION,,,,,,
49354645,354645,LION SMILE COSMETIC TEETH WHITENING PACK,LION,,,,,,
4956810219872,219872,KOKUBO CHARCOAL REFRIGERATOR DEODORIZER 150G (BLUE),KOKUBO,,,,,,
4956810219889,219889,KOKUBO CHARCOAL DEODORIZER FOR REFRIGERATOR VEGETABLE DRAWERS 150G (GREEN),KOKUBO,,,,,,
4956810235841,235841,KOKUBO KOKUBO SOFT SPONGE YELLOW,KOKUBO,,,,,,
4956810238248,238248,KOKUBO CAT SOFT SPONGE,KOKUBO,,,,,,
4956810802500,802500,KOKUBO CHEF TOOL SMOOTH LADLE,KOKUBO,,,,,,
4956810802555,802555,KOKUBO CHEF TOOL PERFORATED KITCHEN LADLE,KOKUBO,,,,,,
4956810802647,802647,KOKUBO BUTTER KNIFE,KOKUBO,,,,,,
4956810803224,803224,KOKUBO TRIANGULAR POT WITH HANDLE WHITE,KOKUBO,,,,,,
4956810803323,803323,KOKUBO TRIANGULAR POT WITH HANDLE GREEN,KOKUBO,,,,,,
4956810804153,804153,KOKUBO 6 X HAUS PUSH CLIPS,KOKUBO,,,,,,
4956810804306,804306,KOKUBO BUTTER STICK CASE HANDY BUTTER DISPENSER,KOKUBO,,,,,,
4971902920986,920986,KOKUBO CITRIC ACID POT DETENGENT,KOKUBO,,,,,,
4971902921402,921402,KOKUBO SOAP BAR BLUE,KOKUBO,,,,,,
4971902921419,921419,KOKUBO SOAP BAR ORANGE,KOKUBO,,,,,,
4971902921709,921709,KOKUBO BOTTLE DETENGENT,KOKUBO,,,,,,
4987009157286,157286,PITTA MASK REGULAR WHITE,PITTA,,,,,,
4987009157293,157293,PITTA MASK REGULAR GRAY,PITTA,,,,,,
4987009157330,157330,PITTA MASK REGULAR PINK,PITTA,Noncarry,,,,,
4903111242610,242610,UNICHARM MOONY MAN PANTS M SIZE (46 UNITS),UNICHARM,,,,,,
4903111243150,243150,UNICHARM MOONY BOY PANTS BIG SIZE (32 UNITS),UNICHARM,Order,,,,,
4973167446928,446928,"LUNASOL Three-Dimensional Eyes 02 Soft Beige, 4g",,,,,,,
4901234303614,303614,UTENA LAVENDER GOLDEN JELLY MASK 3PCS,UTENA,,,,,,
4953923307908,307908,POLA WRINKLE SHOT SEASON SPECIAL KIT,POLA,,,,,,
4953923308059,308059,POLA B.A FACIAL WASH NEW,POLA,Active,,,,,
4560401460361,460361,QUALITY FIRST QUEEN'S PREMIUM MASK PORES TIGHTENING MASK 5 PIECES,QUALITY FIRST,,,,,,
4961503571809,571809,LORETTA BASE CARE OIL HAIR TREATMENT 120 ML,LORETTA,Active,,,,,
4969527162829,162829,ALBION EXAGE MOIST ADVANCE MILK II 200G,ALBION,,,,,,
4969527178318,178318,ALBION EXAGE WHITE PURE WHITE RISE MILK - II,ALBION,,,,,,
4979006092813,092813,SKII FACIAL TREATMENT ESSENCE SKIN CARE BOX SET,SKII,,,,,,
4968909006782,006782,UYEKI ANTI-MITES BED SHEET AND PILLOW COVER,UYEKI,,,,,,
4968909061200,061200,UYEKI MITE REPELLENT STERILIZATION SPRAY 250ML,UYEKI,,,,,,
4973167476093,476093,"Kanebo Lunasol ""star Shower Eyes"" Eye Shadow 05 Close Of Night With Tracking",,,,,,,
4968909061408,061408,UYEKI ANTI-MITES LIQUID LAUNDRY DETERGENT 500ML,UYEKI,Noncarry,,,,,
4968909061804,061804,UYEKI MITE REPELLENT STERILIZATION SPRAY - W CARE 250ML,UYEKI,,,,,,
4968909068100,068100,UYEKI CLEANSING PAD FOR MICROWAVE OVEN 5PCS,UYEKI,,,,,,
4517466002500,002500,LEUNGESSMORE SKIN TIGHTENING CARE MASK,LEUNGESSMORE,,,,,,
4517466002517,002517,LEUNGESSMORE BRILLIANT SKIN CARE MASK,LEUNGESSMORE,,,,,,
4517466002524,002524,LEUNGESS MORE SKIN REVITAL MASK,LEUNGESSMORE,,,,,,
4517466002531,002531,LEUNGESS MORE ROYAL RUBY MOISTURE MASK,LEUNGESSMORE,,,,,,
4953923303375,303375,POLA GLOWING SHOT SHAMPOO,POLA,Active,,,,,
4953923303399,303399,POLA GLOWING SHOT CONDITIONER,POLA,Active,,,,,
4953923306529,306529,POLA SPARKLING BOUQUET BODY SHAMPOO 500ML,POLA,Noncarry,,,,,
4953923332580,332580,POLA SAKURA GARDEN BODY SHAMPOO,POLA,Noncarry,,,,,
4953923339398,339398,POLA FORM SHAMPOO,POLA,Active,,,,,
4953923339404,339404,POLA FORM CONDITIONER AIRY,POLA,Noncarry,,,,,
4953923339411,339411,POLA FORM CONDITIONER SMOOTH,POLA,Noncarry,,,,,
6944527436895,436895,SKG MINI BODY MASSAGER F3-EN GREEN,SKG,,,,,,
6944527436765,436765,SKG MINI BODY MASSAGER F3-EN RED,SKG,,,,,,
6944527435980,435980,SKG NECK MASSAGER 4098-WHITE,SKG,,,,,,
6944527435973,435973,SKG NECK MASSAGER 4098-RED (TOP GRADE),SKG,,,,,,
6944527437151,437151,SKG MINI BODY MASSAGER F3-EN GRAY,SKG,,,,,,
6944527437120,437120,SKG NECK MASSAGER K5-2 GREEN,SKG,,,,,,
6944527436468,436468,SKG NECK MASSAGER K6 BLUE,SKG,,,,,,
6927999300529,300529,FUQING FUNCTIONAL MASK LIMITED EDITION,FUQING,,,,,,
4560401460347,460347,QUALITY FIRST QUEEN'S PREMIUM MOISTURIZING MASK,QUALITY FIRST,,,,,,
4560401460354,460354,QUALITY FIRST QUEEN'S PREMIUM WHITE MASK,QUALITY FIRST,,,,,,
4901559220610,220610,HAKUGEN EARTH BATH LAB PEACE INN,HAKUGEN EARTH,Noncarry,,,,,
4901559220665,220665,HAKUGEN EARTH BATH LAB WARMTH INN,HAKUGEN EARTH,Noncarry,,,,,
4901559220740,220740,HAKUGEN EARTH BATH LAB AROMATIC INN,HAKUGEN EARTH,Noncarry,,,,,
4901559220795,220795,HAKUGEN EARTH BATH LAB SOFTENING INN,HAKUGEN EARTH,Noncarry,,,,,
4901559224724,224724,HAKUGEN EARTH BATH LAB BOTTLE RICH FRAGRANCE OF PEACH,HAKUGEN EARTH,,,,,,
4901559225882,225882,HAKUGEN EARTH BATH LAB BOTTLE RICH FRAGRANCE OF FOREST,HAKUGEN EARTH,,,,,,
4902806314946,314946,MANDOM BIFESTA WATER CLEANSING EYE MAKEUP REMOVER 145 ML,MANDOM,Active,,,,,
4971710387278,387278,KOSE CLEAR TURN PREMIUM ROYAL JELLY & COLLAGEN FACE MASK 4 SHEETS,KOSE,,,,,,
4971710387308,387308,KOSE CLEAR TURN PREMIUM ROYAL JELLY & HYALURONIC ACID FACE MASK 4 SHEETS,KOSE,Order,,,,,
4971710392340,392340,KOSE COSMEPORT CLEARTURN PREMIUM JELLY MASK RICE (4 PIECES),KOSE,,,,,,
4971902087870,087870,KIYOU JOCHUGIKU BATH SALT MILKY BATH PEKO-CHAN BOTTLE VANILLA MILK SCENT 700G,KIYOU JOCHUGIKU,Noncarry,,,,,
4971902087887,087887,KIYOU JOCHUGIKU MILKY BATH FRAGRANCE OF BANANA MILK,KIYOU JOCHUGIKU,Noncarry,,,,,
4513574012752,012752,KUMANO KUMANOYUSHI HORSE OIL NON-SILICON SHAMPOO,KUMANO,Active,,,,,
4513574012769,012769,KUMANO KUMANOYUSHI HORSE OIL CONDITIONER 600ML,KUMANO,Active,,,,,
4544877506549,506549,SPA RED TREATMENT HAS STRETCH I SHEET 60PCS EYES TREATMENT MASK,SPA,,,,,,
4544877509809,509809,SPA BLUE TREATMENT NMN STRETCH I SHEET 60PCS EYES TREATMENT MASK,SPA,Noncarry,,,,,
4901301363718,363718,KAO LIESE PRETTIA BUBBLE HAIR COLOR SOFT GREIGE,KAO,Active,,,,,
4901872462087,462087,SHISEIDO SENKA PERFECT WHIP COLLAGEN IN FACIAL FOAM CLEANSER 120G,SHISEIDO,,,,,,
4902508084482,084482,PIGEON BABY FOAMING SHAMPOO 350ML,PIGEON,Active,,,,,
4902508084505,084505,PIGEON FOAM SHAMPOO BOTTLE FLOWER SCENT 350ML,PIGEON,Active,,,,,
4902508084116,084116,PIGEON BUBBLE SOAP (LEAVES OF PEACH) 450ML,PIGEON,Active,,,,,
4966680245741,245741,PROPOLINSE PROPOLIS HONEY ORAL WASH (600ML),PROPOLINSE,Active,,,,,
4966680247103,247103,PROPOLINSE MOUTHWASH (GREEN TEA) 600ML,PROPOLINSE,Active,,,,,
4987036412631,412631,OMI MENTURM MENTURM STICK LIP BURM 5G,OMI,Active,,,,,
8809437397576,397576,3CE SOFT LIP LACQUER #TAWNY RED,3CE,,,,,,
8809437397590,397590,3CE SOFT LIP LACQUER #CHANGE MODE,3CE,,,,,,
8809664981111,981111,3CE SLIM VELVET LIP COLOR #FLUFFY RED (R),3CE,,,,,,
8809664981128,981128,3CE SLIM VELVET LIP COLOR #PLAIN (R),3CE,,,,,,
8809664981135,981135,3CE SLIM VELVET LIP COLOR #SIMPLE STAY (R),3CE,,,,,,
6589125478931,478931,SKG NECK MASSAGER K6 BLUE + SKG MINI BODY MASSAGER F3-EN GRAY,SKG,,,,,,
6589125478948,478948,SKG NECK MASSAGER 4098-RED (TOP GRADE) + SKG MINI BODY MASSAGER F3-EN GRAY,SKG,,,,,,
6589125478955,478955,SKG NECK MASSAGER 4098-WHITE + SKG MINI BODY MASSAGER F3-EN GRAY,SKG,,,,,,
4901609009516,009516,JOHNSON TOILET DETERGENT,JOHNSON,,,,,,
49031112076714903111110209,110209,UNICHARM MOONY TRAINING PANTS FOR BOYS PANTS STYLE - XL (12-17KG 38PC),UNICHARM,Noncarry,,,,,
49031112080984903111110438,110438,UNICHARM MOONY TRAINING PANTS FOR GIRLS PANTS STYLE - XL (12-17KG 38PC),UNICHARM,Noncarry,,,,,
4903111211098,211098,UNICHARM MOONY PANTS SIZE XXL 26PK BOY (13-28KG),UNICHARM,,,,,,
4903111211654,211654,UNICHARM MOONY PANTS SIZE XXL 26PK GIRL (13-28KG),UNICHARM,,,,,,
4903111239887,239887,UNICHARM MOONY NATURAL DIAPER TAPE STYLE NB (0-5KG 63PC),UNICHARM,,,,,,
4903111241149,241149,UNICHARM MOONY NATURAL NAPPIES SIZE S 58PK (4-8KG),UNICHARM,,,,,,
4903111241439,241439,UNICHARM MOONY NATURAL NAPPIES SIZE M 46PK (6-11KG),UNICHARM,,,,,,
4903111242030,242030,UNICHARM MOONY NATURAL DIAPER TAPE STYLE - L (38PC),UNICHARM,,,,,,
4987009157309,157309,PITTA MASK REGULAR LIGHT GRAY,PITTA,,,,,,
4987009157316,157316,PITTA MASK REGULAR NAVY,PITTA,Noncarry,,,,,
4987009157323,157323,PITTA MASK REGULAR GREEN,PITTA,Noncarry,,,,,
4987072061756,061756,KOBAYASHI SNEAKERS FOR STERILIZATION DEODORANT,KOBAYASHI,Active,,,,,
4987241127054,127054,ROHTO HADALABO SUPER HYALURONIC ACID MOISTURIZING MILKY LOTION,ROHTO,Active,,,,,
4987241145607,145607,ROHTO HADALABO GOKUJYUN HYALURON FOAMING CLEANSER (100G),ROHTO,Active,,,,,
4987241145614,145614,DISCONTINUED ROHTO HADALABO ROHTO GOKUJYN HYALURONIC ACID CLEANSING FOAM 160ML,ROHTO,Active,,,,,
4987241145638,145638,Rohto Hadalabo Gokujyun fluffy whipping cream Pearl barley Facial foam 160ml,,,,,,,
4987241171255,171255,ROHTO HADALABO GOKUJYUN ALPHA TONER HYALURONIC ACID COLLAGEN ELASTIN,ROHTO,Active,,,,,
4987241148493,148493,ROHTO HADALABO GOKUJYUN Α FIRMING MOISTURE TYPE 170ML,ROHTO,,,,,,
4987241148516,148516,ROHTO HADALABO GOKUJYUN ALPHA EMULSION 140ML 3D HYALURONIC ACID COLLAGEN,ROHTO,,,,,,
4987241148608/4987241171316,171316,[OUTDATED] ROHTO HADALABO GOKUJYUN ALPHA ANTI-AGING LIFT CREAM 50G,ROHTO,,,,,,
4987241150397,150397,Rohto Hada Labo Gokujyun Pearl Barley Facial Foam 100g,,,,,,,
4987241155712,155712,ROHTO HADALABO GOKUJYUN HYDRATING HYALURONIC-ACID HYDRATION LOTION 170ML,ROHTO,Active,,,,,
4987241155736,155736,ROHTO HADALABO HADALABO GOKUJYUN SUPER HYALURONIC ACID LOTION 170ML,ROHTO,Active,,,,,
4987241155774,155774,ROHTO HADALABO GOKUJYUN COLLAGEN & HYALURONIC ACID PERFECT GEL 100G,ROHTO,Active,,,,,
4987241157563,157563,Rohto Hada Labo Shirojyun Arbutin Lotion Moist 170ml,,,,,,,
4987241157587,157587,Rohto Hadalabo Shirojyun Arbutin Milk 140ml,,,,,,,
4987241157600,157600,Rohto Hada Labo Gokujun Whitening Gel,,,,,,,
4987241167012,167012,ROHTO HADALABO GOKUJUN PREMIUM HYALURONIC ACID ESSENCE 170ML,ROHTO,Active,,,,,
4987241167029,167029,ROHTO HADALABO GOKUJUN PREMIUM HYALURONIC EMULSION 140ML,ROHTO,Active,,,,,
4987241167036,167036,ROHTO HADALABO GOKUJUN PREMIUM HYALURONIC CREAM 50G,ROHTO,Active,,,,,
4991560776411,776411,ADERANS OIL CONTROL FOR MEN 370ML,ADERANS,,,,,,
4991560776428,776428,ADERANS MOISTURIZING FOR MEN 370ML,ADERANS,,,,,,
4991560776435,776435,ADERANS HAIR TREATMENT FOR MEN 370 ML,ADERANS,,,,,,
4991560776459,776459,ADERANS HAIR NOURISHING AGENT 120 ML,ADERANS,,,,,,
4991560809331,809331,ADERANS VOLUME CONTROL SHAMPOO EX 370ML,ADERANS,,,,,,
4991560809348,809348,ADERANS MOISTURE CONTROL SHAMPOO EX 370ML,ADERANS,,,,,,
4991560809355,809355,ADERANS VOLUME CONTROL TREATMENT EX 370ML,ADERANS,,,,,,
4991560809362,809362,ADERANS MOISTURE CONTROL TREATMENT EX 370ML,ADERANS,,,,,,
4991560809393,809393,ADERANS HAIR TREATMENT EX 120ML,ADERANS,,,,,,
4560364938884,938884,MICHE BLOOMIN FALSE EYELASHES NO. 1 PURE RICH,MICHE BLOOMIN,,,,,,
4560364938921,938921,MICHE BLOOMIN FALSE EYELASHES NO. 5 GIRLY WINK,MICHE BLOOMIN,,,,,,
4560364938945,938945,MICHE BLOOMIN FALSE EYELASHES NO. 7 GIRLY CATS,MICHE BLOOMIN,,,,,,
4560364938822,938822,MICHE BLOOMIN FALSE EYELASHES NO. 18 GIRLY MIX,MICHE BLOOMIN,,,,,,
4560364938969,938969,MICHE BLOOMIN FALSE EYELASHES NO. 9 NUDY BROWN,MICHE BLOOMIN,,,,,,
4560364938976,938976,MICHE BLOOMIN FALSE EYELASHES NO. 10 NATRAL BROWN,MICHE BLOOMIN,,,,,,
4560364938983,938983,MICHE BLOOMIN FALSE EYELASHES NO. 11 LITTLE BROWN,MICHE BLOOMIN,,,,,,
4560364938990,938990,MICHE BLOOMIN FALSE EYELASHES NO. 12 SWEET BROWN,MICHE BLOOMIN,,,,,,
4560364938617,938617,MICHE BLOOMIN FALSE EYELASHES NO. 25 NATURAL LADY WING,MICHE BLOOMIN,,,,,,
4560364938235,938235,MICHE BLOOMIN FALSE EYELASHES NO. 29 GLAMOROUS SEXY,MICHE BLOOMIN,,,,,,
4560364938242,938242,MICHE BLOOMIN FALSE EYELASHES NO. 30 GLAMOROUS DOLLY,MICHE BLOOMIN,,,,,,
4560364939010,939010,MICHE BLOOMIN EYELASH GLUE,MICHE BLOOMIN,,,,,,
4560364938167,938167,MICHE BLOOMIN MASCARA - PURE BLACK,MICHE BLOOMIN,,,,,,
4560364938174,938174,MICHE BLOOMIN MASCARA - FEMININE BROWN,MICHE BLOOMIN,,,,,,
4560364938181,938181,MICHE BLOOMIN LIQUID EYELINER - PURE BLACK,MICHE BLOOMIN,,,,,,
4560364938198,938198,MICHE BLOOMIN LIQUID EYELINER - FEMININE BROWN,MICHE BLOOMIN,,,,,,
4560364938204,938204,MICHE BLOOMIN GEL EYELINER - PURE BLACK,MICHE BLOOMIN,,,,,,
4560364938211,938211,MICHE BLOOMIN GEL EYELINER - FEMININE BROWN,MICHE BLOOMIN,,,,,,
45604131503804560413153084,153084,AXXZIA BEAUTY EYES ESSENCE SHEET,AXXZIA,Noncarry,,,,,
4901301335173,335173,KAO JAPAN ATTACK ANTIBACTERIAL EX SUPER CLEAR GEL LIQUID LAUNDRY DETERGENT 900G,KAO,,,,,,
4901301361691,361691,KAO NIVEA ANGEL SKIN BODY WASH CASSIS & HERB 480ML,KAO,,,,,,
4901301361707,361707,KAO NIVEA ANGEL SKIN BODY WASH SAVON & BOUQUET 480ML,KAO,,,,,,
4901301361714,361714,KAO NIVEA ANGEL SKIN BODY WASH FLOWER & PEACH 480ML,KAO,,,,,,
4901301384621,384621,KAO MEGRHYTHM HEALTH CARE STEAM WARM EYE MASK FOREST,KAO,Active,,,,,
4901525008259,008259,作废 COW BOUNCIA BODY SOAP,COW,,,,,,
4901525008280,008280,作废 COW BOUNCIA BODY SOAP ELEGANT RELAX,COW,,,,,,
4901548160132,160132,KOBAYASHI KIRIBAI POCKET WARMER HAND WARMER,KOBAYASHI,,,,,,
4901548160675,160675,[INVALID] KOBAYASHI KIRIBAI KAIRO HEAT PAD BODY WARMER PATCH 14 HOURS KEEP WARM,KOBAYASHI,,,,,,
4901548162884,162884,KOBAYASHI KIRIBAI HALF-SIZE ADHESIVE WARMER FOR SOCKS,KOBAYASHI,,,,,,
4901548162891,162891,KOBAYASHI KIRIBAI HALF-SIZE ADHESIVE WARMER FOR SOCKS BLACK,KOBAYASHI,,,,,,
4901548240148,240148,KOBAYASHI KIRIBAI MINI KAIRO DISPOSABLE HEATING PAD 30PCS,KOBAYASHI,,,,,,
4901548601185,601185,KOBAYASHI KIRIBAI SHOULDER WARMER STICKERS,KOBAYASHI,,,,,,
4901548602670,602670,[OUTDATED] KOBAYASHI KIRIBAI HEATING PAD 10 PCS,KOBAYASHI,,,,,,
4901872469765,469765,SHISEIDO TSUBAKI PREMIUM MOIST SHAMPOO AND CONDITIONER,SHISEIDO,,,,,,
4901872469772,469772,SHISEIDO TSUBAKI PREMIUM REPAIR SHAMPOO AND CONDITIONER,SHISEIDO,,,,,,
4901872836246,836246,SHISEIDO KUYURA BODY CARE SOAP 550ML HERBAL FRAGRANCE,SHISEIDO,,,,,,
4901872836253,836253,SHISEIDO KUYURA BODY CARE SOAP 550ML FLORAL BOUQUET,SHISEIDO,,,,,,
4903301306375,306375,LION NANOX SUPER CLEAN LANDRY DETERGENT,LION,,,,,,
4936201104581,104581,C-ROLAND HAIR THE PROTEIN SHAMPOO 460ML,C-ROLAND,,,,,,
4936201104598,104598,C-ROLAND HAIR THE PROTEIN CONDITIONER 460ML,C-ROLAND,,,,,,
4987067323807,323807,KOWA VANTELIN KNEE SUPPORT THERMAL SUPPORTER LL SIZE,KOWA,Noncarry,,,,,
4987067463909,463909,KOWA VANTELIN KNEE SUPPORT THERMAL SUPPORTER L SIZE,KOWA,Active,,,,,
863112,863112,"Aloha Loungewear ""Hanten"" hibiscus (pink)",,,,,,,
863129,863129,"Aloha Loungewear ""Hanten"" hibiscus (black)",,,,,,,
863136,863136,"Aloha Loungewear ""Hanten"" hibiscus (white)",,,,,,,
863143,863143,"Aloha Loungewear ""Hanten"" hibiscus (yellow)",,,,,,,
4560364938693,938693,MICHE BLOOMIN FALSE EYELASHES NO. 14 LADY POINT,MICHE BLOOMIN,,,,,,
4987167007263,007263,NICHIBAN ROIHI TSUBOKO PAIN RELIEF PATCHES,NICHIBAN,Sense,,,,,
6970245160477,160477,GX P01 Green,GX,,,,,,
4987084300775,300775,SANTEN BEAUTEYE CONTACT EYE DROPS ROSE,SANTEN,,,,,,
4987084410979,410979,SANTEN SANTE BEAUTEYE ADVANCED ANTI-AGING JAPANESE EYE DROPS 12ML,SANTEN,,,,,,
4534551107308,107308,[OUTDATED] HABA HARBOR WHITE LADY FACIAL SERUM (30ML),HABA,,,,,,
4987072066447,066447,KOBAYASHI LAUNDRY DETERGENT - KOBAYASHI LINGERIE SOAP,KOBAYASHI,,,,,,
4515061088875,088875,BCL - MOMOPURI JELLY MASK,BCL,Noncarry,,,,,
4589514850012,850012,MAPUTI BODY CREAM SKIN CARE,MAPUTI,,,,,,
4991936257353,257353,HONYARADOH NEMUNE BATH POWDER- LAVENDER (20G),HONYARADOH,,,,,,
4991936257360,257360,HONYARADOH NEMUNE BATH POWDER- CITRUS (20G),HONYARADOH,,,,,,
4991936314049,314049,HONYARADOH NEMUNE APPRECIATION & BATH POWDER SET- CITRUS (20G X 5),HONYARADOH,,,,,,
4991936383151,383151,HONYARADOH HOT & COOL EYE PILLOW- OPEN EYES- SHIBA (22.5X11X2.5CM),HONYARADOH,,,,,,
4991936383168,383168,HONYARADOH HOT & COOL EYE PILLOW- OPEN EYES- KITTEN (22.5X11X2.5CM),HONYARADOH,,,,,,
4991936383175,383175,HONYARADOH HOT & COOL EYE PILLOW- OPEN EYES PANDA (22.5X11X2.5CM),HONYARADOH,,,,,,
4991936314292,314292,HONYARADOH HOKKURUMI BATH GIFT- SHIBAZUKIN (20G X 3),HONYARADOH,,,,,,
4991936970207,970207,HONYARADOH SHOE SILICON COVER- WHITE (170G),HONYARADOH,,,,,,
4991936970214,970214,HONYARADOH SHOE SILICON COVER- GREY (170G),HONYARADOH,,,,,,
4991936970221,970221,HONYARADOH SHOE SILICON COVER- BLACK (170G),HONYARADOH,,,,,,
4991936881572,881572,HONYARADOH MR.NUKUIMIZU HAND & NAIL CREAM,HONYARADOH,,,,,,
4547691765772,765772,OKAMOTO 001 RICH LUBRICANT POLYURETHANE CONDOM,OKAMOTO,Sense,,,,,
4547691775122,775122,OKAMOTO ZERO ONE 0.01MM L SIZE,OKAMOTO,Sense,,,,,
6944527436833,436833,SKG E3 EYE MASSAGER,SKG,,,,,,
4979006092646,092646,SKII FACIAL TREATMENT ESSENCE NEW YEAR KIT,SKII,,,,,,
4987072011225,011225,KOBAYASHI LIQUID BANDAGE,KOBAYASHI,,,,,,
4987306019515,019515,TAISHO CANKER SORE KOUNAIEN PATCH TYPE,,,,,,,
4987306019508,019508,Stomatitis Patch Taisho Quick Care 10 pieces,,,,,,,
4987316018775,018775,SATO NAZAL METERED DOSE NASAL OF SMALL SPRAY ALLERGY 30ML,SATO,Noncarry,,,,,
6944527437113,437113,SKG NECK MASSAGER K5-2 RED,SKG,,,,,,
4908049551094,551094,FANCL AGING CARE WASHING CREAM 90G,FANCL,,,,,,
4909978999209,999209,SHISEIDO ELIXIR LIFITING MOISTURE LOTION EMULTION SET,SHISEIDO,,,,,,
4953923307885,307885,POLA HAND CREAM LIMITED EDITION,POLA,,,,,,
4979006068573,068573,SKII GENOPTICS AURA ESSENCE 30ML,SKII,,,,,,
4511413302163,302163,DHC LIP CREAM,DHC,Active,,,,,
4547691782397,782397,OKAMOTO CONDOMS 0.01 ZERO ONE LOTION 200G - HARD TYPE,OKAMOTO,Sense,,,,,
4547691734259,734259,OKAMOTO 002 3 PIECES,OKAMOTO,Sense,,,,,
45142549718884514254212066,212066,SHISEIDO CLE DE PEAU BEAUTE VOIR CORRECTEUR,SHISEIDO,Active,,,,,
4562248590553,590553,THREE BALANCING CLEANSING OIL,THREE,,,,,,
4909978110499,110499,SHISEIDO AQUA LABEL SPECIAL GEL CREAM N,SHISEIDO,,,,,,
4973167927557,927557,KRACIE MILANO COLLECTION MILANO COLLECTION FACE UP POWDER 2021 GR 30G,KRACIE,,,,,,
4973167933428,933428,SUQQU THE CREAM FOUNDATION #110 SPF25,SUQQU,,,,,,
4977369610118,610118,DAILY AROMA YUZU MULTI BALM,DAILY AROMA,Noncarry,,,,,
GD-P01-VG,P01-VG,GX P01 van Gogh,GX,,,,,,
4973167682425,682425,Lunasol Sparkling Eyes 01,,,,,,,
4544877509670,509670,SPA TREATMENT STRETCH EYE SHEET SAKURA,SPA,,,,,,
4979006094794,094794,SKII FACIAL TREATMENT ESSENCE 2021 SAKURA EDITION,SKII,,,,,,
6944527437182,437182,SKG F5 MASSAGE GUN WHITE,SKG,,,,,,
6944527438004,438004,SKG F5 MASSAGE BALL,SKG,,,,,,
4987241135646,135646,ROHTO LYCEE CONTACT EYE DROPS,ROHTO,Noncarry,,,,,
4903335102738,102738,DejavuLasting Fine Liquid Eyeliner,,,,,,,
4987306001299,001299,TAISHO IRIS ANTIBIOTIC EYE DROPS 0.4ML X 18,TAISHO,Noncarry,,,,,
4973167910368,910368,KRACIE ALLIE NUANCE CHANGE UV GEL 03 SAKURA EDITION,KRACIE,,,,,,
4901301333360,333360,KAO BIORE WATERY ESSENCE MILK,KAO,,,,,,
4953923303740,303740,POLA WHITE SHOT INNER LOCK LIQUID 30ML X 10,POLA,,,,,,
4582267392006,392006,BOTANIST BOTANICAL BODY WASH MOIST ROSE & WHITE PEACH 490ML,BOTANIST,,,,,,
4582267392013,392013,BOTANIST BOTANICAL BODY SOAP LIGHT CASSIS & LEAF GREEN 490ML,BOTANIST,,,,,,
4582267393942,393942,BOTANIST BOTANICAL BODY SOAP MOIST ORANGE & PEONY 490ML,BOTANIST,,,,,,
4582267398879,398879,BOTANIST BOTANICAL BODY SOAP DEEP MOIST 490ML,BOTANIST,,,,,,
4901301373724,373724,KAO CAPE NATURAL & KEEP HAIR SPRAY,KAO,,,,,,
4901301373762,373762,KAO CAPE 3D EXTRA KEEP HAIR SPRAY,KAO,Active,,,,,
4901301373779,373779,KAO CAPE SOFT HAIR SPRAY,KAO,,,,,,
4901616010574,010574,SUNSTAR ORA2 PREMIUM BREATH FRAGRANCE MOUTHWASH - FRUITY FLORAL,SUNSTAR,,,,,,
4901616010581,010581,SUNSTAR ORA2 PREMIUM BREATH FRAGRANCE MOUTHWASH - AQUATIC CITRUS,SUNSTAR,,,,,,
4901616010932,010932,SUNSTAR ORA2 ME BREATH&STAIN CLEAR MOUTHWASH - NATURAL MINT,SUNSTAR,Sense,,,,,
4901616010949,010949,SUNSTAR ORA2 ME BREATH&STAIN CLEAR MOUTHWASH - PEACH LEAF MINT,SUNSTAR,Sense,,,,,
4901616010956,010956,SUNSTAR ORA2 ME BREATH&STAIN CLEAR MOUTHWASH - FLORAL WHITE TEA,SUNSTAR,Sense,,,,,
4901417787071,787071,KRACIE ICHIKAMI SMOOTHING HAIR SET 2020,KRACIE,,,,,,
4901417787088,787088,KRACIE ICHIKAMI MOISTURIZING HAIR SET 2020,KRACIE,,,,,,
4901417787095,787095,KRACIE ICHIKAMI AIRY&SILKY HAIR SET 2020,KRACIE,,,,,,
4902011842159,842159,GOON PLUS SENSITIVE SKIN DESIGN TAPE FOR NEWBORNS,ELLEAIR,,,,,,
4902011842166,842166,GOON PLUS SENSITIVE SKIN DIAPER TAPE S,ELLEAIR,,,,,,
4902011842173,842173,GOON PLUS SENSITIVE SKIN DIAPER TAPE M,ELLEAIR,,,,,,
4902011842180,842180,GOON PLUS SENSITIVE SKIN DIAPER TAPE L,ELLEAIR,,,,,,
4903335695551,695551,NATURIE SKIN CONDITIONING GEL,NATURIE,Active,,,,,
4904651181544,181544,DARIYA SALON DE PRO THE CREAM HAIR COLOR 4 LIGHT BROWN,DARIYA,,,,,,
4904651181551,181551,DARIYA SALON DE PRO THE CREAM HAIR COLOR 5 BROWN,DARIYA,,,,,,
4904651181568,181568,DARIYA SALON DE PRO THE CREAM HAIR COLOR 6 DARK BROWN,DARIYA,,,,,,
4904651181575,181575,DARIYA SALON DE PRO THE CREAM HAIR COLOR 7 DEEP DARK BROWN,DARIYA,,,,,,
4964596402364,402364,SANA NAMERAKA ISOFLAVONE Q10 FACIAL WASH,SANA,Noncarry,,,,,
4964596402371,402371,SANA NAMERAKA ISOFLAVONE Q10 LOTION,SANA,Noncarry,,,,,
4964596402388,402388,SANA NAMERAKA ISOFLAVONE Q10 MILK LOTION,SANA,Noncarry,,,,,
4964596402395,402395,SANA NAMERAKA ISOFLAVONE Q10 CREAM,SANA,Noncarry,,,,,
4964596413322,413322,[OUTDATED] SANA NAMERAKA EXTRA MOISTURE SKIN LOTION,SANA,,,,,,
4964596701115,701115,SANA NAMERAKA CLEANSING MOIST FACIAL WASH,SANA,Active,,,,,
4964596416194,416194,SANA SMOOTH HONPO WATER CLEANSING,SANA,Noncarry,,,,,
4964596417221,417221,作废 SANA NEW BORN BROW B2- GRAYISH BROWN,SANA,Noncarry,,,,,
4964596417252,417252,（作废）SANA NEW BORN BROW B5- HONEY BROWN,SANA,Noncarry,,,,,
4964596417269,417269,作废 SANA NEW BORN BROW B6- NATURAL BROWN,SANA,Noncarry,,,,,
4964596417276,417276,SANA NEW BORN BROW B7- CHESTNUT BROWN,SANA,Noncarry,,,,,
4964596417283,417283,SANA NEW BORN BROW B8- ASH BROWN,SANA,Noncarry,,,,,
4964596418891,418891,SANA NEW BORN BROW B9- CAMEL BROWN,SANA,Noncarry,,,,,
4964596418907,418907,作废 SANA NEW BORN BROW B10- ROYAL BROWN,SANA,Noncarry,,,,,
4964596420917,420917,SANA BODY REFINING LOTION,SANA,Active,,,,,
4964596425936,425936,SANA ESTENY BODY REFINING SOAP,SANA,,,,,,
4964596425943,425943,SANA ESTENY BODY REFINING MIST,SANA,Sense,,,,,
4964596440380,440380,[OUTDATED] SANA NAMERAKA ISOFLAVONE CLEANSING FOAM,SANA,,,,,,
4964596447907,447907,SANA SOYBEAN MILK 6IN1 MOISTURIZING,SANA,Active,,,,,
4964596457005,457005,SANA ISOFLAVONE MAKEUP CLEANSING,SANA,Noncarry,,,,,
4964596457326,457326,SANA NAMERAKA ISOFLAVONE FACIAL ESSENCE,SANA,,,,,,
4964596457814,457814,SANA SOYA FACIAL WASH,SANA,,,,,,
4964596457821,457821,SANA SOYA LOTION,SANA,,,,,,
4964596457838,457838,SANA SOYA MOISTURE LOTION,SANA,,,,,,
4964596701153,701153,SANA SOYA MOISTURE MILK (旧4964596457845),SANA,Active,,,,,
4964596457852,457852,作废 SANA NAMERAKA ISOFLAVONE CREAM,SANA,,,,,,
4964596467912,467912,SANA NEW BORN BROW B11- BITTER BROWN,SANA,Noncarry,,,,,
4964596469541,469541,SANA NAMERAKA ALL IN ONE GEL ENRICH,SANA,Active,,,,,
4964596483783,483783,SANA EYE CREAM,SANA,Active,,,,,
4964596484674,484674,SANA NAMERAKA WRINKLE CREAM,SANA,Active,,,,,
4964596485763,485763,SANA NAMERAKA WRINKLE TONER,SANA,Active,,,,,
4964596485770,485770,SANA NAMERAKA WRINKLE EMULSION,SANA,Active,,,,,
4964596485787,485787,SANA WRINKLE LIFTING NT CREAM,SANA,Active,,,,,
4964596485794,485794,SANA NAMERAKA ISOFLAVONE WRINKLE EYE CRM,SANA,Active,,,,,
4964596700231,700231,SANA NAMERAKA ISOFLAVONE WN FACIAL WASH,,,,,,,
4964596700248,700248,SANA MIST TONER,,,,,,,
4964596700255,700255,SANA NAMERAKA ESSENCE,,,,,,,
4964596700262,700262,SANA NAMERAKA SPOTS TREATMEN,,,,,,,
4964596700279,700279,SANA ALL IN ONE,,,,,,,
4964596700521,700521,SANA PORE AGING CARE CLEANSING FACE WASH,SANA,Active,,,,,
4987205310485,310485,HOYU BEAUTYLABO WHIP HAIR COLOR - CREAMY CAPPUCCINO,HOYU,,,,,,
4987205310492,310492,HOYU BEAUTYLABO WHIP HAIR COLOR - SWEET BROWN,HOYU,,,,,,
4987205310515,310515,HOYU BEAUTYLABO WHIP HAIR COLOR - BITTER CHOCOLATE,HOYU,,,,,,
4987205310553,310553,HOYU BEAUTYLABO WHIP HAIR COLOR - SAKURA PINK,HOYU,,,,,,
4987205310560,310560,HOYU BEAUTYLABO WHIP HAIR COLOR - MYSTERIOUS,HOYU,,,,,,
4987205310621,310621,HOYU BEAUTYLABO WHIP HAIR COLOR - SWEET GREIGE,HOYU,,,,,,
4987205310645,310645,HOYU BEAUTYLABO WHIP HAIR COLOR - BABY OLIVE,HOYU,,,,,,
4987205310690,310690,HOYU BEAUTYLABO WHIP HAIR COLOR - DUSTY PINK,HOYU,,,,,,
4987205310591,310591,HOYU BEAUTYLABO WHIP HAIR COLOR - CHIFFON BEIGE,HOYU,,,,,,
4987205310638,310638,HOYU BEAUTYLABO WHIP HAIR COLOR - LUCENT ASH,HOYU,,,,,,
4908049488314,488314,FANCL GOOD CHOICE WOMEN 30+ SUPPLEMENTS,FANCL,,,,,,
4908049488338,488338,FANCL GOOD CHOICE WOMEN 40+ SUPPLEMENTS,FANCL,,,,,,
4987033409047,409047,OHTA ISAN ANTACID POWDER,OHTA,Noncarry,,,,,
4524785448087,448087,STARBUCKS SAKURA 2021 TUMBLER PINK BREATH 355ML,STARBUCKS,,,,,,
690251111152,111152,[OUTDATED] JO MALONE LONDON Sakura Cherry Blossom Colon 30ml,STARBUCKS,,,,,,
4909978102562,102562,SHISEIDO ANESSA PERFECT SKIN CARE CREAM SET,SHISEIDO,,,,,,
6936860100007,100007,[OUTDATED] Cofmy Collagen Facial Mask,COFMY,,,,,,
6936860100359,100359,KEFUMEI SODIUM HYALURONIC DRESSING MASK,COMFY,Sense,,,,,
69368601008856936860102612,102612,DISCONTINUED KEFUMEI COLLAGEN DRESSING MASK PINK,COMFY,Active,,,,,
69720451011866972488060019,060019,FUFU ANTI-ACNE BEAUTY MASK GREEN,FUFU,Sense,,,,,
69720451010636972488060033,060033,FUFU SOOTHING MASK RED,FUFU,Sense,,,,,
6927999300758,300758,FUQING ANTI-ACNE DRESSING BLACK MASK,FUQING,Noncarry,,,,,
4987241127948,127948,ROHTO HADALABO GOKUJUN HYALURONIC GEL CREAM,ROHTO,Active,,,,,
4571138552373,552373,Volcanic Ashes Sakura Facial Cleansing Soap,BRAIN COSMOS,,,,,,
4562373280923,280923,ARTISTIC&CO DR. ARRIVO ZEUS II ESSENCE SET - OLYMPIC GOLD,ARTISTIC&CO,Noncarry,,,,,
4562373281081,281081,ARTISTIC&CO DR.ARRIVO ZEUS II ESSENCE SET - ATHENA ROSE,ARTISTIC&CO,Noncarry,,,,,
4909978972424,972424,SHISEIDO ANESSA PERFECT UV SUNSCREEN SKINCARE SPRAY SPF50+ PA++++,SHISEIDO,,,,,,
4560184394235,394235,EISHIN DIETMARU EX 100G,EISHIN,,,,,,
4909978998943,998943,Anessa Perfect facial cream Mild Pink,,,,,,,
4987426001803,001803,MUHI BABY BUG REPELLENT CREAM 40ML,MUHI,Noncarry,,,,,
4987426002091,002091,MUHI BUG REPELLENT CREAM,MUHI,Sense,,,,,
4987306045156,045156,TAISHO PABRON GOLD A COLD MEDICINE,TAISHO,Noncarry,,,,,
4909978101367,101367,SHISEIDO ANESSA PERFECT UV SUNSCREEN PIKACHU EDITION,SHISEIDO,,,,,,
4909978101381,101381,SHISEIDO ANESSA PERFECT UV SUNSCREEN EEVEE EDITION,SHISEIDO,,,,,,
4909978102494,102494,SHISEIDO ANESSA PERFECT UV SUNSCREEN SQUIRTLE EDITION,SHISEIDO,,,,,,
4971710393750,393750,KOSE CLEAR TURN SUPER PREMIUM FRESH MASK - SUPER MOIST,KOSE,,,,,,
4971710393798,393798,KOSE CLEAR TURN SUPER PREMIUM FRESH MASK - FIRM,KOSE,,,,,,
4971710393774,393774,KOSE CLEAR TURN SUPER PREMIUM FRESH MASK - GLOWING,KOSE,,,,,,
4979909734971,734971,DAISO MAKEUP PUFF & SPONGE DETERGENT,DAISO,Active,,,,,
4987167070359,070359,NICHIBAN ROIHI-TSUBOKO RT156 PAIN RELIEF PATCHES,NICHIBAN,,,,,,
641055599219,599219,BUYDEEM K2683 HEALTH-CARE BEVERAGE TEA MAKER AND KETTLE,BUYDEEM,,,,,,
4901301281623,281623,KAO CLEAR CLEAN KIDS TOOTHPASTE STRAWBERRY FLAVOR,KAO,,,,,,
4901301281616,281616,KAO CLEAR CLEAN KID'S TOOTHPASTE GRAPE,KAO,,,,,,
4530025011799,011799,[OUTDATED] MAMA&KIDS BABY WHOLE BODY SHAMPOO FREICHIE,MAMA&KIDS,,,,,,
4530025011829,011829,MAMA&KIDS BABY HAIR SHAMPOO,MAMA&KIDS,Noncarry,,,,,
4540474777900,777900,MYM ASHIURA RAN RUN FOOT MASK (1 PAIR),ASHIURA,Active,,,,,
4571414682497/6820180119316,119316,NEEDS UV CUT HAT BLUE,NEEDS,,,,,,
45714146798006820179159415,159415,NEEDS UV CUT HAT BLACK,NEEDS,,,,,,
45714146825036820179159514,159514,NEEDS UV CUT CAP (DENIM),NEEDS,,,,,,
4571414679756,679756,NEEDS UV CUT HAT BLACK WITH STRIP,NEEDS,,,,,,
4571414676526/6820180382413,382413,NEEDS UV CUT HAT NAVY BLUE,NEEDS,,,,,,
4571414679725,679725,NEEDS UV CUT ARM COVER WITH WHITE DOT,NEEDS,,,,,,
4571414684682,684682,NEEDS UV CUT ARM COVER NAVY BLUE,NEEDS,,,,,,
4571414679633,679633,NEEDS UV CUT HAT BLACK STRIPE,NEEDS,,,,,,
6939505857205,857205,Breo SCALP MINI MASSAGER,BERO,,,,,,
726260853179,853179,BERO NECK MASSAGER AIR2,BERO,,,,,,
726260853186,853186,BERO iNECK 3PRO,BERO,,,,,,
4901301354563,354563,KAO LAURIER FOR NIGHT F 40CM 9PCS,KAO,,,,,,
4987115540781,540781,KINCHO INSECT REPELLENT KAORI RING PINK,KINCHO,Noncarry,,,,,
4987084303691,303691,SANTEN BEAUTEYE MOON CARE EYE DROPS,SANTEN,,,,,,
4524734150887,150887,DR CI LABO UV PROTECT SPRAY,DR CI LABO,,,,,,
4955814149901,149901,NARIS UP PARA SOLA FRAGRANCE UV CARE SPRAY,NARIS UP,,,,,,
4979006094756,094756,SKII FACIAL TREATMENT ESSENCE SPRING EDITION - RED,SKII,,,,,,
4979006094770,094770,SK-II FACIAL TREATMENT ESSENCE SPRING EDITION - Red,SKII,,,,,,
4987072050620,050620,KOBAYASHI NIGHTTIME NASAL BREATHING TAPE - LAVENDER SCENT,KOBAYASHI,,,,,,
4908049496906,496906,FANCL - BLUEBERRY EYES SUPPLEMENTS 60 TABLETS,FANCL,,,,,,
4908049478186,478186,FANCL PERFECT SLIM W DIET SUPPLEMENT 30DAYS,FANCL,,,,,,
4987072004708,004708,KOBAYASHI NODONURU SORE THROAT SPRAY 15ML,KOBAYASHI,Noncarry,,,,,
4987123134781,134781,TAKEDA BORAGINOL A OINTMENT 20G,TAKEDA,,,,,,
4901301363183/4901301380838,380838,KAO BIORE UV AQUA RICH WATERY ESSENCE SUNSCREEN,KAO,,,,,,
4973167071595,071595,KATE CONSCIOUS LINER COLOR 07 EYELINER LAVENDER BROWN,KAO,,,,,,
4901301390820,390820,KAO BIORE UV AQUA RICH SUN CREAM 50G,KAO,,,,,,
4560364937894,937894,WELLNESS H POINT FACE MASK,WELLNESS,,,,,,
4589919561322,561322,DAZZEL CARAT MASCARA DIAMOND LONG&CURL -BLACK,DAZZEL CARAT,,,,,,
4589919561339,561339,DAZZEL CARAT MASCARA LONG & VOLUME -BLACK,DAZZEL CARAT,,,,,,
4589919561476,561476,DAZZEL CARAT MASCARA LONG & VOLUME -DEEP BROWN,DAZZEL CARAT,,,,,,
4589919561698,561698,DAZZEL CARAT MASCARA DIAMOND LIQUID EYELINER-BLACK,DAZZEL CARAT,,,,,,
4589919561704,561704,DAZZEL CARAT MASCARA DIAMOND LIQUID EYELINER-NOIR BROWN,DAZZEL CARAT,,,,,,
4589919562084,562084,DAZZEL CARAT MASCARA DIAMOND LIQUID EYELINER-BURGUNDY,DAZZEL CARAT,,,,,,
4540936080494,080494,WELLNESS BLACK GEL PACK,WELLNESS,,,,,,
4540936081446,081446,WELLNESS PLATINUM GEL PACK,WELLNESS,,,,,,
4560364938426,938426,WELLNESS GOLD GEL PACK,WELLNESS,,,,,,
4560364937887,937887,WELLNESS MATCHAXGEL PACK MATERIC,WELLNESS,,,,,,
4571119649382,649382,WELLNESS PREMIUM FACE MASK TP,WELLNESS,Active,,,,,
4571119649504,649504,WELLNESS PREMIUM FACE MASK TG,WELLNESS,Active,,,,,
4560380859828,859828,INVALID [OUTDATED] HATOMUGI MOISTURIZING MASK 50.,SHONAN COSMETICS,,,,,,
4580341642016,642016,AMINORESQ HIGH DAMAGE TREATMENT,AMINORESQ,,,,,,
4580341642023,642023,AMINORESQ EXTRA TREATMENT(STRAIGHT HAIR PACK),AMINORESQ,,,,,,
4560364937122,937122,LATTE SHAM SMOOTH SHAMPOO,LATTE SHAM,,,,,,
4560364937139,937139,LATTE SHAM SMOOTH TREATMENT,LATTE SHAM,,,,,,
4560364937184,937184,LATTE SHAM MOIST SHAMPOO,LATTE SHAM,,,,,,
4560364937191,937191,LATTE SHAM MOIST TREATMENT,LATTE SHAM,,,,,,
4549660081340,081340,BANDAI ULTRAMAN CHILDREN'S TOOTHBRUSH SET OF 3,BANDAI,,,,,,
4549660185192,185192,BANDAI SUPER MARIO CHILDREN'S TOOTHBRUSH SET OF 3,BANDAI,,,,,,
4560207841029,841029,CECILE MAIA HAIR REMOVER 200G,CECILE,,,,,,
4901301389312,389312,KAO ANDAND BOTANICAL FRUIT SHAMPOO,KAO,,,,,,
4901301389329,389329,KAO ANDAND BOUQUET SKIP TREATMENT,KAO,,,,,,
4953923307281,307281,POLA PENSEE DE BOUQUET BODY WASH ROUGE ROSE SCENT,POLA,Noncarry,,,,,
4953923307298,307298,POLA PENSEE DE BOUQUET BODY WASH BLANC LILY SCENT,POLA,Noncarry,,,,,
4901417169686,169686,KRACIE NAIVE BODY WASH SOAP 530ML - RELAX,KRACIE,,,,,,
4901301372581,372581,KAO BIORE U THE BODY FOAMING WASH - HEALING BOTANICAL,KAO,,,,,,
4901301386939,386939,KAO BIORE U THE BODY FOAMING WASH - HERBAL FRESH,KAO,,,,,,
4901301382375,382375,[INVALID] KAO LAURIER DEO+ DAYTIME 20.5CM WITH WINGS,KAO,,,,,,
4901301382382,382382,[INVALID] KAO LAURIER DEO+ DAYTIME 25CM WITH WINGS,KAO,,,,,,
4901301382399,382399,[INVALID] KAO LAURIER DEO+ NIGHTIME 30CM WITH WINGS,KAO,,,,,,
4901301363640,363640,KAO LIESE PRETTIA BUBBLE HAIR COLOR BURGUNDY BROWN,KAO,,,,,,
4901301266194,266194,KAO LIESE PRETTIA BUBBLE HAIR COLOR MILK TEA BROWN,KAO,Noncarry,,,,,
4589468070382,070382,SHUKIKU UV HAT FOR CHILDREN M (BEIGE),SHUKIKU,,,,,,
4589468070399,070399,SHUKIKU UV HAT FOR CHILDREN L (BEIGE),SHUKIKU,,,,,,
4589468070405,070405,SHUKIKU UV HAT FOR CHILDREN M (BLUE),SHUKIKU,,,,,,
4589468070412,070412,SHUKIKU UV HAT FOR CHILDREN L (BLUE),SHUKIKU,,,,,,
4589468070429,070429,SHUKIKU UV HAT FOR CHILDREN M (RED),SHUKIKU,,,,,,
4589468070436,070436,SHUKIKU UV HAT FOR CHILDREN L (RED),SHUKIKU,,,,,,
4909001943292,943292,MIND LUXURY BIKADO MATCHA DE BIHADA CLAY MASK,MIND,,,,,,
4909001948419,948419,MIND LUXURY BIKADO MATCHA DE BIHADA SHEET MASK,MIND,,,,,,
4901616216303,216303,SUNSTAR ORA2 ME CLEANSING DENTAL FLOSS UNSCENTED,SUNSTAR,,,,,,
4901616216297,216297,SUNSTAR ORA2 ME CLEANSING DENTAL FLOSS MINT FLAVOR,SUNSTAR,,,,,,
49795318,795318,LION KODOMO KID'S TOOTHPASTE (MELON),LION,,,,,,
49795301,795301,LION ANPANMAN KIDS FLUORINE TOOTHPASTE STRAWBERRY,LION,,,,,,
4560413150373,150373,AXXZIA BEAUTY EYES DAY CARE CREAM,AXXZIA,,,,,,
4560413151844,151844,AXXZIA BEAUTY FORCE PURIFYING WASH FOAM 1844,AXXZIA,,,,,,
4560413150816,150816,AXXZIA BEAUTY FORCE TONING LOTION,AXXZIA,,,,,,
4560413150717,150717,AXXZIA BEAUTY FORCE VITAL RICH ESSENCE 30ML,AXXZIA,,,,,,
4560413150533,150533,AXXZIA BEAUTY FORCE MOIST CREAM EX,AXXZIA,,,,,,
4560413150366,150366,AXXZIA BEAUTY EYES INTENSIVE CARE ESSENCE,AXXZIA,,,,,,
4560413151868,151868,AXXZIA BEAUTY FORCE AIRY FACE MASK,AXXZIA,,,,,,
4560413151912,151912,AXXZIA AG THEORY WASHING FOAM,AXXZIA,,,,,,
4560413151141,151141,AXXZIA AG THEORY BALANCING LOTION,AXXZIA,,,,,,
4560413151158,151158,AXXZIA AG THEORY MOIST VEIL EMULSION,AXXZIA,,,,,,
4560413151028,151028,AXXZIA AG THEORY GEL MASK,AXXZIA,,,,,,
4973167027530,027530,KATE REAL COVER LIQUID (SEMI-MATTE) 04,AXXZIA,,,,,,
4908049538439,538439,FANCL ADULT CALORIE LIMIT 30 DAYS,FANCL,,,,,,
4580444280153,280153,MEGUMI NO HONPO PREMIUM MILKY LOTION MASK GREEN,MEGUMI NO HONPO,,,,,,
4580444280160,280160,MEGUMI NO HONPO PREMIUM MILKY LOTION MASK PINK,MEGUMI NO HONPO,,,,,,
4580444280177,280177,MEGUMI NO HONPO PREMIUM MILKY LOTION MASK BROWN,MEGUMI NO HONPO,,,,,,
4580444280139,280139,MEGUMI NO HONPO MOISTURE JELLY MASK RED,MEGUMI NO HONPO,,,,,,
4580444280122,280122,MEGUMI NO HONPO MOISTURE JELLY MASK BLUE,MEGUMI NO HONPO,,,,,,
4580444280146,280146,MEGUMI NO HONPO MOISTURE JELLY MASK YELLOW,MEGUMI NO HONPO,,,,,,
4580444280290,280290,MEGUMI NO HONPO MINERAL MUD FACIAL MASK,MEGUMI NO HONPO,,,,,,
4901872451708,451708,[OUTDATED] SHISEIDO PERFECT FACIAL WASH WHITE CLAY,SHISEIDO,,,,,,
4987244192059,192059,Wakodo Baby Milky Lotion,WAKODO,,,,,,
4589514850029,850029,MAPUTI ORGANIC FRAGRANCE BREAST LIFTING CREAM 60G,MAPUTI,,,,,,
4901872441587,441587,INVALID SHISEIDO SENKA PERFECT BUBBLE BODY WASH - FLORAL,SHISEIDO,,,,,,
4971902070735,070735,KOKUBO NON-CHLORINE CLEANER FOR WASHING MACHINE,KOKUBO,,,,,,
4956810233403,233403,KOKUBO CAWORK TOILET BRUSH WHITE,KOKUBO,,,,,,
4956810233410,233410,KOKUBO CAWORK TOILET BRUSH BLACK,KOKUBO,,,,,,
4956810233427,233427,KOKUBO CAWORK TOILET BRUSH PINK,KOKUBO,,,,,,
4956810238064,238064,KOKUBO GREAT FOR CLEANING FLY SCREENS AND UNEVEN SURFACES,KOKUBO,,,,,,
4956810863150,863150,KOKUBO FLY SWATTER (WITH A PAIR OF TWEEZERS),KOKUBO,,,,,,
4956810863167,863167,KOKUBO FLY SWATTER&TWEEZERS(ORANGE),KOKUBO,,,,,,
4956810863174,863174,KOKUBO FLY SWATTER&TWEEZERS(GREEN),KOKUBO,,,,,,
4956810803330,803330,KOKUBO CLEANER RACK(GREEN),KOKUBO,,,,,,
4956810803248,803248,KOKUBO SPONGE HOLDER(WHITE),KOKUBO,,,,,,
4956810236664,236664,KOKUBO NYLON SPONGES - SET OF 5,KOKUBO,,,,,,
4956810236671,236671,KOKUBO SOFT SPONGES - SET OF 5,KOKUBO,,,,,,
4956810235759,235759,KOKUBO EXTENDABLE BOTTLE CLEANING SPONGE,KOKUBO,,,,,,
4956810800933,800933,KOKUBO DISH WASHER BASKET,KOKUBO,,,,,,
4901301334213,334213,KAO MAGICLEAN TOILET CLEANER SPRAY ELEGANT ROSE FLAVOR 380ML,KAO,,,,,,
4901301335487,335487,KAO MAGICLEAN TOILET CLEANER SPRAY CITRUS MINT FLAVOR 380ML,KAO,,,,,,
4901301222824,222824,KAO STRONG MOLD HIGHTER HANDY SPRAY 400ML,KAO,,,,,,
4901301036186,036186,KAO KITCHEN MULTIPURPOSE FOAM CLEANER,KAO,,,,,,
4582174740686,740686,SOSU FOOT PEELING PACK PERORIN - LAVENDER,SOSU,Active,,,,,
4582174740679,740679,SOSU FOOT PEELING PACK PERORIN - ROSE,SOSU,Active,,,,,
4582174740693,740693,SOSU FOOT PEELING PACK PERORIN - MINT,SOSU,Active,,,,,
4582174746732,746732,SOSU FOOT PEELING PACK PERORIN - GRAPEFRUIT,SOSU,Active,,,,,
4991560809270,809270,ADERANS HAIR REPRO SHAMPOO,ADERANS,,,,,,
4560364938259,938259,MICHE BLOOMIN FALSE EYELASHES NO. 31 PURE DOLL,MICHE BLOOMIN,,,,,,
4560364938266,938266,MICHE BLOOMIN FALSE EYELASHES NO. 32 GIRLY CUTE,MICHE BLOOMIN,,,,,,
4560364938273,938273,MICHE BLOOMIN FALSE EYELASHES NO. 33 GIRLY NATURAL,MICHE BLOOMIN,,,,,,
4560364939102,939102,MICHE BLOOMIN FALSE EYELASHES NO. 37 PURE FLAIR,MICHE BLOOMIN,,,,,,
4560364939119,939119,MICHE BLOOMIN FALSE EYELASHES NO. 38 PURE FEMININE,MICHE BLOOMIN,,,,,,
4560364939126,939126,MICHE BLOOMIN FALSE EYELASHES NO. 39 GIRLY GLAM,MICHE BLOOMIN,,,,,,
4560364939140,939140,MICHE BLOOMIN FALSE EYELASHES NO. 41 GLAMOROUS RICH,MICHE BLOOMIN,,,,,,
4580299715114,715114,KOHAKUHADA AMBER EXTRACT LOTION - MOISTURE,KOHAKUHADA,,,,,,
4580299715121,715121,KOHAKUHADA AMBER EXTRACT LOTION - SUPER MOISTURE,KOHAKUHADA,,,,,,
4580299715138,715138,KOHAKUHADA AMBER EXTRACT MOISTRIZING EMUSION,KOHAKUHADA,,,,,,
4580299715145,715145,KOHAKUHADA AMBER EXTRACT MASK CREAM,KOHAKUHADA,,,,,,
4580299715169,715169,KOHAKUHADA AMBER EXTRACT MAKEUP REMOVER FACIAL CLEANSER,KOHAKUHADA,,,,,,
4560380859835,859835,SHONAN COSMETICS HATOMUGI MOISTURIZING MASK 7 SHEETS,SHONAN COSMETICS,,,,,,
4582400832086,832086,KOIKE HATOMUGI THERMAL WATER MIST,KOIKE,,,,,,
4909978102579,102579,SHISEIDO ANESSA ALL-IN-ONE BEAUTY FOUNDATION #1,SHISEIDO,,,,,,
4524785457799,457799,STARBUCKS 25TH ANNIVERSARY COLLECTABLE STACKING MUG 355ML - RED,STARBUCKS,,,,,,
4524785457805,457805,STARBUCKS 25TH ANNIVERSARY COLLECTABLE STACKING MUG 355ML - GREEN,STARBUCKS,,,,,,
4524785457812,457812,STARBUCKS 25TH ANNIVERSARY COLLECTABLE STACKING MUG 355ML - YELLOW,STARBUCKS,,,,,,
4524785459441,459441,STARBUCKS 25TH ANNIVERSARY TOGO CUP TUMBLER 355ML,STARBUCKS,,,,,,
4524785460973,460973,STARBUCKS 25TH ANNIVERSARY SILICONE LID STAINLESS CUP - HEART CHARM,STARBUCKS,,,,,,
4524785461710,461710,STARBUCKS 25TH ANNIVERSARY GOLD STAINLESS STEEL BOTTLE,STARBUCKS,,,,,,
4524785461727,461727,STARBUCKS 25TH ANNIVERSARY STAINLESS STEEL BOTTLE 350ML,STARBUCKS,,,,,,
4932554989233,989233,SHISEIDO ETTUSAIS WATERPROOF TRANSPARENT MASCARA BASE,SHISEIDO,Active,,,,,
4901301364289,364289,KAO BIORE UV AQUA RICH WATERY ESSENCE SPF50 + PA ++++ 1.7,KAO,,,,,,
4901301380838,380838,KAO BIORE UV AQUA RICH WATERY ESSENCE SPF50+PA++++,KAO,,,,,,
4977369612020,612020,DAILY AROMA LEMON LIP CREAM,DAILY AROMA,,,,,,
4901301396969,396969,KAO ESSENTIAL SHA&COND SET,KAO,,,,,,
4904651184088,184088,DARIYA COLORING MILK - ADULT BEIGE,DARIYA,,,,,,
4904651184095,184095,DARIYA COLORING MILK - HEALING BEIGE,DARIYA,,,,,,
4904651184101,184101,DARIYA COLORING MILK - FLEETING BROWN,DARIYA,,,,,,
4904651184194,184194,DARIYA PALTY COLORING MILK - UNPROTECTED GREIGE,DARIYA,,,,,,
4904651184132,184132,DARIYA COLORING MILK - MELLOW ASH,DARIYA,,,,,,
4904651184163,184163,DARIYA PALTY COLORING MILK - INVINCIBLE PINK,DARIYA,,,,,,
4904651184156,184156,DARIYA PALTY COLORING MILK - DREAMING BRUGES,DARIYA,,,,,,
4904651184149,184149,DARIYA PALTY COLORING MILK - ENCHANTED ASH,DARIYA,,,,,,
45604131509844560413153091,153091,AXXZIA BEAUTY EYES ESSENCE SHEET PREMIUM,AXXZIA,Active,,,,,
4987030130265,130265,OHKI KIDS PAPA JELLY,OHKI,Sense,,,,,
4954835290142,290142,MILBON LIFA HAIR TREATMEN,MILBON,,,,,,
4954835136808,136808,MILBON JEMILE FRAN HOME CARE HAIR TREATMENT,MILBON,,,,,,
4954835136792,136792,MILBON JEMILE FRAN FOR FINE HAIR,MILBON,,,,,,
4560264298842,298842,SHINYAKOSO YORU OSOI GEORGE OLIVER 10 TIMES LATE AT NIGHT,SHINYAKOSO,,,,,,
4987072036488,036488,KOBAYASHI BLUELET DECORAL RELAX AROMA FRAGRANCE,KOBAYASHI,,,,,,
4987072036594,036594,KOBAYASHI BLUELET DECORAL REFRESHING FOREST AND FLORAL SCENT,KOBAYASHI,,,,,,
4987072038697,038697,KOBAYASHI TOILET FRAGRANCE DEODORANT CLEANER #ROSE,KOBAYASHI,,,,,,
4987072045589,045589,KOBAYASHI TOILET FRAGRANCE DEODORANT CLEANER #SWEET FLOWER,KOBAYASHI,,,,,,
4514499161181,161181,BRUNO COMPACT HOT PLATE RED,BRUNO,,,,,,
4514499161198,161198,BRUNO COMPACT HOT PLATE PINK,BRUNO,,,,,,
4514499162287,162287,BRUNO COMPACT HOT PLATE BLUE GRAY,BRUNO,,,,,,
4514499114699,114699,BRUNO COMPACT HOT PLATE CERAMIC COATED POT,BRUNO,,,,,,
4901301322944,322944,KAO FLOORING MAGIC LIN POLISHING SPRAY,KAO,,,,,,
4909978975173,975173,SHISEIDO ANESSA UV SUNCREEN MILD MILK #PINK,SHISEIDO,,,,,,
4901433074902,074902,ISEHAN KISS ME MOMMY UV MILD GEL SUNSCREEN,ISEHAN,,,,,,
4973167078730,078730,KATE PINPOINT COLOR SNIPER OR ORANGE,KOSE,,,,,,
4971710393729,393729,KOSE SUNCUT TONE UP UV ESSENCE SUNSCREEN SPF50+ PA++++ 80G,KOSE,,,,,,
4901301733801,733801,KAO KITCHEN FOAM HIGHER HANDY SPRAY,KAO,,,,,,
4973167053881,053881,KATE SUPER SHINELINER EX3.0 BR-2,KAO,Sense,,,,,
4901301314536,314536,[OUTDATED] KAO MERIT KIDS FOAM SHAMPOO,KAO,Active,,,,,
4544877508505,508505,SPA TREATMENT STRETCH MASK,SPA,,,,,,
4544877508987,508987,SPA TREATMENT HAS STRETCH MASK,SPA,,,,,,
8801042513457,513457,RYO DAMAGE CARE CONDITIONER (500ML),RYO,,,,,,
4903301241430,241430,LION CLINICA ADVANTAGE TOOTHPASTE COOL MINT 130G,LION,,,,,,
4580341641606,641606,AMINORESQ BOTANICA SHAMPOO REPAIR,AMINORESQ,,,,,,
4580341641613,641613,AMINORESQ BOTANICAL TREATMENT REPAIR,AMINORESQ,,,,,,
4580341641668,641668,AMINORESQ BOTANICAL DAMAGE TREATMENT,AMINORESQ,,,,,,
4526371065630,065630,PURE SMILE MOMOT ARO MASK,PURE SMILE,,,,,,
4526371042822,042822,PURE SMILE NIPPON MASK,PURE SMILE,,,,,,
4526371050469,050469,PURE SMILE SENGOKU MASK,PURE SMILE,,,,,,
4954540109784,109784,MATSUYAMA YUZU BODY LOTION,MATSUYAMA,Active,,,,,
4908049507077,507077,FANCL MILD CLEANSING OIL LIMITED,FANCL,,,,,,
4987033409061,409061,OHTA AS ISAN FOR STOMACH,OHTA,Noncarry,,,,,
4953923307175,307175,POLA BA GRANDLUXE III FACIAL SERUM 50G,POLA,,,,,,
4973167930564,930564,KANEBO FREEPLUS OIL SERUM CLEANSING,KANEBO,Noncarry,,,,,
4987205310713,310713,HOYU BEAUTYLABO WHIP HAIR COLOR - AIRY BEIGE,HOYU,,,,,,
4514254993279,993279,SHISEIDO CLE DE PEAU BEAUTE SOFTENING CLEANSING FOAM,SHISEIDO,Active,,,,,
4514254099926,099926,SHISEIDO CLE DE PEAU BEAUTE ESSENTIAL REFINING ESSENCE 170ML,SHISEIDO,,,,,,
4901872443758,443758,INVALID SHISEIDO SENKA PERFECT BUBBLE SWT FLORAL BUBBLE BOD,SHISEIDO,,,,,,
4901433076449,076449,DISCONTINUED ISEHAN KISS ME HM SHARP GEL LINER-01 BLACK,ISEHAN,,,,,,
4901433076456,076456,ISEHAN KISS ME HM SHARP GEL LINER-02 DARK BROWN,ISEHAN,,,,,,
4901433138277,138277,ISEHAN KISS ME HR GEL EYEBROW-02 DARK BROWN,ISEHAN,,,,,,
4901433081474,081474,INVALID DISCOUNTINUED ISEHAN KISS ME HM SPEEDY MASCARA REMOVER,ISEHAN,Active,,,,,
4901433036504,036504,ISEHAN KISS ME SMOOTH KEEP LIQUID EYELINER-01 BLACK,ISEHAN,Active,,,,,
4901433036948,036948,ISEHAN KISS ME SMOOTH KEEP LIQUID EYELINER-02 BITTER BROWN,ISEHAN,Active,,,,,
4901433037051,037051,ISEHAN KISS ME SMOOTH KEEP LIQUID EYELINER-03 DARK BROWN,ISEHAN,Active,,,,,
4901433039611,039611,ISEHAN KISS ME HM LONG & CURL MASCARA 01 BLACK,ISEHAN,,,,,,
4901433076579,076579,ISEHAN KISS ME HM EYELASH SERUM,ISEHAN,Active,,,,,
4901301239990,239990,KAO MERIT KIDS HAIR TREATMENT,KAO,,,,,,
4571194364071,364071,FLOWFUSHI UZU EYE OPENING LINER BLACK,FLOWFUSHI,,,,,,
4571194364088,364088,FLOWFUSHI UZU EYE OPENING LINER BROWN-BLACK,FLOWFUSHI,,,,,,
4571194364095,364095,FLOWFUSHI UZU EYE OPENING LINER BROWN,FLOWFUSHI,,,,,,
4901005118720,118720,Glico Pokey chocolate Biscuit Sticks,,,,,,,
4901005118737,118737,Glico Strawberry Pocky Biscuit Sticks,,,,,,,
4901005520813,520813,Glico Pretz Salad Flav Biscuit Sticks,,,,,,,
4901005520820,520820,Glico Pretz Tomato Flav Biscuit Sticks,,,,,,,
4901301390363,390363,KAO MERIT FOAM SHAMPOO FOR KIDS,KAO,Noncarry,,,,,
4901301395108,395108,KAO LIESE PRETTIA BUBBLE HAIR COLOR MIDNIGHT ASH,KAO,Noncarry,,,,,
4901301395115,395115,KAO LIESE PRETTIA BUBBLE HAIR COLOR ASH GRAY,KAO,Active,,,,,
4901417174611,174611,KRACIE MUO BODY SOAP,KRACIE,Active,,,,,
4901417174628,174628,KRACIE MUO FOAMING BODY SOAP,KRACIE,Active,,,,,
4973167865811,865811,Lunasol Eye Color Configuration 04 Eye Shadow 04,,,,,,,
4903301176848,176848,LION BUBBLE HAND WASH 250ML UNSCENTED,LION,Active,,,,,
4903301176909,176909,LION BUBBLE HAND WASH 250ML FLORAL SCENT,LION,Active,,,,,
4903301240990,240990,LION BUBBLE HAND WASH FRUIT MIX 250ML,LION,Active,,,,,
4977369339347,339347,DAILY AROMA YUZU CITRUS FRUIT HAND CREAM 75G,DAILY AROMA,,,,,,
4977369339613,339613,DAILY AROMA MIKEN IYOKAN HAND CREAM 75G,DAILY AROMA,,,,,,
4977369339927,339927,DAILY AROMA MIKEN YUZU GINGER HAND CREAM 75G,DAILY AROMA,,,,,,
4977369341043,341043,DAILY AROMA SETOUCHI LEMON HAND CREAM 75G,DAILY AROMA,,,,,,
4977369615014,615014,DAILY AROMA JAPAN SUDACHI HAND CREAM,DAILY AROMA,,,,,,
4977369616011,616011,DAILY AROMA FREFLE HAND CREAM MANGO,DAILY AROMA,,,,,,
4977369616028,616028,DAILY AROMA FREFLE HAND CREAM STRAWBERRY,DAILY AROMA,,,,,,
4977369616035,616035,DAILY AROMA FREFLE HAND CREAM APPLE,DAILY AROMA,,,,,,
4977369616042,616042,DAILY AROMA FREFLE HAND CREAM CHERRY,DAILY AROMA,,,,,,
4977369616059,616059,DAILY AROMA FREFLE HAND CREAM PEACH,DAILY AROMA,,,,,,
4977369616066,616066,DAILY AROMA FREFLE HAND CREAM MELON,DAILY AROMA,,,,,,
4987234322466,322466,SCHWARZKOPF FRESH LIGHT MILKY HAIR COLOR CLEAR ASH,SCHWARZKOPF,,,,,,
4987234322541,322541,SCHWARZKOPF FRESH LIGHT MILKY HAIR COLOR CHAMPAGNE PINK,SCHWARZKOPF,,,,,,
4987234322558,322558,SCHWARZKOPF FRESH LIGHT BUBBLE TYPE COLOR AIRY ASH,SCHWARZKOPF,,,,,,
4987234322565,322565,SCHWARZKOPF FRESH LIGHT BUBBLE TYPE COLOR BERRY ASH,SCHWARZKOPF,,,,,,
4987234322572,322572,SCHWARZKOPF FRESH LIGHT BUBBLE TYPE COLOR SUGAR ASH,SCHWARZKOPF,,,,,,
4987234322633,322633,SCHWARZKOPF FRESH LIGHT FOAM TYPE COLOR CREAM CHIFFON,SCHWARZKOPF,,,,,,
4987234322688,322688,SCHWARZKOPF FRESH LIGHT MILKY HAIR COLOR COOL BLACK,SCHWARZKOPF,,,,,,
4987234322701,322701,SCHWARZKOPF FRESH LIGHT MILKY HAIR COLOR MINT ASH,SCHWARZKOPF,,,,,,
4901301251589,251589,KAO CUREL MOISTURE LIP CARE CREAM 4.2G,KAO,Active,,,,,
4901301306418,306418,KAO CUREL MOISUTRE LIP CARE CREAN LIGHT PINK TYPE 4.2G,KAO,,,,,,
4901301334534,334534,KAO CUREL AGING CARE MOISTURE CREAM 40G,KAO,Active,,,,,
4965134234195,234195,ALBION ELEGANCE FACE POWDER I 27G,ALBION,,,,,,
4965134234225,234225,ALBION ELEGANCE FACE POWDER IV 27G,ALBION,,,,,,
4965134236939,236939,ALBION ELEGANCE FACE POWDER VI 27G,ALBION,,,,,,
4589706100048,100048,ASPLUSH TOOTHPASTE MINT BLUE,ASPLUSH,,,,,,
4589706100161,100161,ASPLUSH TOOTHPASTE PEACH MINT PINK,ASPLUSH,,,,,,
4589706100222,100222,ASPLUSH TOOTHPASTE SUPER MINT,ASPLUSH,,,,,,
4560364937801,937801,WELLNESS CICA WALEA FACE MASK,WELLNESS,,,,,,
4582300062156,062156,TADA CLAYGE RELAX & REPAIR SHAMPOO,TADA,Order,,,,,
4582300062163,062163,TADA CLAYGE RELAX & REPAIR TREATMENT,TADA,Order,,,,,
4582300062170,062170,TADA CLAYGE CARE & SPA SHAMPOO,TADA,Order,,,,,
4582300062187,062187,TADA CLAYGE CARE & SPA TREATMENT,TADA,Order,,,,,
4580133870092,870092,OFF&RELAX SPA SCALP ESSENCE,OFF&RELAX,Noncarry,,,,,
4580133870054,870054,OFF&RELAX SHAMPOO REFRESH,OFF&RELAX,Active,,,,,
4580133870207,870207,OFF&RELAX TREATMENT REFRESH,OFF&RELAX,Active,,,,,
4580133870061,870061,OFF&RELAX SHAMPOO MOISTURE,OFF&RELAX,Active,,,,,
4580133870078,870078,OFF&RELAX TREATMENT MOISTURE,OFF&RELAX,Active,,,,,
4580133870085,870085,OFF&RELAX SPA HAIR MASK,OFF&RELAX,Active,,,,,
4901616011014,011014,SUNSTAR Ora 2 Stain Clear Toothpaste 130g Peach Leaf Mint,,,,,,,
4903301014430,014430,LION SMILE CONTACT FINE FIT PLUS 8ML - CONTACT LENS,LION,Noncarry,,,,,
4903301276333,276333,LION SMILE WHITEYE PREMIUM EYE DROPS 15ML,LION,Noncarry,,,,,
4987241135653,135653,ROHTO LYCEE MEDICATED EYE DROPS 8ML,ROHTO,,,,,,
4973167453957,453957,Lunasol Powder Eye Shadow 31 (white),,,,,,,
4901872637072,637072,作废 SHISEIDO MAKEUP EYELASH CURLER #213,SHISEIDO,Active,,,,,
4901008314310,314310,CANMAKE JEWELRY SHADOW VEIL 06 BALLERINA BEIGE,CANMAKE,,,,,,
4901008311999,311999,CANMAKE JEWELRY SHADOW VEIL 05 DREAMY PURPLE,CANMAKE,,,,,,
4901008310558,310558,CANMAKE JEWELRY SHADOW VEIL 03,CANMAKE,,,,,,
4901008314013,314013,CANMAKE JUICY PURE EYES 13 CHAMPAGNE BEIGE,CANMAKE,,,,,,
4901008313337,313337,CANMAKE JUICY PURE EYES 12 CHAI TEA ROSE,CANMAKE,,,,,,
4901008311821,311821,CANMAKE JUICY PURE EYES 11 STRAWBERRY,CANMAKE,,,,,,
4901008314242,314242,CANMAKE SILKY SOUFFLE EYES 08 STRAWBERRY COPPER,CANMAKE,,,,,,
4901008314143,314143,CANMAKE SILKY SOUFFLE EYES 07 NECTARINE ORANGE,CANMAKE,,,,,,
4901008313368,313368,CANMAKE SILKY SOUFFLE EYES 04 SUNSET DEAT,CANMAKE,,,,,,
4901008312545,312545,CANMAKE SILKY SOUFFLE EYES 03 LEOPARD BRONZE,CANMAKE,,,,,,
4901008311951,311951,CANMAKE SILKY SOUFFLE EYES 02 ROSE SEPIA,CANMAKE,,,,,,
4901008314426,314426,CANMAKE PERFECT STYLIST EYES 25 MIMOSA ORANGE,CANMAKE,,,,,,
4901008314419,314419,CANMAKE PERFECT STYLIST EYES 24 MELLOW PEACH TEA,CANMAKE,Order,,,,,
4901008312057,312057,CANMAKE PERFECT STYLIST EYES 23 ALMOND CANELE,CANMAKE,Order,,,,,
4901008312040,312040,CANMAKE PERFECT STYLIST EYES 22 APRICOT PEACH,CANMAKE,Order,,,,,
4901008313702,313702,CANMAKE PERFECT STYLIST EYES 19 URBAN COPPER,CANMAKE,,,,,,
4901008313696,313696,CANMAKE PERFECT STYLIST EYES 18 BITTER SWEET MEMORY,CANMAKE,,,,,,
4560413152193,152193,AXXZIA AG DRINK 5TH,AXXZIA,,,,,,
4979006094695,094695,SKII GENOPTICS EYE ESSENCE 20ML,SKII,Active,,,,,
4979006098280,098280,SKII SKIN POWER CREAM TRIAL KIT 2021,SKII,,,,,,
4979006098372,098372,SKII FACIAL TREATMENT ESSENCE (PINK) 2021,SKII,,,,,,
4979006098389,098389,SKII FACIAL TREATMENT ESSENCE (RED) 2021,SKII,,,,,,
4979006098396,098396,SKII FACIAL TREATMENT ESSENCE (YELLOW) 2021,SKII,,,,,,
4979006090901,090901,SKII FACIAL TREATMENT CLEAR LOTION 230ML,SKII,,,,,,
4987035085614,085614,OTSUKA ORONINE H OINTMENT BOTTLE,OTSUKA,Sense,,,,,
4987110001638,001638,TAIKO SEIROGAN TAIKO TRUMPET BRAND HERBAL DIETARY GASTROINTESTINAL 100 PILLS,TAIKO,Noncarry,,,,,
6939505856123,856123,BERO SCALP MINI MASSAGER new,BERO,,,,,,
6944527436888/6944527438011,438011,SKG MASSAGE GUN,SKG,,,,,,
4953923303917,303917,POLA B.A LOTION / 120ML,POLA,,,,,,
4953923303924,303924,POLA B.A MILK (FACIAL EMULSION),POLA,,,,,,
4901301400796,400796,KAO ATRIX BEAUTY CHARGE AMBER ROSE FRAGRANCE NEW,KAO,Active,,,,,
4987067463800,463800,KOWA VANTELIN KNEE SUPPORT THERMAL SUPPORTER M SIZE,KOWA,Noncarry,,,,,
4901433039635,039635,ISEHAN KISS ME VOLUME & CURL MASCARA SUPER WP JET BLACK,ISEHAN,,,,,,
4901433036962,036962,ISEHAN KISS ME HEROINE MAKE LONG & CURL ADVANCED FILM MASCARA 01 BLACK,ISEHAN,Active,,,,,
4901433037075,037075,ISEHAN KISS ME HEROINE MAKE LONG & CURL ADVANCED FILM MASCARA 02 BROWN,ISEHAN,Active,,,,,
4901433036986,036986,ISEHAN KISS ME HEROINE MAKE VOLUME & CURL ADVANCED FILM MASCARA 01 JET BLACK,ISEHAN,Active,,,,,
4901433037082,037082,ISEHAN KISS ME VOLUME & CURL ADVANCED FILM MASCARA BROWN,ISEHAN,Active,,,,,
4901433076678,076678,ISEHAN KISS ME HEROINE MAKE CURL KEEP MASCARA BASE,ISEHAN,Active,,,,,
4536667306248,306248,REGART BEAUTY LEGGING PB20-1003 80D BLACK M-L,REGART,,,,,,
4536667306255,306255,REGART BEAUTY LEGGING PB20-1003 80D BLACK L-LL,REGART,,,,,,
4536667306408,306408,REGART BEAUTY LEGGING PPH-702 150D BLACK M-L,REGART,,,,,,
4536667306415,306415,REGART BEAUTY LEGGING PPH-702 150D BLACK L-LL,REGART,,,,,,
4536667256444,256444,REGART KNEE HIGH STOCKINGS M SIZE,REGART,,,,,,
4991936314728,314728,bath,HONYARADOH,,,,,,
4991936314148,314148,bath blue,HONYARADOH,,,,,,
8809695670312,670312,VT CICA SLEEPING MASK,VT,,,,,,
4991936314575,314575,4991936314575,HONYARADOH,,,,,,
4953923309216,309216,POLA WRINKLE 3D SHEET MASK PROGRAM KIT,POLA,,,,,,
4973167821015,821015,KRACIE MILANO COLLECTION G R FACE UP POWDER 2022 30G,KRACIE,,,,,,
6944527438257,438257,SKG F5 MASSAGE GUN PINK,SKG,,,,,,
6944527438288,438288,SKG F5 MASSAGE GUN GREEN,SKG,,,,,,
4992440034904,034904,ISHIZAWA LABS KEANA BAKING SODA NOSE CREAM PACK,ISHIZAWA,Active,,,,,
4992440036021,036021,ISHIZAWA LABS KEANA MEN'S MASK,ISHIZAWA,Active,,,,,
4992440034713,034713,ISHIZAWA LABS KEANA RICE SERUM MASK 10PCS RM,ISHIZAWA,Active,,,,,
4992440034324,034324,ISHIZAWA LABS KEANA OKOME CREAM,ISHIZAWA,Active,,,,,
4992440036328,036328,ISHIZAWA LABS KEANA BAKING SODA FACE FOAM FOR MEN,ISHIZAWA,Active,,,,,
4992440036656,036656,ISHIZAWA LABS KEANA RICE MASK PACK,ISHIZAWA,Active,,,,,
4549660319498,319498,Oscar 7 sheets Mask,CREER BEAUTE,,,,,,
4549660319481,319481,Princess Antoinette 7 sheets Mask,CREER BEAUTE,,,,,,
4549660319504,319504,Rosalie 7 sheets Mask,CREER BEAUTE,,,,,,
4992440036915,036915,ISHIZAWA LABS KEANA RICE MASK PLENTY BOX 28 SHTS,ISHIZAWA,Active,,,,,
4549660462057,462057,The Rose of Versailles Rosalie Face Mask (Pink Package),CREER BEAUTE,,,,,,
4549660462064,462064,The Rose of Versailles Princess Antoinette (Green Package),CREER BEAUTE,,,,,,
4992440036892,036892,ISHIZAWA LABS NADESHIKO BAKING SODA CLEANSING GEL 100G,ISHIZAWA,,,,,,
4992440037028,037028,ISHIZAWA LABS NADESHIKO RICE OIL 60ML,ISHIZAWA,,,,,,
6970810550849,550849,OCLEAN OCLEAN W 1 SMART WATER FLOSSER,OCLEAN,,,,,,
4992440037097,037097,ISHIZAWA LABS NADESHIKO BAKING SODA APPLE FACE FOAM WASH 100G,ISHIZAWA,,,,,,
6970810551068,551068,OCLEAN TOOTHBRUSH XPRO BLUE,OCLEAN,,,,,,
6970810551280,551280,OCLEAN BRUSH HEAD 2 PACK BLUE,OCLEAN,,,,,,
6970810551518,551518,OCLEAN BRUSH HEAD 2 PACK GREEN,OCLEAN,,,,,,
6970810551488,551488,OCLEAN TOOTHBRUSH XPRO PINK,OCLEAN,,,,,,
6970810550139,550139,OCLEAN BRUSH HEAD BLACK,OCLEAN,,,,,,
6970810551464,551464,OCLEAN TOOTHBRUSH XPRO PURPLE,OCLEAN,,,,,,
6970810551471,551471,OCLEAN TOOTHBRUSH XPRO GREEN,OCLEAN,,,,,,
6970810551310,551310,OCLEAN BRUSH HEAD 2 PACK PINK,OCLEAN,,,,,,
6970810551679,551679,OCLEAN WATER FLOSSER NOZZLE,OCLEAN,,,,,,
4992440037141,037141,ISHIZAWA LABS NADESHIKO RICE TONER N,ISHIZAWA,Active,,,,,
4549660462217,462217,La Rose de Versailles THE MASK deep moisture pack-type 107mL,CREER BEAUTE,,,,,,
4549660462224,462224,La Rose de Versailles THE MASK brightening moisture pack-type 107mL,CREER BEAUTE,,,,,,
4992440016665,016665,ISHIZAWA KEANA BAKING SODA FACE WASH FOAM,ISHIZAWA,Noncarry,,,,,
4992440014753,014753,ISHIZAWA KEANA BAKING SODA SCRUB WASH,ISHIZAWA,Active,,,,,
6950386606904,606904,BUYDEEM MINI TEA MAKER,BUYDEEM,Active,,,,,
6950386603248,603248,BUYDEEM KETTLE COOKER (PINK),BUYDEEM,,,,,,
6950386606096,606096,BUYDEEM MULTFUNCT STEAM,BUYDEEM,,,,,,
6950386606768,606768,BUYDEEM IRON OVEN-WHALE BLUE,BUYDEEM,,,,,,
4901301399434,399434,KAO MEGURIZUMU STEAM HOT EYE MASK MINIONS UNSCENTED 12 SHEETS,KAO,,,,,,
4901301387172,387172,KAO MERIT SHAMPOO & CONDITIONER MINION PUMP PAIR 960ML,KAO,,,,,,
4901301386144,386144,KAO MERIT RINSE-FREE SHAMPOO BODY + REFILL DORAEMON DESIGN (1 SET) / MERIT,KAO,,,,,,
4977369610156,610156,DAILY AROMA KOCHI YUZU REED DIFFUSER 120ML,DAILY AROMA,Noncarry,,,,,
4987072006405,006405,KOBAYASHI DENTAL FLOSS KIDS FOR 2-6 YEARS OLD 30 PIECES CLEAN TOOTH PICK,KOBAYASHI,Active,,,,,
4987072025895,025895,KOBAYASHI ADULT DENTAL FLOSS HOLDERS (60 PISCES),KOBAYASHI,Active,,,,,
4536667304077,304077,"BEAUTY LEGGING (PFL-102,103 ML)",REGART,,,,,,
4536667304091,304091,"BEAUTY LEGGING (PFL-102,601 ML)",REGART,,,,,,
4536667304107,304107,"BEAUTY LEGGING (PFL-102,103 L-LL)",REGART,,,,,,
4536667304121,304121,"BEAUTY LEGGING (PFL-102,601 L-LL)",REGART,,,,,,
4536667306972,306972,REGART BEAUTY LEGGING 200D (PPH-802 M~L),REGART,,,,,,
4536667306996,306996,REGART BEAUTY LEGGING (PPS-803 ML),REGART,,,,,,
4562373281043,281043,ARTISTIC&CO MISS ARRIVO THE VEGAS II MASSAGER,ARTISTIC&CO,,,,,,
4961989409245,409245,PDC MATCHA FACE MASK PACK 170G,PDC,Noncarry,,,,,
4973167872413,872413,Kanebo Lunasol Gram Wink Frost 03 Eye Shadow Mimosa Yellow,,,,,,,
4979006099546,099546,SKII FACIAL TREATMENT ESSENCE 2022 NEW YEAR LIMITED EDITION 230ML TIGER DESIGN,SKII,,,,,,
4524785481480,481480,A cute and gorgeous tumbler designed with a calico cat,,,,,,,
4524785481510,481510,STARBUCKS A LOVELY CALICO MUG THAT BECAME A BARISTA,STARBUCKS,,,,,,
4973167872420,872420,Kanebo Lunasol Gram Wink Frost 04 Eye Shadow Copperlast 5.1g Ya,,,,,,,
4973167300992,300992,KATE VIRTUAL EYESMAKER / OR-1 TASOGALE,KOBAYASHI,,,,,,
4973167078792,078792,KATE 2 COLOR GRADIENT BROW PENCIL EX-2 NATURAL BROWN,ROHTO,Sense,,,,,
4973167078785,078785,KATE 2 COLOR GRADIENT BROW PENCIL EX-1 LIGHT BROWN,ROHTO,Sense,,,,,
4987072005699,005699,KOBAYASHI HEEL MOISTURE PLASTER,KOBAYASHI,,,,,,
4973167376386,376386,Lunasol Geminate Eyes N 05 Eyeshadow,,,,,,,
4903335102653,102653,Tiny Sniper Mascara E- # Black -,,,,,,,
6970245160538,160538,Electrinic Moxibustion Blue,GX,,,,,,
6970245160521,160521,Electrinic Moxibustion,GX,,,,,,
6970245160545,160545,GX Wormwood Hot Moxibustion Patch,GX,,,,,,
4956810890682,890682,KOKUBO CLEANSING TOWEL,KOKUBO,,,,,,
4901417823168,823168,KRACIE BATH SALT CLEAR,KRACIE,Active,,,,,
4901417823175,823175,KRACIE BATH SALT MILKY,KRACIE,Active,,,,,
4901417823182,823182,KRACIE BATH SALT MOISTURE,KRACIE,Active,,,,,
4901301388223,388223,KAO HOT EYE MASK HINOKI,KAO,,,,,,
4901301395092,395092,KAO CUREL MOISTURE REPAIR MASK,KAO,Active,,,,,
4901301380173,380173,KAO BIORE U FOAM HAND SOAP 250ML,KAO,Active,,,,,
4971902070858,070858,KOKUBO L-8020 REFRESHING MINT MOUTHWASH,KOKUBO,,,,,,
4971902070865,070865,KOKUBO L-8020 LIGHT MINT MOUTHWASH,KOKUBO,,,,,,
4971902070896,070896,KOKUBO L-8020 SOFT MINT MOUTHWASH STICK,KOKUBO,,,,,,
4971902070902,070902,KOKUBO L-8020 LIGHT MINT MOUTHWASH STICK,KOKUBO,,,,,,
4971902087405,087405,KIYOU JOCHUGIKU ALOHA BATH SALT (MANGO SCENT),KIYOU JOCHUGIKU,,,,,,
4971902087412,087412,KIYOU JOCHUGIKU ALOHA BATH SALT (PINEAPPLE SCENT),KIYOU JOCHUGIKU,,,,,,
4971902087429,087429,KIYOU JOCHUGIKU ALOHA BATH SALT (PLUMERIA SCENT),KIYOU JOCHUGIKU,,,,,,
4971902087801,087801,KIYOU JOCHUGIKU NOVOPIN BATH SALT PINE SCENT,KIYOU JOCHUGIKU,,,,,,
4971902087894,087894,KIYOU JOCHUGIKU JABARA FRUIT BATH SALT,KIYOU JOCHUGIKU,,,,,,
4971902088105,088105,KIYOU JOCHUGIKU BADEN TIME BOTANICAL BATH SALT,KIYOU JOCHUGIKU,,,,,,
4971902088198,088198,KIYOU JOCHUGIKU CHILDREN'S STORY BATH SALT,KIYOU JOCHUGIKU,,,,,,
4543268099042,099042,SANWA KONBU AND HORSE OIL HAIR COLOR TREATMENT BLACK 200G,SANWA,Noncarry,,,,,
4543268099059,099059,SANWA KONBU AND HORSE OIL HAIR COLOR TREATMENT BROWN 200G,SANWA,Noncarry,,,,,
4589674963171,963171,VERY NICE MASK SPRAY APPLE MINT SCENT 20ML,VERY NICE,,,,,,
4589674963188,963188,VERY NICE MASK SPRAY PEACH MINT SCENT 20ML,VERY NICE,,,,,,
4909978985950,985950,SHISEIDO ELIXIR SLEEPING GEL,SHISEIDO,,,,,,
4909978962890,962890,SHISEIDO ELIXIR BRIGHTEN SLEEP,SHISEIDO,,,,,,
4973307456329/4973307473302/4973307444340,444340,SKATER KIDS MASK 2 TO 3 YEARS,SKATER,,,,,,
4973307444388/4973307455957,455957,SKATER KIDS MASK 4 YEARS +,SKATER,,,,,,
7767035179448,179448,atsumae animal forest crushed men's socks,,,,,,,
7767035179462,179462,atsumae animal forest crushed jacquard parka & shorts set,,,,,,,
7767035179455,179455,atsumae animal forest crushed jacquard pullover & long pants set,,,,,,,
6972669741157,741157,KASE LOW TEMPERATURE NATURAL BOTANICAL SCENTED MASSAGE CANDLE-TRANQUILITY,KASE,,,,,,
6972669741195,741195,KASE LOW TEMPERATURE NATURAL BOTANICAL SCENTED MASSAGE CANDLE MEDITATION,KASE,,,,,,
6972669741188,741188,KASE LOW TEMPERATURE NATURAL BOTANICAL SCENTED MASSAGE CANDLE DREAMCATCHER,KASE,,,,,,
6972669741171,741171,KASE LOW TEMPERATURE NATURAL BOTANICAL SCENTED MASSAGE CANDLE INSPIRATION,KASE,,,,,,
6972669741256,741256,KASE LOW TEMPERATURE NATURAL BOTANICAL SCENTED MASSAGE CANDLE DEEP HOUSE,KASE,,,,,,
6972669741270,741270,KASE LOW TEMPERATURE NATURAL BOTANICAL SCENTED MASSAGE CANDLE ROOM TOUR,KASE,,,,,,
6972669741287,741287,KASE LOW TEMPERATURE NATURAL BOTANICAL SCENTED MASSAGE CANDLE NIGHTY NIGHT,KASE,,,,,,
6972669741263,741263,KASE LOW TEMPERATURE NATURAL BOTANICAL SCENTED MASSAGE CANDLE OCEAN BLUE,KASE,,,,,,
6972416050693,050693,KASE SCENTED TAG BAG TRANQUILITY,KASE,,,,,,
6972416050709,050709,KASE SCENTED TAG BAG MEDITATION,KASE,,,,,,
6972416050723,050723,KASE SCENTED TAG BAG DREAMCATCHER,KASE,,,,,,
6972416050716,050716,KASE SCENTED TAG BAG INSPIRATION,KASE,,,,,,
6972416050907,050907,KASE SCENTED TAG BAG DEEP HOUSE,KASE,,,,,,
6972416050914,050914,KASE SCENTED TAG BAG ROOM TOUR,KASE,,,,,,
6972416050938,050938,KASE SCENTED TAG BAG NIGHTY NIGHT,KASE,,,,,,
6972416050921,050921,KASE SCENTED TAG BAG OCEAN BLUE,KASE,,,,,,
6972416051393,051393,KASE PRECIOUS SCENTED SACHET WIND DOWN,KASE,,,,,,
6972416051409,051409,KASE PRECIOUS SCENTED SACHET LUSHNESS,KASE,,,,,,
6972416051416,051416,KASE PRECIOUS SCENTED SACHET CITRUS GLORY,KASE,,,,,,
6972416051423,051423,KASE PRECIOUS SCENTED SACHET MI AMOR,KASE,,,,,,
4987035085713,085713,OTSUKA ORONINE H OINTMENT MEDICATED CREAM 100G,OTSUKA,Noncarry,,,,,
4956810952083,952083,KOKUBO SNACK CLIP LARGE,KOKUBO,,,,,,
4903301269052,269052,LION KIREIKIREI BUBBLE HAND WASH 500ML UNSCENTED,LION,,,,,,
4903301269076,269076,LION KIREIKIREI BUBBLE HAND WASH 500ML FRUITS MIX,LION,,,,,,
4903301269069,269069,LION KIREIKIREI BUBBLE HAND WASH 500ML FLORAL SCENT,LION,,,,,,
49795479,795479,LION FOAMING HAND SOAP,LION,Noncarry,,,,,
4903301129950,129950,LION LOOK CONCENTRATED PIPEMAN,LION,,,,,,
4901301376626,376626,KAO NEW BEADS LAUNDRY LIQUIDS -ROSE,KAO,,,,,,
4901301381811,381811,KAO ATTACK 3X DEODORANT LIQUID LAUNDRY DETERGENT,KAO,,,,,,
4901301254511,254511,KAO LAURIER SPEED+ ULTRA-ABSORBENT GUARD 300MM,KAO,,,,,,
4901301269850,269850,KAO LAURIER SUPER-ABSORBENT GUARD EXTRA-HEAVY NIGHTS 370MM,KAO,,,,,,
4901301306494,306494,KAO FRAGRANCE FABRIC SOFTENER- FLORAL BOUQUET,KAO,,,,,,
4901301306562,306562,KAO FRAGRANCE FABRIC SOFTENER- ORIENTAL ROSE,KAO,,,,,,
4589563520102,520102,Cure Natural Aqua Peeling Gel,CURE,,,,,,
4956810219896,219896,KOKUBO SUMI-BAN CHARCOAL DEODORIZER FOR SHOE SHELF,KOKUBO,,,,,,
4956810804733,804733,KOKUBO CAT CAN SPOON,KOKUBO,,,,,,
4908068515213,515213,GUNZE 180D TIGHTS 180 DENIER BLACK M～L,GUNZE,,,,,,
4973167071908,071908,KATE FACE POWDER Z OIL BLOCK,KAO,Sense,,,,,
2400031532460,532460,GELATO PIQUE PEANUTS GELATO JACQUARD DRESS,GELATO PIQUE,,,,,,
2400031654919,654919,GELATO PIQUE BORDER HAIR BAND,GELATO PIQUE,,,,,,
4901301254528,254528,KAO LAURIER SPEED+ ULTRA-ABSORBENT GUARD 340MM,KAO,,,,,,
4901301254535,254535,KAO LAURIER SPEED+ ULTRA-ABSORBENT GUARD 400MM,KAO,,,,,,
4987067276202,276202,KOWA REZALEK KOWA 60ML,KOWA,,,,,,
4560255367205,367205,DENTAL FIT ULTRA-FINE HAIR TEETH BRUSH CHARCOAL BLACK,DENTAL FIT,Sense,,,,,
4560255367212,367212,DENTAL FIT ULTRA-FINE HAIR TEETH BRUSH CHARCOAL WHITE,DENTAL FIT,Sense,,,,,
4905382500826,500826,JIC TONGUE CLEANER,JIC,Active,,,,,
4560364939249,939249,MICHE BLOOMIN FALSE EYELASHES NO. 03 PURE SWEET (3D RENEWAL),MICHE BLOOMIN,Noncarry,,,,,
4560364939263,939263,MICHE BLOOMIN FALSE EYELASHES NO. 05 GIRLY WINK (3D RENEWAL),MICHE BLOOMIN,Noncarry,,,,,
4560364939270,939270,MICHE BLOOMIN FALSE EYELASHES NO. 06 GIRLY FLARE (3D RENEWAL),MICHE BLOOMIN,Noncarry,,,,,
4560364939300,939300,MICHE BLOOMIN FALSE EYELASHES NO. 09 NUDIE BROWN (3D RENEWAL),MICHE BLOOMIN,Noncarry,,,,,
4560364939072,939072,MICHE BLOOMIN FALSE EYELASHESNO. 34 GLAMOROUS EXTENTION (3D RENEWAL),MICHE BLOOMIN,Noncarry,,,,,
4560364938570,938570,MICHE BLOOMIN EYELASH GLUE LATEX RUBBER,MICHE BLOOMIN,,,,,,
4901008310589,310589,CANMAKE CREAMY TOUCH LINER 01 DEEP BLACK,CANMAKE,,,,,,
4901008310596,310596,CANMAKE CREAMY TOUCH LINER 02 MEDIUM BROWN,CANMAKE,,,,,,
4901008310916,310916,CANMAKE CREAMY TOUCH LINER 04 GARNET BURGUNDY,CANMAKE,,,,,,
4901008311982,311982,CANMAKE CREAMY TOUCH LINER 05 BITTER CARAMEL,CANMAKE,,,,,,
4901008312606,312606,CANMAKE CREAMY TOUCH LINER 06 FOGGY PLUM,CANMAKE,,,,,,
4901008018393,018393,CANMAKE QUICK LASH CURLER #01 TRANSPARENT TYPE,CANMAKE,,,,,,
4901008305882,305882,CANMAKE QUICK LASH CURLER #BK BLACK,CANMAKE,,,,,,
4901008311340,311340,CANMAKE QUICK LASH CURLER #BR BROWN,CANMAKE,,,,,,
4901008311975,311975,CANMAKE QUICK LASH CURLER #WM WINE MAUVE,CANMAKE,,,,,,
4901008314259,314259,CANMAKE QUICK LASH CURLER #BO BAKED ORANGE,CANMAKE,,,,,,
4901008306995,306995,CANMAKE GLOW FLEUR CHEEKS 01 PEACH FLEUR,CANMAKE,,,,,,
4901008307008,307008,CANMAKE GLOW FLEUR CHEEKS 02 APRICOT FLEUR,CANMAKE,,,,,,
4901008307015,307015,CANMAKE GLOW FLEUR CHEEKS 03 FAIRY ORANGE FLEUR,CANMAKE,,,,,,
4901008310985,310985,CANMAKE GLOW FLEUR CHEEKS 09 BURGUNDY FLEUR,CANMAKE,,,,,,
4901008310992,310992,CANMAKE GLOW FLEUR CHEEKS 10 TERRACOTTA FLEUR,CANMAKE,,,,,,
4901008312668,312668,CANMAKE GLOW FLEUR CHEEKS 12 CINNAMON LATTE FLEUR,CANMAKE,,,,,,
4901008313436,313436,CANMAKE GLOW FLEUR CHEEKS 14 ROSE TEA FLEUR,CANMAKE,,,,,,
4901008313917,313917,CANMAKE GLOW FLEUR CHEEKS 16 LILAC FLEUR,CANMAKE,,,,,,
4901008307947,307947,CANMAKE MAT FLEUR CHEEKS 01 MAT APRICOT,CANMAKE,,,,,,
4580354691018,691018,MAGIC TONGUE BRUSH,BSR,Active,,,,,
4973167376393,376393,Kanebo Lunasol Geminate Eyes N 05 Rb Eye Shadow,,,,,,,
4973167376409,376409,[limited Edition] Lunasol Geminate Eyes Eye Shadow Ex 01 Amethyst,,,,,,,
4524989001033,001033,GHASSOUL GASUR FACE PACK 170G,GHASSOUL,,,,,,
4560478560261,560261,(暂时作废) PLATINUM NANO MANMOU TOOTHBRUSH BLUE,MANMOU,,,,,,
4901301349101,349101,KAO JAPAN DELICATE LAUNDRY DETERGENT AROMATIC BOUQUET SCENT,KAO,,,,,,
4901301349071,349071,KAO DELICATE LAUNDRY DETERGENT FRESH GREEN SCENT,KAO,,,,,,
4582352470220,470220,MIZUHASHI HOJYUDO EMULSION REMOVER CLEANSING CLEANSER LOTION 200ML,MIZUHASHI,Active,,,,,
4987241171286,171286,ROHTO HADALABO GOKUJYUN AGING CARE MILK NEW,ROHTO,Active,,,MILLEFEE-R1-P1,,
4513574027077,027077,REIHAKU HATOMUGI BODY WASH SOAP 800ML,REIHAKU,Active,,,,,
4513574030015,030015,REIHAKU HATOMUGI MILKY CREAM BODY CREAM 300G,REIHAKU,Active,,,,,
4513574025882,025882,REIHAKU HATOMUGI COIX SEED EXTRACT TONING LOTION 500ML,REIHAKU,Noncarry,,,,,
4513574029590,029590,REIHAKU HATOMUGI MOISTURIZING & FACIAL WASHING THE FACIAL FOAM 170G,REIHAKU,Noncarry,,,,,
4973167078921,078921,KATE EYEBROW PENCIL Z BR-3 NATURAL BLAU,SHISEIDO,,,,,,
4909978127060,127060,SHISEIDO ANESSA PERFECT UV SKIN CARE MILK N TRIAL SET C SMOOTH MILK,SHISEIDO,,,,,,
4514254121221,121221,SHISEIDO WHITE LUCENT SERUM,SHISEIDO,,,,,,
4908049586591,586591,FANCL CLEANSING OIL,FANCL,,,,,,
4550424476500,476500,DISNEY KEY CHAIN,DISNEY,,,,,,
716170283791,283791,BOBBIBROWN CLEANSING OIL,BOBBIBROWN,,,,,,
690251116065,116065,JO MALONE LONDON SAKURA CHERRY BLOSSOM COLOGNE 30ML,JO MALONE,,,,,,
2102727101034,101034,PEACH JOHN PAJAMA,PEACH JOHN,,,,,,
2102727001037,001037,PEACH JOHN ROOMWEAR,PEACH JOHN,,,,,,
8809695670329,670329,VT CICA CAPSULE MASK,VT,,,,,,
4901301258595,258595,KAO LORIE SANITARY NAPAKINS OVERNIGHT WINGS 30CM X 2 PACKS,KAO,,,,,,
4901301258441,258441,KAO LAURIER CLEAN SKIN GUARD DAY SANITARY NAPKIN WITH WINGS (20.5CM) 2 PACKS X 22PCS,KAO,,,,,,
4987241124329,124329,ROHTO MENTHOLATUM AD BODY CREAM,ROHTO,,,,,,
4515061517597,517597,BCL BECURE HONEY MELTY HAND CREAM SAKURA,BCL,,,,,,
4973167057728,057728,KRACIE ALLIE UV SUNSCREEN SAKURA,KRACIE,,,,,,
4582174748699,748699,SOSU DETOX FOOT PATCHES WITH ROSE SCENT,SOSU,,,,,,
4582174745421,745421,SOSU PERORIN FOOT SOLE SPA SHEET STANDARD FOOT CARE,SOSU,,,,,,
4589664761671,761671,SOSU PERORIN PREMIUM PERORIN PLANTING SAP SHEET,SOSU,,,,,,
4582174748705,748705,SOSU PERORIN SOLE CHAMOMILE,SOSU,,,,,,
4971710398670,398670,KOSE - SUNCUT TONE UP UV ESSENCE SPF 50+ PA++++ 80G,KOSE,,,,,,
4901872470709,470709,[OUTDATED] SHISEIDO TSUBAKI PREMIUM COOL SHAMPOO 490ML & CONDITONER 490ML PAIR SET (LIMITED EDITION),SHISEIDO,,,,,,
4956810803231,803231,KOKUBO CLEANER RACK(WHITE),KOKUBO,,,,,,
4956810803347,803347,KOKUBO SPONGE HOLDER(GREEN),KOKUBO,,,,,,
4992440016887,016887,ISHIZAWA LABS KEANA NADESHIKO BAKING SODA BATH SALT,ISHIZAWA,Order,,,,,
4992440037196,037196,ISHIZAWA LABS BATH SALT WARM,ISHIZAWA,Order,,,,,
4992440037172,037172,ISHIZAWA LABS BATH SALT SMOOTH,ISHIZAWA,Active,,,,,
4524785486041,486041,STARBUCKS SAKURA 2022 GLASS CUP AURORA 237ML STARBUCKS JAPAN LIMIT,STARBUCKS,,,,,,
4992440037189,037189,ISHIZAWA LABS BATH SALT MOIST,ISHIZAWA,Order,,,,,
4524785486478,486478,STARBUCKS SAKURA 2022 GLASS MUG CUP GRADATION 355ML LID STARBUCKS JAPAN LIMIT,STARBUCKS,,,,,,
4992440036397,036397,ISHIZAWA LABS KIDS SUNSCREEN,ISHIZAWA,,,,,,
4901301390448,390448,[OUTDATED] KAO MERIT SMOOTH! CONDITIONER KIDS PUMP 360ML,KAO,Active,,,,,
4909978120818,120818,SHISEIDO ANESSA DAY SERUM,SHISEIDO,,,,,,
4973167301012,301012,KATE VIRTUAL EYESMAKER / GN-1 KUSILO,SHISEIDO,Sense,,,,,
4540936002359,002359,MY LAUNDRY (COCONUT),MY LAUNDRY,,,,,,
4977673133006,133006,HOUSE OF ROSE - SAKURA FUFUFU OH! BABY BODY SMOOTHER 350G,HOUSE OF ROSE,,,,,,
4540936081576,081576,MY LAUNDRY (WHITE COTTON),MY LAUNDRY,,,,,,
4530025008904,008904,MAMA&KIDS BABY MILKY LOTION 150ML,MAMA&KIDS,Noncarry,,,,,
4530025009642,009642,MAMA&KIDS BABY MILKY CREAM 75G,MAMA&KIDS,Noncarry,,,,,
4530025012000,012000,MAMA&KIDS PREGNANCY MAMA BODY CREAM NATURAL MARK CREAM 150G,MAMA&KIDS,Noncarry,,,,,
4909978998998,998998,SHISEIDO ANESSA MOISTURE UV SUNSCREEN MILD GEL SPF 35 PA+++,SHISEIDO,,,,,,
4987306019485,019485,TAISHO KOUNAIE CANKER SORE CARE OINTMENT,TAISHO,,,,,,
8806403117534,117534,RYO ANTI-HAIR LOSS SHAMPOO - OILY (DARK PURPLE) 400ML,RYO,,,,,,
8806403162824,162824,RYO ANTI-HAIR LOSS SHAMPOO - SENSITIVE (DARK PURPLE) 400ML,RYO,,,,,,
8809685740520,740520,RYO DEEP CLEANSING SHAMPOO GREEN 550ML 8809685740520,RYO,,,,,,
8801042683686,683686,RYO SUPER REVITAL TOTAL CARE SHAMPOO (400ML),RYO,,,,,,
8809685740537,740537,RYO DEEP CLEANSING CONDITIONER GREEN 550ML 8809685740537,RYO,,,,,,
8801042685581,685581,RYO SUPER REVITAL TOTAL CARE CONDITIONER (400ML),RYO,,,,,,
8806403162817,162817,RYO ANTI-HAIR LOSS SHAMPOO - DRY SCALP (DARK PURPLE),RYO,,,,,,
8809685740506,740506,RYO DAMAGE CARE SHAMPOO RED 550ML 8809685740506,RYO,,,,,,
8809685740513,740513,RYO DAMAGE CARE CONDITIONER RED 550ML 8809685740513,RYO,,,,,,
8809685740544,740544,RYO SCALP CARE SHAMPOO BROWN 550ML 8809685740544,RYO,,,,,,
8809685740551,740551,RYO SCALP CARE CONDITIONER BROWN 550ML 8809685740551,RYO,,,,,,
8801042690363,690363,RYO HAIR LOSS CARE TREATMENT (200ML),RYO,,,,,,
4973167028148,028148,KATE ELECTRIC SHOCK EYES PU-1 LILAC FLASH,ISHIZAWA,,,,,,
4973167028216,028216,KATE ELECTRIC SHOCK EYES OR-1 APRICOT THUNDER,ISHIZAWA,,,,,,
4973167028223,028223,KATE ELECTRIC SHOCK EYES OR-2 CRASH BRONZE,ISHIZAWA,,,,,,
4901008312576,312576,CANMAKE SLIM LIAUID EYELINER 01 BLACK,CANMAKE,,,,,,
4901008312583,312583,CANMAKE SLIM LIAUID EYELINER 02 BROWN,CANMAKE,,,,,,
4901008303536,303536,CANMAKE SOFT CHECK BRUSH,CANMAKE,,,,,,
4901008303512,303512,CANMAKE HIGHLIGHT BRUSH,CANMAKE,,,,,,
4901008309453,309453,CANMAKE GLOW FLEUR HIGHLIGHTER 03 CRYSTAL LIGHT,CANMAKE,,,,,,
4901008312699,312699,CANMAKE COLOR MIXING CONCEALER 03,CANMAKE,,,,,,
4992440036335,036335,ISHIZAWA LABS KEANA BAKING SODA SCRUB WASH FOR MEN,ISHIZAWA,Active,,,,,
4992440036830,036830,ISHIZAWA LABS BATH SALT PURPLE,ISHIZAWA,,,,,,
4992440037004,037004,ISHIZAWA LABS BATH SALT BLUE,ISHIZAWA,,,,,,
4992440034614,034614,ISHIZAWA LABS GERMANIUM BATH SALT BLUE,ISHIZAWA,,,,,,
4992440014289,014289,ISHIZAWA LABS GERMANIUM BATH SALT RED,ISHIZAWA,,,,,,
4992440014531,014531,ISHIZAWA LABS GERMANIUM BATH SALT PINK,ISHIZAWA,,,,,,
4992440016566,016566,ISHIZAWA LABS GERMANIUM BATH SALT WHITE,ISHIZAWA,,,,,,
4992440016573,016573,ISHIZAWA LABS GERMANIUM BATH SALT BLACK,ISHIZAWA,,,,,,
4992440018393,018393,ISHIZAWA LABS GERMANIUM BATH SALT,ISHIZAWA,,,,,,
4992440032337,032337,ISHIZAWA LABS GERMANIUM CO2 BATH SALT,ISHIZAWA,,,,,,
4992440018379,018379,ISHIZAWA LABS BAKING SODA BATH SALT PINK,ISHIZAWA,,,,,,
6972416051584,051584,KASE AROMA RENEWAL BODY WASH (FIZZY NEROLI),KASE,,,,,,
6972416051591,051591,KASE AROMA RENEWAL BODY WASH (NOT THAT BLUE),KASE,,,,,,
6972416051607,051607,KASE AROMA RENEWAL BODY WASH (OSMANTHUS PARK ),KASE,,,,,,
6972416051614,051614,KASE AROMA RENEWAL BODY WASH (MIRACULOUS CURE ),KASE,,,,,,
6972416050235,050235,KASE FRAGRANCE AMINO ACID SHOWER FOAM WAKE UP,KASE,,,,,,
6972416050242,050242,KASE FRAGRANCE AMINO ACID SHOWER FOAM (GOOD NIGHT),KASE,,,,,,
6972416050259,050259,KASE FRAGRANCE AMINO ACID SHOWER FOAM (I'M GORGEOU),KASE,,,,,,
6972416050266,050266,KASE FRAGRANCE AMINO ACID SHOWER FOAM(HUG ME TIGHT),KASE,,,,,,
6972416050402,050402,KASE FRAGRANCE BODY MOISTURIZER TEARS OF LOVE,KASE,,,,,,
6972416050273,050273,KASE FRAGRANCE AMINO ACID SHOWER FOAM TEARS OF LOVE,KASE,,,,,,
6972416050365,050365,KASE FRAGRANCE BODY MOISTURIZER WAKE UP,KASE,,,,,,
6972416050389,050389,KASE FRAGRANCE BODY MOISTURIZER I'M GORGEOUS,KASE,,,,,,
6972416050396,050396,KASE FRAGRANCE BODY MOISTURIZER HUG ME TIGHT,KASE,,,,,,
6972416050464,050464,KASE REVERENCE AROMATIQUE FOAMING HAND WASH FULL OF ORANGES,KASE,,,,,,
6972416050471,050471,KASE REVERENCE AROMATIQUE FOAMING HAND WASH ROSE FOR YOU,KASE,,,,,,
6972416050488,050488,KASE REVERENCE AROMATIQUE FOAMING HAND WASH FLOATING DAY,KASE,,,,,,
6972416050457,050457,KASE REVERENCE AROMATIQUE FOAMING HAND WASH KILL THIS LOVE,KASE,,,,,,
6972416052109,052109,KASE MIAMOR SCENTED CANDLE,KASE,,,,,,
6973788770301,770301,ISHIZAWA LABS LULU PIG SCENT BOOSTER ROSE ESSENTIAL OIL,ISHIZAWA,,,,,,
6928075648078,648078,INNSO PERFUME BRUSH REFRESH,INNSO,,,,,,
6928075648085,648085,INNSO PERFUME BRUSH SWEET,INNSO,,,,,,
6928075648092,648092,INNSO PERFUME BRUSH MUSK,INNSO,,,,,,
6928075648108,648108,INNSO PERFUME BRUSH AROMATIC,INNSO,,,,,,
6928075648115,648115,INNSO PERFUME BRUSH SPICY,INNSO,,,,,,
4550424476494,476494,DISNEY KEY CHAIN EEYORE,DISNEY,,,,,,
4550424476487,476487,DISNEY KEY CHAIN PIGLET,DISNEY,,,,,,
4550424480002,480002,DISNEY KEY CHAIN ROO,DISNEY,,,,,,
4992440034539,034539,ISHIZAWA LABS HAMIGAKI BAKING SODA GLOSSY TOOTHPASTE,ISHIZAWA,Noncarry,,,,,
4992440036793,036793,ISHIZAWA LABS SALT TOOTHPASTE,ISHIZAWA,Noncarry,,,,,
4992440036182,036182,ISHIZAWA LABS BAKING SODA MOUTHWASH,ISHIZAWA,Noncarry,,,,,
4992440036823,036823,ISHIZAWA LABS KEANA TIGHTENING LOTION FOR MEN,ISHIZAWA,Active,,,,,
4992440018133,018133,ISHIZAWA LABS KEANA BAKING SODA SOAP,ISHIZAWA,Active,,,,,
4992440036724,036724,ISHIZAWA LABS KEANA BAKING SODA SOAP FOR MEN,ISHIZAWA,,,,,,
4992440032535,032535,ISHIZAWA LABS SQS MAKEUP REMOVER,ISHIZAWA,,,,,,
4992440032214,032214,ISHIZAWA LABS SQS FACE WASH,ISHIZAWA,,,,,,
4992440036076,036076,ISHIZAWA LABS SQS MOIST FACIAL LOTION,ISHIZAWA,,,,,,
4992440018898,018898,ISHIZAWA LABS SQS DEEP MOISTURE ESSENCE,ISHIZAWA,,,,,,
4992440034720,034720,ISHIZAWA LABS SQS DEEP MOISTURE MASK,ISHIZAWA,,,,,,
4992440010953,010953,ISHIZAWA LABS ACNEBARRIE MAKEUP REMOVER,ISHIZAWA,,,,,,
4992440010960,010960,ISHIZAWA LABS ACNEBARRIER FACE WASH,ISHIZAWA,,,,,,
4992440014135,014135,ISHIZAWA LABS ACNEBARRIER AHHA SOAP BAR,ISHIZAWA,,,,,,
4992440010977,010977,ISHIZAWA LABS ACNEBARRIER LOTION,ISHIZAWA,,,,,,
4992440014876,014876,ISHIZAWA LABS ACNEBARRIER FACIAL GEL,ISHIZAWA,,,,,,
4992440010984,010984,ISHIZAWA LABS ACNEBARRIER PROTECT SPOTS SERUM,ISHIZAWA,,,,,,
4992440037059,037059,ISHIZAWA LABS ACNEBARRIER PROTECT SPOTS 6ML,ISHIZAWA,,,,,,
4992440036991,036991,ISHIZAWA LABS WHITE FACE WASH 100G,ISHIZAWA,,,,,,
4992440034423,034423,ISHIZAWA LABS WHITE PACK N 130G,ISHIZAWA,,,,,,
4992440034812,034812,ISHIZAWA LABS WHITE SKIN LOTION 400ML,ISHIZAWA,,,,,,
4992440037035,037035,ISHIZAWA LABS WHITE CARE CREAM,ISHIZAWA,,,,,,
4992440036069,036069,ISHIZAWA LABS WHITE ESSENCE,ISHIZAWA,,,,,,
4992440034447,034447,ISHIZAWA LABS WHITE MASK 10PCS,ISHIZAWA,,,,,,
4992440037073,037073,ISHIZAWA LABS UV-YOHOU REFREWSH POPPING UV GEL,ISHIZAWA,,,,,,
4956810862924,862924,KOKUBO BAMBOO CHRCOAL SHOE FRESHENER BLUE,KOKUBO,,,,,,
4956810800940,800940,KOKUBO BREAD SLICING GUIDE,KOKUBO,,,,,,
4956810216291,216291,KOKUBO OIL HARDENING POWDER,KOKUBO,,,,,,
4956810217496,217496,KOKUBO SPONGE TYPE FILTER FOR DRAIN 4PCS,KOKUBO,,,,,,
4992440036205,036205,ISHIZAWA LABS KEANA GOODBYE PORE FOUNDATION LIGHT,ISHIZAWA,,,,,,
4992440036212,036212,[INVALID] ISHIZAWA LABS KEANA GOODBYE PORE FOUNDATION NATURAL,ISHIZAWA,,,,,,
4992440036199,036199,ISHIZAWA LABS KEANA GOODBYE PORE MAKEUP BASE,ISHIZAWA,,,,,,
4992440036861,036861,ISHIZAWA LABS KEANA COOL ESSENCE COTTON MAKER,ISHIZAWA,,,,,,
4973167031087,031087,KATE DESIGNING LINER EX-1 CLEAR DARK BROWN,ISHIZAWA,Sense,,,,,
6927999300024,300024,FUQING ANTI-BACTERIAL FACIAL MASK,FUQING,,,,,,
4549660461678,461678,MIRACLE ROMANCE MULTI CARRY FRAGRANCE CUTIE MOON ROD PINK,MIRACLE,,,,,,
4549660461685,461685,MIRACLE ROMANCE MULTI CARRY FRAGRANCE SPIRAL HEART MOON ROD PURPLE,MIRACLE,,,,,,
4549660461661,461661,MIRACLE ROMANCE MULTI CARRY FRAGRANCE MOON STICK BLUE,MIRACLE,,,,,,
4973167057780,057780,KRACIE ALLIE CHRONO BEAUTY FACIAL GEL UV EX,KRACIE,,,,,,
4530025013625,013625,MAMA&KIDS NIPPLE VEIL 13ML,MAMA&KIDS,Noncarry,,,,,
4530025011287,011287,MAMA&KIDS BABY PROTECT VEIL 18G,MAMA&KIDS,Noncarry,,,,,
4560364939393,939393,MICHE BLOOMIN FALSE EYELASHES NO.18 GIRLY MIX (3D RENEWAL),MICHE BLOOMIN,Noncarry,,,,,
4992440036083,036083,ISHIZAWA LABS KEANA BAKING SODA MOIST PEELING,ISHIZAWA,Active,,,,,
4992440034966,034966,ISHIZAWA LABS SUKOYAKA SUHADA UREA MOISTURE LOTION,ISHIZAWA,Active,,,,,
4992440034973,034973,ISHIZAWA LABS SUKOYAKA SUHADA UREA MOISTURE FACE CREAM,ISHIZAWA,Noncarry,,,,,
4992440034980,034980,ISHIZAWA LABS SUKOYAKA SUHADA UREA MOISTURE EYE CREAM,ISHIZAWA,Active,,,,,
4973167053867,053867,KATE SUPER SHINELINER EX3.0 BK-1,ISHIZAWA,,,,,,
4992440097091,097091,ISHIZAWA LABS KEANA BUBBLY STEP UP KIT FOR MEN,ISHIZAWA,,,,,,
4560364939232,939232,MICHE BLOOMIN FALSE EYELASHES NO. 02 PURE NUDE (3D RENEWAL),MICHE BLOOMIN,Noncarry,,,,,
4560364939331,939331,MICHE BLOOMIN FALSE EYELASHES NO. 12 SWEET BROWN (3D RENEWAL),MICHE BLOOMIN,Noncarry,,,,,
4550337913178,913178,PLUSH KEYCHAIN MY MELODY SANRIO SPRING COLOR,SANRIO,,,,,,
4550337913215,913215,PLUSH KEYCHAIN POMPOMPURIN SANRIO SPRING COLOR,SANRIO,,,,,,
4550337913239,913239,PLUSH KEYCHAIN CINNAMOROLL SANRIO SPRING COLOR,SANRIO,,,,,,
4550337913253,913253,PLUSH KEYCHAIN KUROMI SANRIO SPRING COLOR,SANRIO,,,,,,
4973167076583,076583,KATE PIN SPOT LINER GD-1,KAO,Sense,,,,,
4973167076569,076569,KATE PIN SPOT LINER WT-1,KAO,Sense,,,,,
4908049505530,505530,FANCL TURMERIC REVOLUTION EX 10 PACKETS,FANCL,,,,,,
4973167053874,053874,KATE EYELINER SUPER SHARP LINER EX BR-1 DARK BROWN,KRACIE,Sense,,,,,
4987072053287,053287,KOBAYASHI PHARMACEUTICAL IVON W VITAMIN PREMIUM 500ML,KOBAYASHI,,,,,,
4987035541219,541219,OTSUKA THE WISE MAN'S DINING DOUBLE SUPPORT,OTSUKA,,,,,,
6974191220032,220032,ZAUO UV HAT CLASSIC WHITE,ZAUO,Active,,,,,
6974191220049,220049,ZAUO UV HAT CLASSIC BLACK,ZAUO,Noncarry,,,,,
6974191221442,221442,ZAUO SUN PROTECT VISOR 12CM BLACK,ZAUO,,,,,,
6974191221459,221459,ZAUO SUN PROTECT VISOR 12CM KHAKI,ZAUO,Noncarry,,,,,
6974191221497,221497,ZAUO SUN PROTECT VISOR 12CM WHITE,ZAUO,Noncarry,,,,,
6973100340632,340632,MOJIESI FIVE ROWS OF FISH TAIL TYPE A EYELASH,MOJIESI,Noncarry,,,,,
6973100340779,340779,MOJIESI FIVE ROWS OF MIXED LOWER EYELASH,MOJIESI,Noncarry,,,,,
6973100340649,340649,MOJIESI FIVE ROWS OF CARAMEL FISH TAIL TYPE A EYELASH,MOJIESI,Noncarry,,,,,
69731003406566973100340816,340816,MOJIESI FIVE ROWS SANDWICH MIX EYELASH,MOJIESI,Noncarry,,,,,
MOJIESI-TWZ,SI-TWZ,MOJIESI TWEEZERS,MOJIESI,,,,,,
MOJIESI-GLU,SI-GLU,MOJIESI EYELASH GLUE,MOJIESI,,,,,,
4973167057803,057803,KRACIE ALLIE CHRONO BEAUTY COLOR TUNING UV 01 LIMITED SET 40G SPF50 +,KRACIE,,,,,,
4901301364029,364029,KAO BIORE UV AQUA RICH WATERY GEL 155ML 1.7 TIMES,KAO,,,,,,
4987072058213,058213,KOBAYASHI PHARMACEUTICAL BREATH CARE FRESH LEMON 30 TABLETS,KOBAYASHI,,,,,,
4570159423723,423723,MSH LOVELINER EYELINER TRUE BLACK,MSH,Noncarry,,,,,
4570159423730,423730,MSH LOVELINER EYELINER DARK BROWN,MSH,Noncarry,,,,,
4580295034226,034226,MSH LOVELINER EYELINER BROWN,MSH,Noncarry,,,,,
4580295034233,034233,MSH LOVELINER EYELINER MILK BROWN,MSH,Noncarry,,,,,
4580295034240,034240,MSH LOVELINER EYELINER ROSE BROWN,MSH,,,,,,
4580295034257,034257,MSH LOVELINER EYELINER GREGE BROWN,MSH,Noncarry,,,,,
4901008306957,306957,(暂废)CANMAKE MERMAID SKIN GEL UV 01 40G,CANMAKE,,,,,,
4953923309629,309629,POLA B.A LIGHT SELECTOR SPECIAL BOX N,POLA,,,,,,
4953923337622,337622,POLA B.A THE MASK 60G,POLA,,,,,,
4992440036908,036908,ISHIZAWA LABS NATURAL LAB HERB PEELING,ISHIZAWA,,,,,,
4992440018454,018454,ISHIZAWA LABS ORANGE HAIR GROWTH SERUM,ISHIZAWA,,,,,,
4992440018843,018843,ISHIZAWA LABS &NAIL MOISTURE SPA REMOVER 100ML,ISHIZAWA,,,,,,
4992440032788,032788,ISHIZAWA LABS &NAIL HEALING GEL OIL,ISHIZAWA,,,,,,
4992440018096,018096,ISHIZAWA LABS &NAIL ORGANIC BLEND OIL,ISHIZAWA,,,,,,
4992440036168,036168,ISHIZAWA LABS &NAIL BOTANICAL CLEAR COAT,ISHIZAWA,,,,,,
4987009157361,157361,PITTA MASK FOR CHILDREN SMALL PINK,PITTA,,,,,,
4987009157354,157354,PITTA MASK SMALL PASTEL (3 PIECES),PITTA,,,,,,
4530025013434,013434,MAMA&KIDS OLIGO MOIST SHAMPOO HS 300ML,MAMA&KIDS,Noncarry,,,,,
4530025013458,013458,MAMA&KIDS OLIGO TREATMENT MILK HS 300ML,MAMA&KIDS,Noncarry,,,,,
4901301276070,276070,KAO CUREL SHAMPOO PUMP 420ML,KAO,,,,,,
4901301276100,276100,KAO CUREL CONDITIONER PUMP 420ML,KAO,,,,,,
4901301336262,336262,KAO CUREL HAND CREAM 50G,KAO,Noncarry,,,,,
4901301382528,382528,KAO CUREL MOIST REPAIR EYE CREAM 25G,KAO,Active,,,,,
4901301403636,403636,KAO MERIT SHAMPOO & CONDITIONER CHERRY SCENT EACH 480ML PUMP SET,KAO,,,,,,
4901417628534,628534,KRACIE SKIN BEAUTY ONE WRINKLE CARE ADHESIVE THICK EYE CREAM 15G,KRACIE,Noncarry,,,,,
4901417629517,629517,KRACIE SKIN BEAUTY CHOI CHOI MASK CARE 10 PIECES,KRACIE,,,,,,
4901417630834,630834,KRACIE HADABISEI PREMIER 3D MASK 3 PIECES,KRACIE,,,,,,
4901417630216,630216,KRACIE HADABISEI BALANCING 3D MASK MOISTURE SERUM 3 PIECES,KRACIE,,,,,,
4901417630841,630841,KRACIE BALANCING MOISTURE 3D TEATREE FACIAL MASK,KRACIE,,,,,,
4901525009836,009836,COW BOUNCIA BODY SOAP WHITE FLOWER GARDEN FRAGRANCE 500ML,COW,,,,,,
4901872472949,472949,SHISEIDO TSUBAKI PREMIUM MOISTURIZING BODY SENSORY SET,SHISEIDO,,,,,,
4901872472956,472956,SHISEIDO TSUBAKI PREMIUM REPAIR EXPERIENCE SET WITH PREMIUM REPAIR MASK 490ML,SHISEIDO,,,,,,
4971825016582,016582,DEONATULLE SOFT STONE W (20G),DEONATULLE,Sense,,,,,
4987241169665,169665,Melano CC stain prevention lotion 170ML,,,,,,,
4987241169696,169696,Melano CC stain prevention moisturizing cream 23g,,,,,,,
4987241169702,169702,Melano CC Stain Gel 100g,,,,,,,
4987241169931,169931,ROHTO MELANO CC CONCENTRATION COUNTERMEASURE MASK LARGE CAPACITY 20 SHEETS,ROHTO,,,,,,
4492440014135,014135,ISHIZAWA LABS ACNEBARRIER AHA SOAP BAR,ISHIZAWA,,,,,,
499240034817,034817,KEANA NADESHIKO RICE TONER N,ISHIZAWA,,,,,,
4492440010984,010984,ISHIZAWA LABS ACNEBARRIER PROTECT SPOTS 6ML,ISHIZAWA,,,,,,
4992440018911,018911,ISHIZAWA LABS BOTANICAL HEAD SPA JAR,ISHIZAWA,,,,,,
4992440020815,020815,ISHIZAWA LABS BOTANICAL HEAD SPA ROSE JAR,ISHIZAWA,,,,,,
4992440032832,032832,ISHIZAWA LABS NAIL CUTICLE REMOVE PEN,ISHIZAWA,,,,,,
4992440036175,036175,ISHIZAWA LABS &NAIL BED OIL,ISHIZAWA,,,,,,
4992440018102,018102,ISHIZAWA LABS & NAIL DEEP HAND TREATMENT,ISHIZAWA,,,,,,
4589919561896,561896,AHALO BUTTER RICH MOIST SHAMPOO,AHALO,,,,,,
4589919561902,561902,AHALO BUTTER RICH MOIST TREATMENT,AHALO,,,,,,
4589919562220,562220,AHALO BUTTER SMOOTH REPAIR SHAMPOO,AHALO,,,,,,
4589919562237,562237,AHALO BUTTER SMOOTH REPAIR TREATMENT,AHALO,,,,,,
6972416052154,052154,KASE FRAGRANCE LIMITED SET,KASE,,,,,,
4582499112106,112106,LAYERED FRAGRANCE HAND AND BODY WASH LEMON PEEL 500ML,LAYERED FRAGRANCE,,,,,,
4580308965998,965998,ONSENSOU BODY CLEANSER,ONSENSOU,,,,,,
4580308966578,966578,ONSENSOU HOT SPRING ALGAE ESSENCE SCALP,ONSENSOU,,,,,,
4580308965578,965578,ONSENSOU HOT SPRING ALGAE ESSENCE SCALP,ONSENSOU,,,,,,
4580308965639,965639,ONSENSOU HOT SPRING ALGAE ESSENCE SCALP CARE SHAMPOO MILD,ONSENSOU,,,,,,
4580308965585,965585,ONSENSOU HOT SPRING ALGAE ESSENCE SCALP CARE TREATMENT,ONSENSOU,,,,,,
4901433076869,076869,ISEHAN KISS ME HEROINE MAKEUP SP LONG STAY SHARP GEL LINER 03 EYELINER NATURAL BROWN,ISEHAN,,,,,,
4956810234158,234158,KOKUBO PLASTIC SUSHI MAT GREEN,KOKUBO,,,,,,
4956810802517,802517,KOKUBO NOODLE SPOON,KOKUBO,,,,,,
4956810802524,802524,KOKUBO GRILL SPATULA ORANGE,KOKUBO,,,,,,
4956810802531,802531,KOKUBO GRILL SPATULA YELLOW,KOKUBO,,,,,,
4956810802548,802548,KOKUBO GRILL SPATULA LIGHT YELLOW,KOKUBO,,,,,,
4956810802562,802562,KOKUBO POTATO MASHER,KOKUBO,,,,,,
4956810804283,804283,KOKUBO MULTIPURPOSE TONGS GREEN,KOKUBO,,,,,,
6972416052178,052178,KASE MI AMOR SCENTED GIFT SET,KASE,,,,,,
4901301388063,388063,KAO BIORE FOAM CREAM MAKEUP REMOVER,KAO,,,,,,
4901301387516,387516,KAO BIORE CLEANSING WIPES 32 ​SHEETS,KAO,,,,,,
4987072046739,046739,KOBAYASHI TABLET TOILET BOWL REFRESHER - ELEGANT PERFUMED SCENT,KOBAYASHI,,,,,,
4987072054277,054277,KOBAYASHI TABLET TOILET BOWL REFRESHER - FRESH FLORAL SCENT,KOBAYASHI,,,,,,
4987072054215,054215,KOBAYASHI TABLET TOILET BOWL REFRESHER - FRESH SOAP SCENT,KOBAYASHI,,,,,,
4537715985125,985125,LUCKY DOUBLE EYELID TAPE (30 PIECES),LUCKY,,,,,,
4902111767819,767819,LUX SUPER RICH SHINE HELLO KITTY BODY PAIR,LUX,,,,,,
4901301365538,365538,KAO BIORE TEGOTAE NIGHT USE MOSITURE EYE MASK,KAO,,,,,,
4902424433081,433081,FUMAKILLA SKIN VAPE MOSQUITO REPELLENT SPRAY,FUMAKILLA,Sense,,,,,
4902424433050,433050,FUMAKILLA SKIN VAPE MIST,FUMAKILLA,Sense,,,,,
8809685752172,752172,RYO HAIR LOSS EXPERT CARE TREATMENT ROOT STRENGTH 330ML,RYO,,,,,,
8809685752189,752189,RYO HAIR LOSS EXPERT CARE TREATMENT DEEP NUTRITION 330ML,RYO,,,,,,
8801042690608,690608,RYO DAMAGE CARE TREATMENT 180ML,RYO,,,,,,
8806390529860,529860,MISE EN SCENE HELLO BUBBLE FOAM COLOR- PRE-COLOR 25G,MISE EN SCENE,,,,,,
8809685768326,768326,MISE EN SCENE HELLO BUBBLE FOAM COLOR- DARK ASH 5A 6 CARTONS,MISE EN SCENE,,,,,,
8809685768319,768319,MISE EN SCENE HELLO BUBBLE FOAM COLOR- ASH TAUPE GRAY 7A 6 CARTONS,MISE EN SCENE,,,,,,
8801042654464,654464,MISE EN SCENE HELLO BUBBLE FOAM COLOR- DARK CHOCO TURN 3NT,MISE EN SCENE,,,,,,
8801042654457,654457,MISE EN SCENE HELLO BUBBLE FOAM COLOR- ASH KHAKI 7K,MISE EN SCENE,,,,,,
8809516843673,843673,MISE EN SCENE HELLO BUBBLE FOAM COLOR-SAHARA PINK ROSE 7P,MISE EN SCENE,,,,,,
8809585081068,081068,MISE EN SCENE HELLO BUBBLE FOAM COLOR-SUNSET ORANGE 8O,MISE EN SCENE,,,,,,
8806403297991,297991,MISE EN SCENE HELLO BUBBLE FOAM COLOR-VANILLA GOLD 10G,MISE EN SCENE,,,,,,
8809516843666,843666,MISE EN SCENE HELLO BUBBLE FOAM COLOR-ROSE GOLD 11RG,MISE EN SCENE,,,,,,
8809516843659,843659,MISE EN SCENE HELLO BUBBLE FOAM COLOR-METALIC ASH 7MA,MISE EN SCENE,,,,,,
8806403297939,297939,MISE EN SCENE HELLO BUBBLE FOAM COLOR-CHOCO BROWN 6N,MISE EN SCENE,,,,,,
8809643080729,080729,MISE EN SCENE HELLO BUBBLE FOAM COLOR-MERMAID GREEN 4GN 2 CARTONS,MISE EN SCENE,,,,,,
8809608284612,284612,MISE EN SCENE HELLO BUBBLE FOAM COLOR-TWINKLE BLUE 9B,MISE EN SCENE,,,,,,
8809707252819,252819,INNISFREE SUPER VOLCANIC PORE MICELLAR CLEANSING FOAM 2X (150ML),INNISFREE,,,,,,
8809612864374,864374,INNISFREE SUPER VOLCANIC PEEL OFF MASK 2X (100ML),INNISFREE,,,,,,
8809652908915,908915,INNISFREE APPLE SEED LIP & EYE MAKEUP REMOVER (100ML),INNISFREE,,,,,,
8809707267271,267271,INNISFREE OLIVE REAL CLEANSING FOAM (150ML),INNISFREE,,,,,,
8809652908939,908939,INNISFREE APPLE SEED SOFT CLEANSING FOAM (150G),INNISFREE,,,,,,
8809652905990,905990,INNISFREE BIJA TROUBLE FACIAL FOAM (150ML),INNISFREE,,,,,,
8809707252826,252826,NNISFREE JEJU VOLCANIC PORE CLEANSING FOAM EX 150ML,INNISFREE,,,,,,
8809612864350,864350,INNISFREE PORE CLEARING CLAY MASK WITH SUPER VOLCANIC CLUSTER (100ML),INNISFREE,,,,,,
8809707267615,267615,INNISFREE GREEN TEA FOAM CLEANSER 150ML,INNISFREE,,,,,,
8809612860345,860345,INNISFREE SPECIAL CARE HAND MASK,INNISFREE,,,,,,
8809612860352,860352,INNISFREE SPECIAL CARE FOOT MASK,INNISFREE,,,,,,
8809643670289,670289,WONJIN HYDRO VIAL (30G X 10 PCS),WONJIN,,,,,,
8809643670241,670241,WONJIN POWER REJUVENATION (30G X 10 PCS),WONJIN,,,,,,
8809643670265,670265,WONJIN ENERGY SUPPLEMENT (30G X 10 PCS),WONJIN,,,,,,
8809505541047,541047,JM SOLUTION HONEY LUMINOUS ROYAL PROPOLIS MASK [1PC 8809505541030],JM SOLUTION,Active,,,,,
4987306055667,055667,TAISHO PHARMACEUTICAL VICKS MEDICATED DROP GRAPE 20 PCS,TAISHO,Noncarry,,,,,
4987306055568,055568,TAISHO PHARMACEUTICAL VICKS MEDICATED DROP ORANGE 20 PIECES,TAISHO,Noncarry,,,,,
4987306055544,055544,TAISHO PHARMACEUTICAL VICKS MEDICATED DROP LEMON 20 PIECES,TAISHO,Noncarry,,,,,
4987306047730,047730,TAISHO PABLON KIDS KAZE FINE GRANULES 12 PACKETS,TAISHO,,,,,,
4992440034737,034737,ISHIZAWA LABS SHIGAISEN YOHOU TRANSPARENT UV SPRAY,ISHIZAWA,,,,,,
4901008307145,307145,CANMAKE QUICK & EASY REMOVER 100ML,CANMAKE,,,,,,
4901008311272,311272,CANMAKE COLORFUL NAILS N17 CREAM CHAI,CANMAKE,,,,,,
4901008313269,313269,CANMAKE COLORFUL NAILS N44 MANICURE CHIC GRAY 8ML,CANMAKE,,,,,,
4901008311166,311166,CANMAKE COLORFUL NAILS N06 RASPBERRY MILK 8ML,CANMAKE,,,,,,
4901008311524,311524,CANMAKE COLORFUL NAILS N28 SMOKY AQUA 8ML,CANMAKE,,,,,,
4901008311432,311432,CANMAKE COLORFUL NAILS N19 SWEET CORAL 8ML,CANMAKE,,,,,,
4901008311500,311500,CANMAKE COLORFUL NAILS N26 LADY KHAKI 8ML,CANMAKE,,,,,,
4901008311227,311227,CANMAKE COLORFUL NAILS N12 ALMOND GREEN 8ML,CANMAKE,,,,,,
4901008311487,311487,CANMAKE COLORFUL NAILS N24 TWINKLE DROP 8ML,CANMAKE,,,,,,
4901008304298,304298,CANMAKE GEL VOLUME TOP COAT 10ML,CANMAKE,,,,,,
4987426002626,002626,MUHI SCRATCH TAPE (20 SHEETS),MUHI,Sense,,,,,
4987316026589,026589,SATO Polybaby,,,,,,,
4987072023822,023822,KOBAYASHI PHARMACEUTICAL NODONURU SPRAY KIDS 15ML,KOBAYASHI,Noncarry,,,,,
4973167201756,201756,Kanebo Lunasol Colorful Sky Eyes 03 Pink Orange For Makeup Beuaty Women,,,,,,,
4549813039785,039785,TOMORROW ADJUSTER AIRY TOUCH UV SPRAY UNSCENTED 200G,AJUSTE,,,,,,
4549813039792,039792,EASY TOMORROW ADJUST AIRY TOUCH UV SPRAY CLEAN SHABON 200G,AJUSTE,,,,,,
4582425685117,685117,LISHAN ISTYLE RICHAN VALUE UV PROTECTION SPRAY 250G,LISHAN,,,,,,
4953923307694,307694,POLA ESTHE PRO FACIAL MASK,POLA,,,,,,
4953923307700,307700,POLA ESTHETIC PRO BA FACIAL CARE SET,POLA,,,,,,
4901433038126,038126,ISEHAN KISS ME PRIME LIQUID EYELINER SUPER BLACK,ISEHAN,Active,,,,,
4901433038133,038133,ISEHAN KISS ME PRIME LIQUID EYELINER DARK BROWN,ISEHAN,Active,,,,,
4901433038140,038140,ISEHAN KISS ME PRIME LIQUID EYELINER NATURAL BROWN,ISEHAN,Active,,,,,
4901433038492,038492,ISEHAN PRIME LONG UP MASCARA SWP BLACK,ISEHAN,Active,,,,,
4901433038508,038508,ISEHAN KISSME PRIME LONG UP MASCARA SWP BROWN,ISEHAN,Active,,,,,
4901433038522,038522,ISEHAN KISSME PRIME VOLUME UP MASCARA SWP BLACK,ISEHAN,,,,,,
4901433038539,038539,ISEHAN KISS ME VOLUME UP MASCARA SUPER WATERPROOF BROWN,ISEHAN,Active,,,,,
4973307348310,348310,Skater Emergency Bansoukou Shimajiro,,,,,,,
4956810803156,803156,KOKUBO MULTIPURPOSE BRUSH - WHITE,KOKUBO,,,,,,
4513574015951,015951,KUMANO KUMANOYUSHI HORSE OIL NON SILICON BODY SOAP 600ML,KUMANO,Active,,,,,
4977673097032,097032,HOUSE OF ROSE OH BABY BODY SMOOTHER 350G BODY SCRUBS MASSAGE,HOUSE OF ROSE,,,,,,
4953923306383,306383,POLA RED BA TREATMENT WASH 120G,POLA,,,,,,
4953923306406,306406,POLA RED BA BA VOLUME MOISTURE LOTION 120ML,POLA,,,,,,
4953923306413,306413,POLA RED B.A MULTI CONCENTRATE FACIAL CREAM 50G,POLA,,,,,,
4901301289377,289377,KAO CUREL MOISTURE FOAMING BODY WASH,KAO,Active,,,,,
4973167451205,451205,wakado sheet,,,,,,,
4969133915628,915628,Cogit Precious UV Compact Visor Compact Visor,COGIT,,,,,,
4969133916540,916540,Precious UV Heat-shielding light-shielding wide-brimmed arch hat black,COGIT,,,,,,
4969133916595,916595,Precious UV Heat-shielding light-shielding Wide-brimmed arch hat Earth gray,COGIT,,,,,,
4969133976261,976261,COGIT Precious UV Ribbon Paper Blade Hat Natural,COGIT,,,,,,
4969133911651,911651,COGIT Precious UV Multi Comfort Hike Hat Black,COGIT,,,,,,
4969133911668,911668,COGIT Precious UV Multi Comfort Hike Hat Olive,COGIT,,,,,,
4902508001151,001151,PIGEON OUTDOOR MIST 50ML INSECT REPELLENT MIST,PIGEON,,,,,,
4902508070706,070706,PIGEON BABY POWDER (MOMO) 125G,PIGEON,Active,,,,,
4902508084239,084239,PIGEON MEDICINAL POWDER CREAM (MOMO) 60G,PIGEON,,,,,,
4901872470549,470549,SHISEIDO TSUBAKI (TSUBAKI) PREMIUM REPAIR MASK S (180G),SHISEIDO,,,,,,
4545633522599,522599,TRAIN ARM COVER COOL CONTACT UV CUT RATE 99%,TRAIN,,,,,,
4545633521875,521875,TRAIN HYPER COOL ARM COVER BLACK,TRAIN,,,,,,
4545633521851,521851,TRAIN WOMAN'S DESIRE COOL & UV INNER MESH ARM COVER COOL,TRAIN,,,,,,
4530025012024,012024,MAMA&KIDS NATURAL MARK CREAM VALUE SIZE 470G,MAMA&KIDS,Noncarry,,,,,
4530025012147,012147,MAMA&KIDS FIRMING LIFT TIGHTENING GEL MAMA & KIDS MATERNITY 200ML,MAMA&KIDS,Noncarry,,,,,
4901301210708,210708,KAO CUREL CREAM JAR 90G,KAO,Active,,,,,
4560364939218,939218,MICHE BLOOMIN POINT HAIR STICK,MICHE BLOOMIN,,,,,,
4545633521820,521820,TRAIN 女之欲望 UV防晒 冰袖臂套,TRAIN,,,,,,
4515061089414,089414,BCL MOMO PURI MOIST CLEANSING WASH,BCL,Noncarry,,,,,
4545633521882,521882,TARIN HYPER COOL ARM COVER GREY,TRAIN,,,,,,
4545633521899,521899,TARIN HYPER COOL ARM COVER PINK,TRAIN,,,,,,
4969133902918,902918,COGIT Uv Denim Wide Brim Hat Strip,COGIT,,,,,,
4969133909351,909351,COGIT Uv Denim Visor Hat Black,COGIT,,,,,,
4969133909368,909368,COGIT Uv Safari Hat Brown,COGIT,,,,,,
4969133924958,924958,COGIT Uv Casquette Hat Black,COGIT,,,,,,
4969133924965,924965,COGIT Uv Casquette Hat Earth Grey,COGIT,,,,,,
4969133975806,975806,COGIT Uv Denim Hat Navy,COGIT,,,,,,
4969133975844,975844,COGIT Uv Denim Hat Black Strip,COGIT,,,,,,
4901872461615,461615,SHISEIDO FINO SHAMPOO,SHISEIDO,Active,,,,,
4901872461622,461622,SHISEIDO FINO CONDITIONER,SHISEIDO,Active,,,,,
4902508000154,000154,PIGEON FIRST TIME MASK 7PCS,PIGEON,,,,,,
4902806460513,460513,MANDOM BIFESTA MOIST FOAMING WHIP PINK,MANDOM,Active,,,,,
4902806460681,460681,MANDOM BIFESTA UP FOAMING WHIP BLUE,MANDOM,,,,,,
4580679800010,800010,OCEAN TRICO ANSWER AMINO SHAMPOO,OCEAN TRICO,,,,,,
4580679800027,800027,OCEAN TRICO ANSWER AMINO TREATMENT,OCEAN TRICO,,,,,,
4562350984684,984684,ALOE VERA SMOOTHING GEL,ALOE VERA,,,,,,
4562350984691,984691,CICA SMOOTHING GEL,CICA,,,,,,
4573342841083,841083,ROCKY HAIR REMOVAL CREAM,ROCKY,,,,,,
4987306047761,047761,TAISHO KIDS COLD SYRUP,TAISHO,Noncarry,,,,,
4580679800188,800188,OCEAN TRICO FACE WASH,OCEAN TRICO,,,,,,
4580679800256,800256,OCEAN TRICO AMSWER TREATMENT MOIST,OCEAN TRICO,,,,,,
4580679800249,800249,OCEAN TRICO ANSWER SHAMPOO MOIST,OCEAN TRICO,,,,,,
4580679800171,800171,OCEAN TRICO ANSWER AMINO HAIR BOOST,OCEAN TRICO,,,,,,
4580679800157,800157,OCEAN TRICO BODY SOAP WHITE,OCEAN TRICO,,,,,,
4580679800164,800164,OCEAN TRICO BODY SOAP ORANGE,OCEAN TRICO,,,,,,
4560413152711,152711,AXXZIA VENUS RECIPE WHITE AMINO'S DRINK NEW,AXXZIA,Order,,,,,
4515061089193,089193,BCL MOMOPURI MOISTURIZING DENSE MILK JURE MASK 4 PIECES,BCL,Noncarry,,,,,
4545633521837,521837,TRAIN WOMAN'S DESIRE COOL & UV ARM COVER BLACK X GRAY,TRAIN,,,,,,
4545633522582,522582,TRAIN UV OUTDOOR OUTDOOR COOL RUSH GUARD ARM COVER (THUMB COVER),TRAIN,,,,,,
4545633522605,522605,TRAIN UV OUTDOOR ARM COVER 5 FINGERS FINGERTIP OPEN COOL COOL RUSH GUARD BLACK ARM COVER,TRAIN,,,,,,
4969133911569,911569,Precious UV Cool Compact Hike Hat Indigo,COGIT,,,,,,
4969133916243,916243,Precious UV Bandana Roll Paisley Do,COGIT,,,,,,
4969133916250,916250,Precious UV Bandana Roll Paisley Dot,COGIT,,,,,,
4901301289353,289353,KAO CUREL INTENSIVE MOISTURE BODY WASH 420ML,KAO,Active,,,,,
4901301392398,392398,KAO LAURIER SKIN CLEAN GUARD FOR NIGHT WITH WINGS 9 PIECES X 2,KAO,Active,,,,,
4901301392411,392411,KAO LAURIER SKIN CLEAN GUARD SANITARY PAD WING REGULAR FLOW 20.5CM 20 PADS X2,KAO,Active,,,,,
4902508115414,115414,PIGEON MILK TOOTHBRUSH SET FOR THE FIRST TIME,PIGEON,,,,,,
4902508115421,115421,PIGEON MILK TOOTHBRUSH LESSON STAGE 1,PIGEON,,,,,,
4902508115438,115438,PIGEON BABY TOOTHBRUSH LESSON STAGE 2 1 PC,PIGEON,,,,,,
4902508115476,115476,PIGEON FINISHING GUM MASSAGE-FRONT TOOTH BRUSHING,PIGEON,,,,,,
4902508115490,115490,PIGEON FINISHING POINT POLISH 1 PIECE,PIGEON,,,,,,
4902508121316,121316,PIGEON BABY WASHING DETERGENT PURE 800ML,PIGEON,,,,,,
4902508210072,210072,PIGEON INSECT KURURIN CLOTH MIST TYPE,PIGEON,Active,,,,,
4902508210096,210096,PIGEON INSECT KURURIN SEAL TYPE,PIGEON,Active,,,,,
4956810804986,804986,KOKUBO HARDEN PON KK-498 NEW PACKAGE,KOKUBO,,,,,,
4987072069714,069714,KOBAYASHI ATHLETE FOOT TREATMENT,KOBAYASHI,Noncarry,,,,,
4987316128085,128085,SATO PHARMACEUTICAL DALACIN T GEL 1%,SATO,,,,,,
4908049506964,506964,FANCL SUNGUARD 50+ BROTECH UV,FANCL,,,,,,
4571139244314,244314,PILLBOX ONAKA DIET PILL,PILLBOX,Active,,,,,
4901301312471,312471,KAO NIVEA FLAVOR LIP DELICIOUS DROP PEACH,KAO,,,,,,
4901301407290,407290,KAO NIVEA UV WATER GEL SPF50 PUMP + NIVEA FACE WASH MINI,KAO,,,,,,
4580514122147,122147,SHIRO FRAGRANCE WHITE TEA BODY MILK 195G,SHIRO,,,,,,
4582547932298,932298,LOVISIA - SANRIO POMPOMPURIN LIP GLOSS CHERRY PINK,LOVISIA,,,,,,
4582547932304,932304,LOVISIA - SANRIO POCHACCO LIP GLOSS PLUM ROSE,LOVISIA,,,,,,
4582547932311,932311,LOVISIA - SANRIO TUXEDO SAM LIP GLOSS ORANGE BROWN,LOVISIA,,,,,,
4582547932328,932328,LOVISIA - SANRIO CINNAMOROLL LIP GLOSS CLEAR GLITTER,LOVISIA,,,,,,
4582547932335,932335,LOVISIA - SANRIO POMPOMPURIN EYESHADOW PALETTE FRESH ORANGE,LOVISIA,,,,,,
4582547932342,932342,LOVISIA - SANRIO POCHACCO EYESHADOW PALETTE JUICY CORAL,LOVISIA,,,,,,
4582547932359,932359,LOVISIA - SANRIO TUXEDO SAM EYESHADOW PALETTE SWEET BROWN,LOVISIA,,,,,,
4582547932366,932366,LOVISIA - SANRIO CINNAMOROLL EYESHADOW PALETTE PURE PINK,LOVISIA,,,,,,
4582547932373,932373,LOVISIA - SANRIO MAKEUP BRUSH SET PINK,LOVISIA,,,,,,
4973167078945,078945,KATE EYEBROW PENCIL Z BR-5 ASH BROWN,SHISEIDO,Sense,,,,,
4560413150809,150809,AXXZIA BEAUTY FORCE PURIFYING WASH FOAM 0809,AXXZIA,,,,,,
4560184394228,394228,DIET MARU JELLY 120G,EISHIN,,,,,,
4580722560403,560403,OHANA MAHAALO EAU DE COLOGNE IRANANA NANI 30ML,OHANA,,,,,,
2400031787525,787525,GELATO PIQUE PEACH MOTIF SHIRT & SHORTS SET,GELATO PIQUE,,,,,,
4956810216703,216703,KOKUBO MOUSE GLUE TRAP BOARD,KOKUBO,,,,,,
4956810235957,235957,KOKUBO CLOSET LINER,KOKUBO,,,,,,
4956810804276,804276,KOKUBO MUTI-FUNCTION SERVICE TONGS,KOKUBO,,,,,,
4956810234134,234134,KOKUBO SUSHI ROLLING MAT - PINK,KOKUBO,,,,,,
4956810234141,234141,KOKUBO SUSHI ROLLING MAT - YELLOW,KOKUBO,,,,,,
4961989409306,409306,PDC WAFOOD MADE UJI MATCHA ALL-IN-ONE GEL 100G,PDC,,,,,,
4560364937177,937177,LATTE SHAM CAFFEINE & MILK,LATTE SHAM,,,,,,
4580679800195,800195,OCEAN TRICO MEDICINAL TONER CARE FOR ACNE AND ROUGH SKIN,OCEAN TRICO,,,,,,
4580679800201,800201,OCEAN TRICO MEDICINAL MILKY LOTION SMOOTH MILK FOR STICKY MEN'S SKIN!,OCEAN TRICO,,,,,,
4987244194053,194053,Milk Dessert Base Strawberry and Carrot,WAKODO,,,,,,
4987244194060,194060,Milk Dessert Base Apple and Carrot,WAKODO,,,,,,
4987244194077,194077,Milk Dessert Base Peach and Pumpkin,WAKODO,,,,,,
4987244195029,195029,Oyaki Dumpling Mix for Baby Carrot & Spinach,WAKODO,,,,,,
4987244195036,195036,Oyaki Dumpling Mix for Baby Chicken Liver & Pumpkin,WAKODO,,,,,,
4987244195609,195609,Ready-to-Serve Pumpkin Cream Flavor Sauce,WAKODO,,,,,,
4987084410443,410443,SANTEN SANTE FX NEO 12ML EYE DROP,SANTEN,,,,,,
4987240631217,631217,RYUKAKUSAN THROAT REFRESHING CANDY AND GRACEFUL WHITE PEACH FLAVOR (80G),RYUKAKUSAN,,,,,,
4977673131422,131422,HOUSE OF ROSE OH BABY BODY SMOOTHER GL GREEN LEMON FRAGRANCE 350G,HOUSE OF ROSE,,,,,,
4987072070628,070628,KOBAYASHI MOTHER OF LIFE A 840 TABLETS KOBAYASHI PHARMACEUTICAL,KOBAYASHI,,,,,,
4538604002077,002077,UFC CHILDREN'S DENTAL FLOSS FLOSSY 60 PIECES,UFC,,,,,,
4901872521616,521616,SHISEIDO SHISEIDO SERUM NOIR HAIR MASSAGE SHAMPOO N,SHISEIDO,Active,,,,,
4987205286735,286735,HOYU CIELO DESIGNING COLOR ROYAL ASH,HOYU,,,,,,
4987205286636,286636,HOYU CIELO DESIGNING COLOR MINTHA ASH,HOYU,,,,,,
4902806234299,234299,MANDOM LUCIDO L MILK JAM HAIR COLOR CAFE CHIFFON,MANDOM,,,,,,
4987072024324,024324,KOBAYASHI THROAT PAIN RELIEF,KOBAYASHI,Noncarry,,,,,
4543802602592,602592,PLIFT VP LIP GLOSS 6ML LIP BEAUTY,PLIFT,,,,,,
4902806221954,221954,MANDOM LUCIDO L MILK JAM HAIR COLOR CLASSIC MILK TEA,MANDOM,,,,,,
4902806212013,212013,MANDOM LUCIDO-L CREAMY MILK HAIR COLOR - CHOCOLATE GANACHE,MANDOM,,,,,,
4987072085554,085554,KOBAYASHI TOILET DEODORANT SOURCE SPRING LIMITED CHERRY BLOSSOM SCENT 400ML,KOBAYASHI,,,,,,
4560119225740,225740,MOIST DIANE PERFECT BEAUTY-SHAMPOO & TREATMENT EXTRA STRAIGHT (450ML * 2 PIECES),MOIST DIANE,,,,,,
4560119225757,225757,MOIST DIANE PERFECT BEAUTY SHAMPOO & TREATMENT EX DAMAGE REPAIR (450ML * 2 PIECES) / MOIST DIANE (SHAMPOO),MOIST DIANE,,,,,,
4560119225764,225764,MOIST DIANE PERFECT BEAUTY SHAMPOO & TREATMENT EXTRA SHINE (450ML * 2 PIECES) / MOIST DIANE,MOIST DIANE,,,,,,
4589919563999,563999,AMINO MASON MOIST SAKURA LIMITED KIT 2022,AMINO MASON,,,,,,
4589919564002,564002,AMINO MASON SMOOTH SAKURA LIMITED KIT 2022,AMINO MASON,,,,,,
4589919564019,564019,AMINO MASON AMINO MASON HAIR OIL MOIST 100ML SAKURA BOUQUET FRAGRANCE LIMITED EDITION 100ML,AMINO MASON,,,,,,
4589919564026,564026,AMINO MASON HAIR OIL MOIST 100ML SAKURA BOUQUET FRAGRANCE EX LIMITED EDITION100ML,AMINO MASON,,,,,,
4589919565054,565054,AMINO MASON INTENSIVE HAIR MASK SAKURA 2022,AMINO MASON,,,,,,
4901301289421,289421,KAO BIORE U FOAM HAND SOAP PUMP,KAO,,,,,,
4901301289438,289438,KAO BIORE U FOAM HAND SOAP FRUIT PUMP,KAO,,,,,,
4901301289445,289445,KAO BIORE U FOAM HAND SOAP CITRUS PUMP,KAO,,,,,,
4901417161499,161499,KRACIE NAIVE BODY SOAP PEACH LEAF DESIGN PRODUCT 530 ML,KRACIE,,,,,,
4901872472963,472963,SHISEIDO TSUBAKI PREMIUM COOL PUMP PAIR SET,SHISEIDO,,,,,,
4901872895830,895830,SHISEIDO SUPER MILD SHAMPOO JUMBO PUMP 600ML,SHISEIDO,Active,,,,,
4901872895847,895847,SHISEIDO SUPER MILD CONDITIONER JUMBO 600ML,SHISEIDO,Active,,,,,
4902508083553,083553,PIGEON WHOLE BODY FOAM SOAP FLOWER SCENT 500 ML N,PIGEON,,,,,,
4902508084390,084390,PIGEON BABY WHOLE BODY FOAM SOAP 500ML BOTTLE,PIGEON,,,,,,
4902508084420,084420,PIGEON BABY WHOLE BODY FOAM SOAP MOIST 500ML BOTTLE,PIGEON,,,,,,
4902806102024,102024,MANDOM GATSBY FACIAL W DEEP CLEANING SCRUB 130G,MANDOM,Active,,,,,
4902806102048,102048,MANDOM GATSBY FACIAL W STRONG CLEAR FOAM 130G,MANDOM,Active,,,,,
4902806470642,470642,MANDOM GATSBY FACIAL WASH PERFECT SCRUB,MANDOM,Active,,,,,
4902806470710,470710,MANDOM GATSBY FACIAL WASH MOISTURE FOAM 130G,MANDOM,Active,,,,,
4902806119602,119602,MANDOM GATSBY FACIAL WASH MOISTURE WHIP 150ML,MANDOM,Noncarry,,,,,
4964596701108,701108,SANA NAMERAKA SOY MILK ISOFLAVONE FACIAL CLEANSER 150G NEW (旧4964596457814 ）,SANA,Active,,,,,
4901301232045,232045,KAO WHITE CREAMY SOAP BAR BATH SIZE 130G X 3 PCS,KAO,,,,,,
4901301232397,232397,KAO WHITE CREAMY SOAP BAR BATH SIZE ROSE SCENT 130G X 3 PCS,KAO,,,,,,
4901301309242,309242,KAO WHITE REFRESH CITRUS FRAGRANCE SOAP BATH SIZE 130G X 3 PCS,KAO,,,,,,
4901301276421,276421,KAO QUICKLE MULTI-PURPOSE CLEANER,KAO,,,,,,
4901301288530,288530,KAO GREEN TEA CONCENTRATED STERILIZATION DETERGENT 240ML,KAO,,,,,,
4901301288561,288561,KAO CUCUT CLEAR SANITIZATION 240ML,KAO,,,,,,
4901301307316,307316,KAO CLEAR BACTERIA REMOVAL DISH SOAP LEMON,KAO,,,,,,
4901301321947,321947,KAO CLEAR FOAM SPRAY BODY ORANGE SCENT 300ML,KAO,,,,,,
4901301321961,321961,KAO CLEAR FOAM SPRAY BODY GRAPEFRUIT SCENT 300ML,KAO,,,,,,
4901301345844,345844,KAO CLEAR FOAM SPRAY DISHWASHING DETERGENT 300ML,KAO,,,,,,
4901301367372,367372,KAO DISHWASHING STERILIZATION LIQUID 240ML - VERBENA & CITRUS SCENT,KAO,,,,,,
4901301367426,367426,KAO TABLEWARE FRUIT AND VEGETABLE CLEANER 240ML RASPBERRY AND PEONY (FRAGRANCE),KAO,,,,,,
4901301336378,336378,KAO BIORE U ANGEL ROSE BODY SOAP KAO,KAO,Active,,,,,
4901301376589,376589,KAO SOFTENING LAUNDRY DETERGENT LUXURIOUS FLORAL FRAGRANCE - JASMINE (780G),KAO,,,,,,
4901616011007,011007,SUNSTAR Ora 2 Stain Clear Toothpaste 130g Natural Mint,,,,,,,
4562256994527,994527,Etvos Ceramide Skincare Moisturizing Lotion 150ml Toner,,,,,,,
4903301205753,205753,Dental Clinica Enamel Pearl White Floral Mint Lion,,,,,,,
4903301205760,205760,Lion Clinica Enamel Pearl Fresh Citrus Mint 130g,,,,,,,
4987072060674,060674,KOBAYASHI HAUMEL 100G,KOBAYASHI,,,,,,
4966680247509,247509,PROPOLINSE POLY REFRESH 50 ALCOHOL FREE MOUTH WASH,PROPOLINSE,,,,,,
4966680247738,247738,PROPOLINSE YUZU MOUTHWASH 150 ML,PROPOLINSE,,,,,,
4966680247844,247844,PROPOLINSE FAMILY TYPE MOUTHWASH 150ML,PROPOLINSE,,,,,,
4987107622907,622907,DAIICHI SANKYO CLEAN DENTAL L TOTAL CARE TOOTHPASTE 100G,DAIICHI SANKYO,Sense,,,,,
4987107623119,623119,DAIICHI SANKYO CLEAN DENTAL W STAIN CARE TOOTHPASTE 100G,DAIICHI SANKYO,Sense,,,,,
4987072023921,023921,KOBAYASHI BREATH CARE TONGUE CLEAN,KOBAYASHI,,,,,,
4987072023969,023969,KOBAYASHI TONGUE MOSS CLEANING STICK (NORMAL HEAD),KOBAYASHI,,,,,,
4987072036648,036648,KOBAYASHI WIDE ORAL CARE TOOTHBRUSH,KOBAYASHI,Noncarry,,,,,
4987072036693,036693,KOBAYASHI GREEN LEAF WIDE TOOTHBRUSH,KOBAYASHI,Noncarry,,,,,
4901301406422,406422,KAO LIESE PRETTIA BUBBLE HAIR COLOR CITRON ASH,KAO,Active,,,,,
4901301406408,406408,KAO LIESE PRETTIA BUBBLE HAIR COLOR CHIFFON BROWN,KAO,Active,,,,,
4987072001134,001134,"KOBAYASHI SARASATY COTTON 100, NO FRAGRANCE",KOBAYASHI,,,,,,
4902508100182,100182,PIGEON BABY COTTON SWABS FROM BABY TO ADULT (108PCS.),PIGEON,,,,,,
4902508100847,100847,PIGEON BABY COTTON SWAB ADHESIVE-TIP 50,PIGEON,,,,,,
4902508101004,101004,PIGEON JAPAN BABY COTTON SWAB OIL-TIPPED 50,PIGEON,,,,,,
4902508101219,101219,PIGEON COTTON SWAB FOR BABY 200 PCS,PIGEON,,,,,,
4902508115308,115308,PIGEON FLUORINE COAT BEFORE GOOD NIGHT (FOAM TYPE),PIGEON,,,,,,
4902508121361,121361,PIGEON BABY LAUNDRY SOAP BAR 120G,PIGEON,,,,,,
4902508151078,151078,PIGEON BABY NAIL CLIPPERS,PIGEON,,,,,,
4902508084246,084246,PIGEON BABY CHAP STICK LIP VASELINE PEACH LEAF,PIGEON,,,,,,
4902508081832,081832,PIGEON MILD BABY SOAP 90G,PIGEON,,,,,,
4979654024082,024082,[INVALID] DISCONTINUED YAMAMOTO BARLEY GREEN GRASS POWDER WITH SHAKER 3G X 44PACKS,YAMAMOTO,Active,,,,,
4979654026208,026208,YAMAMOTO CHINESE MEDICINE CORNWHISKERS TEA 20H,YAMAMOTO,,,,,,
49860238,860238,"KOBAYASHI DENTAL FLOSS, 30 STICKS",KOBAYASHI,,,,,,
4987072003008,003008,KOBAYASHI - TOILET CLEANSING TABLET 25G X 3TABLETS,KOBAYASHI,,,,,,
4987072014295,014295,KOBAYASHI COLLECT HAIR AND SET 16 POI X 10,KOBAYASHI,,,,,,
4987072014400,014400,KOBAYASHI ODEATER FOOT VALGUS MEASURES,KOBAYASHI,,,,,,
4987072014431,014431,KOBAYASHI MISS ODEATER FOOT ODOR MEASURES LEATHER-LIKE TAILORING,KOBAYASHI,,,,,,
4987072015599,015599,KOBAYASHI ODO EATER MISS DEODORANT SPRAY,KOBAYASHI,,,,,,
4987072023785,023785,KOBAYASHI MICROWAVE OVEN CLEANER 3PCS,KOBAYASHI,,,,,,
4987072027813,027813,KOBAYASHI GLASSES CLEANING WIPES 20 PCS,KOBAYASHI,Order,,,,,
4987072029022,029022,KOBAYASHI PHARMACEUTICAL FRAGRANT EASY CLEANING MARU PEACH FRAGRANCE 12 TABLETS X 81 PCS SET,KOBAYASHI,,,,,,
4987072037010,037010,KOBAYASHI DRAINAGE CLEANER- CITRUS (12 TABLETS),KOBAYASHI,,,,,,
4987072032619,032619,KOBAYASHI PHARMACEUTICAL 1 DROP DEODORANT WATERY GREEN SCENT 20ML,KOBAYASHI,,,,,,
4987072032626,032626,KOBAYASHI PHARMACEUTICAL 1 DROP DEODORANT SWEET ROSE (20ML),KOBAYASHI,,,,,,
4987072032657,032657,Craftsman Spirit a Commitment to Excellence KOBAYASHI Pharmaceutical Drain Foam Cleaner 400ml,KOBAYASHI,,,,,,
4987072036228,036228,KOBAYASHI JAPAN KIMCO REFREGERATOR DEODORIZER 113G,KOBAYASHI,,,,,,
4987072016077,016077,KOBAYASHI PHARMACEUTICAL GARBAGE SOWADAY DEODORIZING SPRAY,KOBAYASHI,,,,,,
45131653,131653,MANDOM GATSBY MOVING RUBBER LOOSE SHUFFLE 80G,MANDOM,Active,,,,,
4987072029640,029640,KOBAYASHI TOILET ODOR AIR FRESHENER DEODORIZER 400ML,KOBAYASHI,,,,,,
4902806309904,309904,MANDOM GATSBY MOVING RUBBER MULTIFORM 80G,MANDOM,Active,,,,,
45131660,131660,MANDOM GATSBY MOVING RUBBER AIR RISE 80G,MANDOM,Active,,,,,
4902806196443,196443,MANDOM GATSBY PERFECT HOLD WAX EXTRA HARD 60G,MANDOM,Active,,,,,
4987072029695,029695,KOBAYASHI TOILET ODOR AIR FRESHENER DEODORIZER 400ML SOOTHING SPA FLORAL,KOBAYASHI,,,,,,
4987072032060,032060,KOBAYASHI PHARMACEUTICAL ROOM DEODORANT CHAMOMILE & AROMA,KOBAYASHI,,,,,,
4902806105131,105131,MANDOM GATSBY INSIDE LOCK MOTION CONTROL WAX 75G,MANDOM,Active,,,,,
4987072040782,040782,KOBAYASHI TOBACCO DEODORANT ORIGINAL STRONG 400ML,KOBAYASHI,,,,,,
4902806108781,108781,MANDOM GATSBY MOVING RUBBER EXTREME MAT 80G,MANDOM,Active,,,,,
4987072029961,029961,KOBAYASHI PHARMACEUTICAL DEODORANT ORIGINAL SCENT STICK HIBIYA KADAN SELECT WEDDING FLOWER,KOBAYASHI,,,,,,
45131646,131646,MANDOM GATSBY MOVING RUBBER WILD SHAKE 80G,MANDOM,Active,,,,,
4987072034286,034286,KOBAYASHI INCENSE STICK - CHERRY BLOSSOM,KOBAYASHI,,,,,,
4902806105124,105124,MANDOM GATSBY INSIDE ROCK NATURAL LIFT WAX 75G,MANDOM,,,,,,
4987072023440,023440,KOBAYASHI SHOSHUGEN FOR ROOM TOLIET FRESHENER. SCENTED DEODORANT YUAN STICK HIBIYAKADAN SELECT,KOBAYASHI,,,,,,
45131639,131639,MANDOM GATSBY MOVING RUBBER SPICY EDGE 80G,MANDOM,Active,,,,,
4902806317619,317619,MANDOM GATSBY MOVING RUBBER COOL WET 80G,MANDOM,Active,,,,,
4987072023754,023754,KOBAYASHI PHARMACEUTICAL 4987072023754 HIBIYA FLOWER BED SELECT SWEET ROSE,KOBAYASHI,,,,,,
4987072038475,038475,KOBAYASHI SAWADAY STICK PARFUM NOIR BLACK 70ML,KOBAYASHI,Active,,,,,
4987072038482,038482,KOBAYASHI SAWADAY FRAGRANT STICK PARFUMS BLANC 70ML,KOBAYASHI,Active,,,,,
4987072040102,040102,KOBAYASHI SAWADAY FRAGRANT STICK PARFUM PARFUM BLUE 70ML,KOBAYASHI,,,,,,
4987072044636,044636,KOBAYASHI NATURAL FRAGRANCE FOR HOME SAWADAY STICK PARFUM SPARKLING PINK,KOBAYASHI,Active,,,,,
4987072044643,044643,KOBAYASHI SAWADAY SCENTED STICK PARFUM SPARKLING GOLD,KOBAYASHI,,,,,,
4987072052495,052495,KOBAYASHI SAWADAY SCENTED STICK PARFUM GURI,KOBAYASHI,,,,,,
4987072054352,054352,KOBAYASHI SAWADAY SCENTED STICK PARFUM PALE MOVE,KOBAYASHI,,,,,,
4987072056615,056615,KOBAYASHI SAWADAY SCENTED STICK SCANDINAVIAN LEMON LEAF,KOBAYASHI,,,,,,
4987072056622,056622,KOBAYASHI SAWADAY SCENTED STICK SCANDINAVIAN RELAXING WOOD,KOBAYASHI,,,,,,
4987072060063,060063,KOBAYASHI SAWADAY SCENTED STICK SCANDINAVIAN CLEAN HERBS,KOBAYASHI,,,,,,
4987072060407,060407,KOBAYASHI SAWADAY SCENTED STICK HEALING STONES PURE SABON,KOBAYASHI,,,,,,
4987072060414,060414,KOBAYASHI SAWADAY SCENTED STICK HEALING STONES AROMATIC ROSE,KOBAYASHI,,,,,,
4987072060001,060001,KOBAYASHI SAWADAY SCENTED STICK CITRUS ORANGE & BERGAMOT,KOBAYASHI,,,,,,
4987072060032,060032,KOBAYASHI SAWADAY SCENTED STICK CITRUS LEMON & VERBENA,KOBAYASHI,,,,,,
4987072038987,038987,KOBAYASHI Cooling Gel Pad 12 sheet For 0 - 2 Years Old Baby,KOBAYASHI,Active,,,,,
4987072040560,040560,KOBAYASHI HANANOA EXCLUSIVE CLEANING LIQUID 500ML,KOBAYASHI,,,,,,
4987072049471,049471,KOBAYASHI SAWADAY CAR CLIP PARFUM NOIR,KOBAYASHI,,,,,,
4987072049488,049488,KOBAYASHI SAWADAY CAR CLIP PARFUM BLANC,KOBAYASHI,,,,,,
4987072050668,050668,KOBAYASHI PARFUM ROSE FRESHENER FOR CARS,KOBAYASHI,,,,,,
4987072052938,052938,KOBAYASHI SAWADAY AIR FRESHENER FOR CAR PARFUM AQUA,KOBAYASHI,,,,,,
4987072053768,053768,KOBAYASHI SAWADAY BOTANICAL AIR FRESHENER FOR CAR 6ML,KOBAYASHI,,,,,,
4987072053775,053775,KOBAYASHI SAWADAY BOTANICAL AIR FRESHENER FOR CAR 6ML FRESH LAVANDER FLAVOUR,KOBAYASHI,,,,,,
4987072053782,053782,KOBAYASHI SAWADAY CAR DEODORANT AIR FRESHENER CLIP TYPE BOTANICAL FRAGRANCE NATURAL BLOSSOM 6ML,KOBAYASHI,,,,,,
4987072055434,055434,KOBAYASHI BRULET BUBBLE RING LARGE FOAM SET OF 2 PACKS X 2,KOBAYASHI,,,,,,
4987072056776,056776,KOBAYASHI BLUELET STAMPY STERILIZATION EFFECT PLUS FRAGRANCE-FREE,KOBAYASHI,,,,,,
4987072056950,056950,KOBAYASHI BLUELET STAMPY STERILIZATION FRAGRANCE FLORAL,KOBAYASHI,,,,,,
4987072058190,058190,KOBAYASHI SEIYAKU BLULET DECORAL PEACH FRAGRANCE 7.5G X 3 TOILET AIR FRESHENER,KOBAYASHI,,,,,,
4987072058336,058336,KOBAYASHI BLUELET STAMPY STERILIZATION EFFECT PLUS SUPER ORANGE,KOBAYASHI,,,,,,
4987072060698,060698,KOBAYASHI WILTECT ORAL DISINFECTANT SPRAY 15ML,KOBAYASHI,,,,,,
4987072062500,062500,KOBAYASHI CLEANING STAINLESS STEEL WATER BOTTLE,KOBAYASHI,,,,,,
4987072063064,063064,KOBAYASHI BLUELET SPILLED RING,KOBAYASHI,,,,,,
4987072063729,063729,KOBAYASHI EASY CLEANING ROUND SMALL GRAIN TYPE,KOBAYASHI,,,,,,
4987072070581,070581,KOBAYASHI BLUELET DOBON BLEACH 120G,KOBAYASHI,,,,,,
4987072067451,067451,KOBAYASHI BLUELET DOBON DOUBLE COLORLESS GRAPEFRUIT,KOBAYASHI,,,,,,
4987072071083,071083,KOBAYASHI BLUELET DOBON DOUBLE LAVENDER,KOBAYASHI,,,,,,
4987072071144,071144,KOBAYASHI BLUELET DOBON DOUBLE COLORLESS SOAP,KOBAYASHI,,,,,,
4987072074305,074305,KOBAYASHI CLEANING WITH FOAM,KOBAYASHI,,,,,,
4987072082928,082928,KOBAYASHI KYMCO SLIM TYPE FOR FREEZER,KOBAYASHI,,,,,,
4987072082935,082935,KOBAYASHI DURING ELECTRIC KETTLE CLEANING,KOBAYASHI,,,,,,
4987072084410,084410,KOBAYASHI NIGHTMIN NASAL BREATHING TAPE AROMA LAVENDER SCENT 21 PIECES,KOBAYASHI,,,,,,
4987072084427,084427,"KOBAYASHI NIGHTMIN NASAL BREATHING TAPE, STRONG ADHESIVE TYPE, 21 PIECES",KOBAYASHI,,,,,,
4987072141007,141007,KOBAYASHI 3 TABLETS DURING POT CLEANING,KOBAYASHI,,,,,,
4987072314951,314951,"KOBAYASHI AFTER THE TOILET, A PORTABLE FRESH GREEN",KOBAYASHI,,,,,,
4987072315163,315163,"KOBAYASHI AFTER THE TOILET, PORTABLE FRAGRANCE-FREE",KOBAYASHI,,,,,,
4987072329801,329801,KOBAYASHI BLUELET DOBON 60G BLUE MINT,KOBAYASHI,,,,,,
4987072401705,401705,KOBAYASHI TOILET SEAT DISINFECTION CLEANER FOR HOME AND BUSINESS USE,KOBAYASHI,,,,,,
4987241171316,171316,ROHTO HADALABO KYOKUJUN MOISTURIZING CREAM 50G,ROHTO,Active,,,,,
4992440037233,037233,ISHIZAWA LABS UV FORECAST COLD UV SPRAY P,ISHIZAWA,,,,,,
4987072050286,050286,KOBAYASHI BREATH CARE TO BITE TYPE BREATH REFRESHING GUMMY PEACH,KOBAYASHI,,,,,,
4987072054383,054383,KOBAYASHI REFRESH YOUR BREATH WITH GRAPE & PEACH,KOBAYASHI,,,,,,
4987072039168,039168,KOBAYASHI SPEED ​​BREATH CARE GRAPE MENTHA 30 TABLETS,KOBAYASHI,,,,,,
4582521680740,680740,BOTANIST BOTANICAL TREATMENT SCALP,BOTANIST,,,,,,
4582521680702,680702,BOTANICAL TREATMENT SMOOTH,BOTANIST,,,,,,
4582521680696,680696,BOTANICAL SHAMPOO SMOOTH,BOTANIST,,,,,,
4582521680689,680689,BOTANICAL TREATMENT MOIST,BOTANIST,,,,,,
4582521680672,680672,BOTANIST SHAMPOO MOIST 490ML,BOTANIST,,,,,,
4582521680986,680986,BOTANIST BOTANICAL BODY SOAP CLEAR CLEANSE 490ML,BOTANIST,,,,,,
4582521680733,680733,BOTANIST SHAMPOO SCALP,BOTANIST,,,,,,
4571494389866,389866,SHINYAKOSO GEORGE OLIVER GOLD + 30 TIMES LATE AT NIGHT,SHINYAKOSO,,,,,,
4560264293564,293564,SHINYAKOSO YORU OSOI GOHAN DEMO KIWAMI BLACK 30 DAYS 45G,SHINYAKOSO,,,,,,
4571494389842,389842,SHINYAKOSO GEORGE OLIVER STANDARD FOR LATE NIGHT MEAL + 30 TIMES,SHINYAKOSO,,,,,,
4987036533206,533206,OMI SUNSCREEN SUN BEARS STRONG SUPER PLUS N SPF 50+ PA++++ 30G,OMI,,,,,,
4987036533305,533305,OMI SUN BEARS STRONG COOL PLUS WATERPROOF SUNSCREEN SPF50+ PA++++ 30G,OMI,,,,,,
4987240211907,211907,[INVALID] RYUKAKUSAN DIRECT STICK MANGO,RYUKAKUSAN,,,,,,
4987072067727,067727,KOBAYASHI MOTHER OF LIFE A 420 TABLETS,KOBAYASHI,,,,,,
4987115540798,540798,KINCHO FRUIT SCENTED INSECT REPELLENT SCENT RING 30 PIECES BLUE,KINCHO,,,,,,
4987240210535,210535,RYUKAKUSAN DIRECT STICK MINT FLAVOR 16P,RYUKAKUSAN,,,,,,
4987240210733,210733,RYUKAKUSAN DIRECT STICK PEACH16 STICK,RYUKAKUSAN,,,,,,
4987426002084,002084,MUHI LIQUID MUHI ALPHA EX (SUBJECT TO SELF-MEDICATION TAX SYSTEM) (35 ML),MUHI,,,,,,
8809642712218,712218,DR. JART+VITAL HYDRA SOLUTION SHEET MASK,DR. JART+,Active,,,,,
4977673135055,135055,HOUSE OF ROSE BODY SMOOTHER GA (SCENT OF GREEN APPLE),HOUSE OF ROSE,,,,,,
4903301292289,292289,LION SOFLAN AROMA RICH BELL BODY 520ML,LION,,,,,,
4903301216803,216803,LION SYSTEMA HAGUKI PLUS HAMIGAKI (90G),LION,,,,,,
4571494389774,389774,SHINYAKOSO SHINTANI ENZYMES LATE NIGHT DIET W-CLEANSE BODY MAKE-UP SUPPLEMENT 30 SACHETS,SHINYAKOSO,,,,,,
4571494389859,389859,SHINYAKOSO GEORGE OLIVER LARGE SERVING OF LATE-NIGHT RICE + 30 TIMES,SHINYAKOSO,,,,,,
4582178200506,200506,Inclear (1.7g * 3 pieces),INCLEAR,,,,,,
4582288809408,809408,The Rose of Versailles Brightening Facial Mask,CREER BEAUTE,,,,,,
4901008301334,301334,CANMAKE EYELASH CURLER 38MM PINK WITH 1 EXTRA PAD,CANMAKE,,,,,,
4901008309750,309750,CANMAKE LASTING LIQUID LINER 02 CHOCO BROWN,CANMAKE,,,,,,
4901301399830,399830,KAO MEGURIZUMU STEAM HOT EYE MASK LIMITED MINIONS DESIGN FROM JAPAN 1 PIECE,KAO,,,,,,
627987626759,626759,SHINO ROUND COTTON PADS 100,SHINO,,,,,,
627987626803,626803,SHINO COTTON SOFT TRAVEL PACK FACE TOWEL 20 PUMPS,SHINO,,,,,,
6936860101349,101349,Cofuxin sodium hyaluronate repair patch,COFUXIN,,,,,,
4987158309550,309550,TORII ZEPHNATE EXTERNAL SOLUTION 2%,TORII,,,,,,
4580295034158,034158,MSH LOVELINER LIQUID EYELINER POKEMON,MSH,,,,,,
4901008303499,303499,CANMAKE MAKEUP FACE POWDER BRUSH 01,CANMAKE,,,,,,
4901008303505,303505,CANMAKE CHEEK BRUSH 01 NATURAL FINISH MAKEUP TOOL BEAUTY CARE 145MM,CANMAKE,,,,,,
4901008303529,303529,CANMAKE MARSHMALLOW FINISH POWDER BRUSH MAKEUP TOOL,CANMAKE,,,,,,
4589631400022,400022,Ceruru.b Placenta Face Mask Plus + 5pcs,CERURU.B,,,,,,
4992440034744,034744,ISHIZAWA LABS UV SPRAY FOR FACE 60G,ISHIZAWA,,,,,,
4992440036717,036717,ISHIZAWA LABS COOL UV SPRAY,ISHIZAWA,,,,,,
4992440034430,034430,ISHIZAWA LABS WHITE FOAM WASH,ISHIZAWA,,,,,,
4901301399632,399632,作废 KAO BIORE HAND WASH CAT PAW,KAO,Active,,,,,
4901433138604,138604,ISEHAN KISSME HEAVY ROTATION COLORING EYEBROW 01 YELLOW BROWN,ISEHAN,,,,,,
4901433138628,138628,ISEHAN HEAVY ROTATION COLORING EYEBROW 03 ASH BROWN,ISEHAN,Active,,,,,
4901433138635,138635,DISCONTINUED ISEHAN HEAVY ROTATION COLORING EYEBROW 04 NATURAL BROWN,ISEHAN,Active,,,,,
4901433138642,138642,ISEHAN KISSME HEAVY ROTATION COLORING EYEBROW 05 LIGHT BROWN,ISEHAN,Active,,,,,
4901433138659,138659,ISEHAN KISSME HEAVY ROTATION COLORING EYEBROW 06 PINK BROWN,ISEHAN,Noncarry,,,,,
4901433139069,139069,DISCONTINUED ISEHAN KISSME HEAVY ROTATION COLORING EYEBROW 08 ASH GRAY,ISEHAN,Active,,,,,
4901433139366,139366,ISEHAN KISS ME HEAVY ROTATION EYEBROW PENCIL 03 ASH BROWN,ISEHAN,Active,,,,,
4901433139373,139373,ISEHAN KISS ME HEAVY ROTATION EYEBROW PENCIL 04 NATURAL BROWN,ISEHAN,Active,,,,,
4901872521623,521623,SHISEIDO SERUM NOIR HAIR MASSAGE 140G,SHISEIDO,Active,,,,,
4953923314227,314227,POLA ADONINS HAND SOAP 240ML,POLA,,,,,,
sf791a,sf791a,SANRIO COLLABORATION MY MELODY BOA FRILL DRESS WITH HAIR BAND PINK,SANRIO,,,,,,
sf793a,sf793a,SANRIO COLLABORATION POMPOMPURIN BOA FRILL DRESS WITH HAIR BAND BEIGE,SANRIO,,,,,,
sf795a,sf795a,SANRIO COLLABORATION BOA FRILL DRESS WITH HANGYODON HAIR BAND BLUE,SANRIO,,,,,,
4903301300304,300304,LION BAN PLATINUM ROLL-ON WATERPROOF DEODORANT ANTIPERSPIRANT NON FRAGRANCE 40ML,LION,,,,,,
4903301300311,300311,LION BAN (VAN) SMELL OF SWEAT BLOCK PLATINUM ROLL-ON SOAP 40ML,LION,,,,,,
4560264299009,299009,SHINYAKOSO GEORGE OLIVER SHINTANI ENZYME) EVEN IF YOU EAT LATE AT NIGHT,SHINYAKOSO,,,,,,
4560413151011,151011,Mate for eyes,AXXZIA,,,,,,
4560413151004,151004,AXXZIA AGTHEORY CLARIFYING ESSENCE,AXXZIA,,,,,,
4560413151035,151035,[OUTDATED] AXXZIA LE CIEL DE L'AUBE UV VEIL EX,AXXZIA,,,,,,
4560413151929,151929,AXXZIA AGTHEOCRY CLEANSING OIL,AXXZIA,,,,,,
4580341642054,642054,SARASALON AQUA NOA SLEEK BY SARAH SALON SHINY OIL 50ML,SARASALON,,,,,,
4580341642061,642061,SARASALON AQUA NOA SLEEK BY SARA SALON FIBER OIL 50ML,SARASALON,,,,,,
4991560809287,809287,ZUOFEI--HAIR REPRO MEDICATED SCALP KEEP EX,ADERANS,,,,,,
4582288809088,809088,Creer Beaute Rose of Versailles Face Mask - Brightening & Moisturizing,CREER BEAUTE,,,,,,
4520060623002,623002,BB LABORATORIES CREAM CLAY MASK,BB LABORATORIES,,,,,,
4902508103909,103909,PIGEON GEL TOOTHPASTE KIDS XYLITOL 50G,PIGEON,,,,,,
4903301231097,231097,LION SYSTEMA HAGUKI PLUS W WHITENING TOOTHPASTE WHITE HERB FLAVOR 95G JAPAN,LION,,,,,,
4901008309743,309743,CANMAKE LASTING LIQUID LINER 01 BLACK,CANMAKE,,,,,,
4901008314068,314068,CANMAKE LASTING LIQUID LINER 04 CACAO BROWN,CANMAKE,,,,,,
4992440036144,036144,ISHIZAWA LABS &NAIL DEEP HAND TREATMENT 40G,ISHIZAWA,,,,,,
627987626780,626780,SHINO PREMEIUM CARE ULTRA SOFT COTTON TOWELS 80 SLIDES,SHINO,,,,,,
8809642712249,712249,DR. JART+SOOTHING HYDRA SOLUTION SHEET MASK BY FOR UNISEX - 5 PC MASK,DR. JART+,,,,,,
4580444280344,280344,MEGUMI NO HONPO PREMIUM EMULSION MASK SAKURA 4 PIECES,MEGUMI NO HONPO,,,,,,
4903301231073,231073,LION SYSTEMA HAGUKI PLUS S TOOTHPASTE,LION,,,,,,
4992440034775,034775,ISHIZAWA LABS BAKING SODA GLOSSY TOOTHPASTE,ISHIZAWA,,,,,,
4964596448973,448973,SANA NAMERAKA HONPO SOY MILK LOTION MOISTURE 200ML,SANA,,,,,,
4956810229901,229901,KOKUBO TOILET TURTLE TOILET BRUSH WITH TRASH BIN WHITE,KOKUBO,,,,,,
4956810229918,229918,KOKUBO SUMICCO TOILET SUMIKKO PAIR WITH TOILET BRUSH CASE BLACK,KOKUBO,,,,,,
4560264298811,298811,SHINYAKOSO GEORGE OLIVER SHINTANI ENZYME) 28 DAYS WHILE SLEEPING EVEN WITH LATE NIGHT RICE,SHINYAKOSO,,,,,,
4987107620514,620514,DAIICHI SANKYO POKEMON PIKACHU MAKIRON DAIICHI SANKYO PATCH 48 PATCHE,DAIICHI SANKYO,,,,,,
4987107615671,615671,DAIICHI SANKYO AG NOSE ALLERCUT C 30ML,DAIICHI SANKYO,,,,,,
4987107619792,619792,DAIICHI SANKYO TRANSINO WHITE C CLEAR (120 TABLETS),DAIICHI SANKYO,,,,,,
4973167249246,249246,KATE STICK CONCEALER,SHISEIDO,,,,,,
4540936002311,002311,MY LAUNDRY MUSK FRAGRANCE 500ML,MY LAUNDRY,,,,,,
627987626766,626766,SHINO NATURAL COTTON PADS 100 PIECES,SHINO,,,,,,
627987626773,626773,SHINO MULTI-PURPOSE COTTON PADS BOX,SHINO,,,,,,
627987626797,626797,SHINO DUAL COTTON SWABS,SHINO,,,,,,
4956810217502,217502,KOKUBO HAIR CANNOT PASS THROUGH (FILTER FOR BATHROOM DRAIN),KOKUBO,,,,,,
4901417631848,631848,KRACIE HADABISEI PREMIUM RICH 3D CONDITIONING FACIAL MASK (FIRMING) 1PC,KRACIE,,,,,,
4580444280238,280238,"MEGUMI NO HONPO ""SUKOYAKA"" JELLY MASK",MEGUMI NO HONPO,,,,,,
4901417630681,630681,KRACIE HADABISEI 3D FACIAL MASK AGING MOISTURIZER 1 SHEET,KRACIE,,,,,,
4901417630995,630995,KRACIE HADABISEI 3D FACIAL MASK SUPER MOISTURIZING 1 SHEET,KRACIE,,,,,,
4901301358844,358844,KAO MEG MEGRHYTHM STEAM HOT EYE MASK LAVENDER,KAO,,,,,,
4901070124923,124923,Dust car deodorant power new car vinyl deodorant fragrance,ST,,,,,,
4901417786401,786401,KRACIE HADABISEI- INTENSIVE MOISTURIZING WASH SET BURST SPRING LIMITED,KRACIE,,,,,,
4901417786395,786395,KRACIE ICHIKAMI SHAMPOO & CONDITIONER SET - SMOOTHING CARE WITH PREMIUM WRAPPING HAIR MASK 33.2OZ,KRACIE,,,,,,
4543268099332,099332,SANWA TSUSHO APRICOT & POMEGRANATE PEELING GEL 120G,SANWA,,,,,,
4543268102230,102230,SANWA TSUSHO APRICOT AND POMEGRANATE LOTION SKIN LOTION 500ML,SANWA,,,,,,
4956810804290,804290,KOKUBO PUSH CLIP（3 PIECES）,KOKUBO,,,,,,
4560202020665,020665,NURSERY W CLEANSING GEL YUZU 500ML,NURSERY,,,,,,
4991936384585,384585,HONYARADOH NEMUNE AROMA WARM EYE MASK BEFORE GOOD NIGHT 3 PIECE SET,HONYARADOH,,,,,,
4901301392350,392350,KAO CHAIDAI--LAURIER 9 ITEMS,KAO,,,,,,
4901616008861,008861,SUNSTAR AURA 2 BREATH FINE MOUTH SPRAY RED GRAPEFRUIT 6ML × 72 POINTS SET,SUNSTAR,,,,,,
4987241157907,157907,ROHTO MENTHOLATUM REFREA DEODORANT ANTIPERSPIRANT MIST 15ML,ROHTO,,,,,,
4901301200228,200228,KAO BIORE PORE PACK T-ZONE 5 PAIRS (10 PCS),KAO,,,,,,
4971710397222,397222,KOSE SOFTYMO COLD CREAM (HONEY MILD) 300G,KOSE,,,,,,
4956810237111,237111,KOKUBO SD IRON STONE POWDER PLATE 2,KOKUBO,,,,,,
4987241146253,146253,ROHTO MENTHOLATUM WAKIRE WHITE CREAM FOR UNDERARM BEAUTY 20G,ROHTO,,,,,,
4956810803545,803545,KOKUBO CHOI STIRRER (1 ITEMS),KOKUBO,,,,,,
4956810802678,802678,KOKUBO LUNCH MEAT CUTTING MACHINE,KOKUBO,,,,,,
2000222104041,104041,LUPICIA YUME TEA,LUPICIA,,,,,,
4582305063127,063127,"LULULUN ONE NIGHT R RESCUE BEAUTY MASK, HYDRATING & CLARIFYING, 1 SHEET, 1.18",LULULUN,,,,,,
4901301358103,358103,KAO MEGRHYTHM STEAM HOT EYE MASK UNSCENTED,KAO,,,,,,
4571889666800,666800,COLLAGEN REPAIR MOIST MASK PRP 21PCS,GIK,,,,,,
8809643670258,670258,WONJIN ENERGY INFUSION (SKIN RESCUE) MASK,WONJIN,,,,,,
4901008311937,311937,CANMAKE CREAMY TOUCH LINER 03 DARK BROWN,CANMAKE,,,,,,
4901872257713,257713,SHISEIDO ROSARIUM SHAMPOO 300ML,SHISEIDO,Active,,,,,
4901872257720,257720,SHISEIDO ROSARIUM ROSE HAIR CONDITIONER RX 300ML,SHISEIDO,Active,,,,,
4901872257737,257737,SHISEIDO ROSARIUM BODY SOAP RX 300ML,SHISEIDO,Active,,,,,
4992440037288,037288,ISHIZAWA LABS KEANA TIGHTENING MASK 10 SHTS,ISHIZAWA,Noncarry,,,,,
4979006090956,090956,SKII FACIAL TREATMENT MASK 10 SHEETS,SKII,,,,,,
36009,36009,KEFUMEI BLUE MASK 1 PIECE V (IGO),COMFY,,,,,,
506927,506927,KEFUMEI PINK MASK 1 PIECE V (IGO),COMFY,,,,,,
813870,813870,KEFUMEI BLUE MASK 1 PIECE H (IGO),COMFY,,,,,,
286944,286944,ISHIZAWA LABS MASK CLIP (IGO),ISHIZAWA,,,,,,
503665,503665,STARBUCKS JAPAN 25TH BEARISTA CREAM CUP 355ML（IGO）,STARBUCKS,,,,,,
479149,479149,STARBUCKS JAPAN 25TH CAT CUP （IGO）,STARBUCKS,,,,,,
4901008312132,312132,CANMAKE Mermaid Skin Gel C,,,,,,,
4901008613437,613437,COUNTRY & STREAM HONEY-FULL LIP HM,COUNTRY & STREAM,,,,,,
4901008613468,613468,COUNTRY & STREAM LIP CREAM HM,COUNTRY & STREAM,,,,,,
4901008613499,613499,COUNTRY & STREAM U LIP CREAM HM,COUNTRY & STREAM,,,,,,
4973167028094,028094,KATE ELECTRIC SHOCK EYES BR-1 LASH BEIGE,COUNTRY & STREAM,,,,,,
4973167028100,028100,KATE ELECTRIC SHOCK EYES BR-2 SPARKLE BROWN,COUNTRY & STREAM,,,,,,
4901604454205,454205,ROSY ROSA MAKE BRUSH FOR BBCC CREAM,ROSY ROSA,Active,,,,,
4901604454953,454953,ROSYROSA PERFECT SHIN BRUSH,ROSY ROSA,,,,,,
4901604455226,455226,ROSY ROSA VALUE SPONGE HOUSE S 30P,ROSY ROSA,,,,,,
4901604454434,454434,ROSYROSA JELLY TOUCH SPONGE HOUSE 6P,ROSY ROSA,Noncarry,,,,,
4901604455776,455776,ROSY ROSA MARSHMALLOW MOUSSE TOUCH PUFF,ROSY ROSA,,,,,,
4901604454762,454762,ROSY ROSA 72 LARGE COTTON SHEETS,ROSY ROSA,,,,,,
4976404003625,003625,MARNA KIDS' ITEM LUCKY BAG,MARNA,,,,,,
4531515001986,001986,NOBLE PORE CLEAR STICK,NOBLE,,,,,,
4901604454878,454878,ROSYROSA 3D SPONGE DIAMOND,ROSY ROSA,,,,,,
4901604433910,433910,Chasty MC Make-up Scissors Slim & Curve Type,CHASTY,,,,,,
4901604433927,433927,CHASTY MC Make-up Scissors Wide & Regular Type,CHASTY,,,,,,
4901008314693,314693,[INVALID] CANMAKE MARSHMALLOW POWDER ABLOOM 02 SAKURA TULLE,CANMAKE,Noncarry,,,,,
4901008314716,314716,CANMAKE OIL BLOCK MINERAL POWDER C01,CANMAKE,,,,,,
4901604589976,589976,MAPEPE HEAT ROLL BRUSH,MAPEPE,,,,,,
4901604589983,589983,MAPEPE HEAT ROLL BRUSH MINI,MAPEPE,,,,,,
4901008309514,309514,CANMAKE STAY-ON BALM ROUGE 02,CANMAKE,,,,,,
4901008309521,309521,CANMAKE STAY-ON BALM ROUGE 03,CANMAKE,,,,,,
4901008309538,309538,CANMAKE STAY-ON BALM ROUGE 05,CANMAKE,,,,,,
4901008309545,309545,CANMAKE STAY-ON BALM ROUGE 06,CANMAKE,,,,,,
4901008309552,309552,CANMAKE STAY-ON BALM ROUGE 08,CANMAKE,,,,,,
4901008309576,309576,CANMAKE STAY-ON BALM ROUGE 10,CANMAKE,,,,,,
4987306060125,060125,"TAISHO FELBINAXTIC OINTMENT 3% ""MIKASA""",TAISHO,,,,,,
4902508104463,104463,PIGEON GEL TOOTHPASTE GRAPE,PIGEON,,,,,,
4560364939799,939799,MICHE BLOOMIN EYELASH GLUE (PINK LIMITED),MICHE BLOOMIN,,,,,,
4987072001363,001363,KOBAYASHI NEW AMMELTZ YOKOYOKO 80ML,KOBAYASHI,,,,,,
4987241157983,157983,ROHTO HADALABO GOKUJUN WHITE PERFECT MASK (20 PIECES) / HADALABO (ALL-IN-ONE),ROHTO,,,,,,
4964596484698,484698,SANA NAMERAKA HONPO SOYMILK ISOFLAVONE WRINKLE MASK 20 SHEETS MOISTURE JAPAN,SANA,,,,,,
4987205312182,312182,HOYU BEAUTEEN HAIR COLOR #METALLIC ASH,HOYU,,,,,,
4987241150175,150175,ROHTO ZI B (12ML) / (SECOND-CLASS OTC DRUGS),ROHTO,,,,,,
4987072039359,039359,KOBAYASHI INOCHI NO HAHA WHITE (360 TABLETS) / (2ND-CLASS OTC DRUG),KOBAYASHI,,,,,,
4968909061910,061910,UYEKI ANTI-MITE FLORAL SPRAY SERIES 250ML,UYEKI,,,,,,
4903301671947,671947,LION SMILE 40EX MILD 15MLLION SMILE 40EX MILD 15ML,LION,,,,,,
4549502070679,070679,Spell Return to Battle Exchange Badge (1 box of 7 pieces),CHUGAI,,,,,,
4513574031388,031388,REIHAKU COIX MOISTURIZING GEL 300G,REIHAKU,,,,,,
4987343061140,061140,KOKANDO SLIMMING PRODUCT (400 TABLETS),KOKANDO,,,,,,
864797,864797,SANRIO'S SUPER CUTE LIMITED EDITION NIGHTGOWN + FACE WASH HEADBAND,,,,,,,
0104987306033252,033252,HISAMITSU 三笠制药 消炎镇痛膏,HISAMITSU,,,,,,
4987072041055,041055,KOBAYASHI SPEED BREATH CARE SODA MINT BREATH REFRESHING CAPSULE 2 SET HWY,KOBAYASHI,,,,,,
2000222111001,111001,LUPICIA ORANGE POMANDER,LUPICIA,,,,,,
6974063510285,510285,[INVALID] VOOLGA SODIUM HYALURONATE DRESSING MASK 5PCS,VOOLGA,Active,,,,,
69740635102926971899511936,511936,[INVALID] VOOLGA SODIUM HYALURONATE DRESSING REPAIR BLACK FACIAL MASK,VOOLGA,Noncarry,,,,,
4964596701160,701160,SANA NAMERAKA ISOFLAVONE CREAM（PIROR NO. 4964596457852）,SANA,Active,,,,,
4902508121118,121118,PIGEON BOTTLE VEGETABLES WASH BODY 800ML,PIGEON,,,,,,
4987072012888,012888,KOBAYASHI PHARMACEUTICAL CHEWING BREATH CARE LEMON MINT 25 TABLETS,KOBAYASHI,,,,,,
4902508083751,083751,PIGEON BABY CLEAR OIL 80ML,PIGEON,,,,,,
4968909061927,061927,UYEKI DANICLIN DUST MITE SPARY (LEMON),UYEKI,,,,,,
4987205286612,286612,HOYU CIELO DESIGNING COLOR LUCENT ASH/CIELO (HAIR DYE),HOYU,,,,,,
4580295033571,033571,MSH LOVELINER CREAM FIT PENCIL ROSY BROWN,MSH,,,,,,
4580504130480,130480,COCOCHI AG FACIAL CREAM MASK GOLD,COCOCHI,Noncarry,,,,,
4580504130947,130947,COCOCHI AG HYDRATION MASK BLUE,COCOCHI,Noncarry,,,,,
4580504130985,130985,COCOCHI AG RENOVATING MASK BLACK,COCOCHI,Noncarry,,,,,
4946324017491,017491,DUP EYELASH FIXER,DUP,,,,,,
4946324035198,035198,DUP DOUBLE EYELID SKIN FILM,DUP,,,,,,
4560364939713,939713,MICHE BLOOMIN FALSE EYELASHES NO.103,MICHE BLOOMIN,,,,,,
4560364939737,939737,MICHE BLOOMIN FALSE EYELASHES NO.105,MICHE BLOOMIN,,,,,,
4560364939768,939768,MICHE BLOOMIN FALSE EYELASHES NO.108,MICHE BLOOMIN,,,,,,
45603649397824560364937092,937092,MICHE BLOOMIN FALSE EYELASHES NO.110,MICHE BLOOMIN,,,,,,
4560364937108,937108,MICHE BLOOMIN - EYELASH GLUE,MICHE BLOOMIN,,,,,,
593400,593400,MICHE BLOOMIN GLUE FALSE EYELASH TWEEZERS,MICHE BLOOMIN,,,,,,
1,1,KEFUXIN COLLAGEN FACIAL MASK,COMFY,,,,,,
4987072053621,053621,KOBAYASHI CHARCLEAN CHARCOAL POWER TOBACCO TOOTHPASTE,KOBAYASHI,,,,,,
46945,46945,SUSU EXFOLIATING FOOT MASK (JAPAN) - 1 PAIR,SOSU,,,,,,
4515061517528,517528,BCL VECUA HONEY OSMANTHUS FRAGRANCE,BCL,,,,,,
4515061517542,517542,BCL VECUA HONEY HAIR TREATMENT,BCL,,,,,,
4515061517559,517559,BCL VECUA HONEY SKIN CARE GEL,BCL,,,,,,
4515061517566,517566,BCL VECUA HONEY BATH SALT,BCL,,,,,,
4979654026666,026666,YAMAMOTO FAT FLOW TEA 10G*24PCS,YAMAMOTO,,,,,,
4987107615664,615664,DAIICHI SANKYO AG NOSE ALLERCUT C 15ML,DAIICHI SANKYO,,,,,,
4580514122123,122123,SHIRO SAVON SHIRO BODY MILK 195G - SOAP SCENT,SHIRO,,,,,,
4580514122130,122130,SHIRO WHITE LILY SHIRO BODY MILK 195G,SHIRO,,,,,,
TOKYO-DISNEY-0004,Y-0004,LINA BELLE'S SITTING POSTURE,DISNEY,,,,,,
TOKYO-DISNEY-0002,Y-0002,LINA BELLE'S STANDING POSTURE,DISNEY,,,,,,
TOKYO-DISNEY-0001,Y-0001,LINA BELLE DOLL,DISNEY,,,,,,
TOKYO-DISNEY-0003,Y-0003,LINA BELLE'S CLOTHES REPLACEMENT,DISNEY,,,,,,
TOKYO-DISNEY-0005,Y-0005,TOKYO-DISNEY-0005,DISNEY,,,,,,
TOKYO-DISNEY-0006,Y-0006,TOKYO-DISNEY-0006,DISNEY,,,,,,
4580514122192,122192,SHIRO WHITE LILY BODY OIL,SHIRO,,,,,,
4901548240131,240131,KIRIBAI STICK-ON BODY WARMER 10-HOUR,KIRIBAI,,,,,,
4901433139380,139380,ISEHAN KISS ME HEAVY ROTATION EYEBROW PENCIL 05 LIGHT BROWN,ISEHAN,Active,,,,,
4901548602021,602021,[OUTDATED] KOBAYASHI KIRIBAI LADIES' HEATING PAD WITH ADHESIVE 10PCS,KOBAYASHI,,,,,,
4902011885514,885514,ELIS COMPACT GUARD SANITARY PADS 20.5CM (28 PCS),ELLEAIR,,,,,,
4902011887730,887730,ELLIS MEGAMI BARE SKIN FEELS ESPECIALLY SOFT FOR DAYTIME SOFT TYPE WITH WINGS 2,ELLEAIR,,,,,,
4902011887785,887785,DAIO PAPER ELLIS BARE SKIN FEELING SUPER SLIM SAFE DAYTIME WITH WINGS 18 PIECES,ELLEAIR,,,,,,
4973307386350,386350,SKATER DIE CUT CAP SILICONE STRAW BLOW BOTTLE WATER BOTTLE 350ML,SKATER,,,,,,
4973307386589,386589,SKATER COOL SPORTS BOTTLE STRAW BOTTLE DIE-CUT PIKACHU POCKET MONSTER 350ML,SKATER,,,,,,
4973307386831,386831,SKATER DIE-CUT CAP SILICONE STRAW TYPE BLOW BOTTLE WATER BOTTLE 350 ML SNOOPY,SKATER,,,,,,
4973307452963,452963,SKATER SPATULA WITH CASE RICE SCOOP SNOOPY PEANUTS,SKATER,,,,,,
4973307463686,463686,SKATER BREAD CUT GUIDE SNOOPY PEANUTS,SKATER,,,,,,
4973307463693,463693,SKATER CHOPSTICK STAND SNOOPY,SKATER,,,,,,
4973307474552,474552,SKATER SMALL AUDITORIUM SNOOPY BIG FACE SCULPING SPONGE (WHITE),SKATER,,,,,,
4973307486166,486166,SKATER MAGUBOTORU 490ML WARM COLD STAINLESS STEEL WATER BOTTLE SNOOPY FRIENDS,SKATER,,,,,,
4973307487149,487149,SKATER GLITTER KITCHEN SPONGE MICKEY MOU,SKATER,,,,,,
4973307487156,487156,SKATER GLITTER KITCHEN SPONGE WINNIE POO,SKATER,,,,,,
4973307488573,488573,SKATER GLITTER KITCHEN SPONGE HELLOKITTY,SKATER,,,,,,
4973307488702,488702,SKATER MINI WATER BOTTLE MOBILE MUG HELLO KITTY RED HEART SANRIO 120ML,SKATER,,,,,,
4973307493263,493263,SKATER MINI STAINLESS BOTTLE WATER BOTTLE MOBILE MUG MINION 120ML,SKATER,,,,,,
4973307507182,507182,SKATER STAINLESS TUMBLER DORAEMON,SKATER,,,,,,
4973307510441,510441,SKATER MUG BOTTLE MINI STAINLESS STEEL WATER BOTTLE BURGER CONKS 120ML,SKATER,,,,,,
4973307511912,511912,SKATER WINNIE THE POOH DISNEY VACUUM DOUBLE STRUCTURE STAINLESS STEEL POT 600ML,SKATER,,,,,,
4973307513183,513183,SKATER STAINLESS VACUUM POT 600 ML HELLO KITTY SNACK THYME,SKATER,,,,,,
4973307513190,513190,SKATER STAINLESS VACUUM POT 600 ML,SKATER,,,,,,
4973307513220,513220,SKATER SNOOPY PEANUTS STAINLESS STEEL TABLETOP POT 600ML,SKATER,,,,,,
4973307515583,515583,SKATER STAINLESS STEEL TABLE TOP THERMOS FLASK 600ML,SKATER,,,,,,
4973307513770,513770,SKATER ACRYLIC CHOPSTICKS WITH MASCOT 21CM SNOOPY,SKATER,,,,,,
4973307514371,514371,SKATER ONE PUSH PETITE STAINLESS MUG BOTTLE 140ML HELLO KITTY 21/SMBC1D_514371,SKATER,,,,,,
4973307516214,516214,SKATER ONE PUSH PETITE STAINLESS MUG BOTTLE 140ML SNOOPY/SNOOPY RETRO LABEL/SMBC1D_516214,SKATER,,,,,,
4973307517426,517426,SKATER POCKET STAIN MUG BOTTLE SNOOPY/SNOOPY DONUT SHOP/SMBC1B_517426,SKATER,,,,,,
4973307519802,519802,SKATER GLOWING DESKTOP DIE-CUT MIST HUMIDIFIER DISNEY WINNIE THE POOH/TST1D_519802,SKATER,,,,,,
4973307519857,519857,SKATER DIE-CUT MIST HUMIDIFIER WITH STICK DISNEY WINNIE THE POOH/STST1D_519857,SKATER,,,,,,
4973307525551,525551,SKATER ONE PUSH PETITE STAINLESS DIRECT MUG BOTTLE 140ML MY NEIGHBOR TOTORO (SMALL TOTORO) / SMBC1D_525551,SKATER,,,,,,
4973307527791,527791,SKATER POCKET STEN MAG BOTTLE,SKATER,,,,,,
4973307532825,532825,SKATER BABY FOOD CUTTER MICKEY & MINNIE PETIT FRIENDS/BFC1_532825,SKATER,,,,,,
4973307533181,533181,SKATER COFFEE TUMBLER S 350ML SNOOPY/SNOOPY 21/STBC3F_533181,SKATER,,,,,,
4973307533273,533273,SKATER KITCHEN TOOL TURNER/FLY SPATULA SNOOPY/SNOOPY 21/KWT1_533273,SKATER,,,,,,
4973307533310,533310,SKATER WHISK/WHIPPER SNOOPY/SNOOPY 21/KWM1_533310,SKATER,,,,,,
4973307533334,533334,SKATER TONGS SNOOPY/SNOOPY 21/KWTO1_533334,SKATER,,,,,,
4973307534362,534362,SKATER CONVENIENCE STORE COFFEE STAINLESS STEEL TUMBLER (M SIZE) 400ML SNOOPY,SKATER,,,,,,
4973307538438,538438,SKATER COFFEE TUMBLER S350ML I'M DORAEMON / STBC3F_538438,SKATER,,,,,,
4973307539060,539060,SKATER STAINLESS STEEL TUMBLER (M SIZE) 400ML HELLO KITTY HAPPINESS GIRL STCV2_539060,SKATER,,,,,,
4973307539077,539077,SKATER STAINLESS STEEL TUMBLER (M SIZE) 400ML MY MELODY HAPPINESS GIRL/STCV2_539077,SKATER,,,,,,
4973307539084,539084,SKATER STAINLESS STEEL TUMBLER (M SIZE) 400ML CINNAMOROLL HAPPINESS GIRL/STCV2_539084,SKATER,,,,,,
4973307539091,539091,SKATER STAINLESS STEEL TUMBLER (M SIZE) 400ML I'M DORAEMON GLITTER PASTEL / STCV2_539091,SKATER,,,,,,
6931743105636,105636,JUYOU ASTAXANTHIN TRANEXAMIC ACID VC FACIAL MASK,JUYOU,Noncarry,,,,,
4973307545405,545405,SKATER ALUMINIUM MESS TIN 600 ML SNOOPY SNOOPY CAMP,SKATER,,,,,,
4973307545412,545412,SKATER ALUMINIUM MESS TIN 850 ML SNOOPY SNOOPY CAMP,SKATER,,,,,,
4973307546679,546679,SKATER TURNER FLY RETURN WINNIE THE POOH SKATER 1 KITCHEN TOOL,SKATER,,,,,,
4973307546686,546686,SKATER NYLON TURNER DISNEY WINNIE THE POOH,SKATER,,,,,,
6972687940174,940174,[OUTDATED] JOYOU COLD FACAIL MASK,JUYOU,,,,,,
4973307546716,546716,SKATER WHISK/WHIPPER WINNIE THE POOH/POOH/KWM1_546716,SKATER,,,,,,
4973307546723,546723,SKATER TONGS WINNIE THE POOH/POOH/KWTO1_546723,SKATER,,,,,,
6934997218251,218251,JUYOU SKIN REPAIR DRESSINGS (WHITE),JUYOU,Noncarry,,,,,
4973307547645,547645,SKATER FOR KIDS WHISKER WINNIE THE POOH SNACK THYME,SKATER,,,,,,
6934997214116,214116,JUYOU SKIN REPAIR DRESSINGS,JUYOU,Noncarry,,,,,
4973307548147,548147,SKATER ONE PUSH PETITE STAINLESS MUG BOTTLE WITH LOCK 180ML SNOOPY AWESOME /SMBC1DL_548147,SKATER,,,,,,
4973307548550,548550,SKATER ANTIBACTERIAL STAINLESS PETIT POT 180ML SNOOPY AWESOME!!/LJFC2NAG_548550,SKATER,,,,,,
4973307548987,548987,SKATER LUNCH BOX 560ML WINNIE THE POOH SMOKY COLOR KCLJC6AG_548987,SKATER,,,,,,
4973307549403,549403,Antibacterial cafe bowl thermal insulation lunch jar 540ml Hello Kitty & Tiny Chum/LDNC6AG_549403,SKATER,,,,,,
4973307549472,549472,SKATER LUNCH BOX WITH ANTIBACTERIAL THERMAL INSULATION JAR 560ML I'M DORAEMON / KCLJC6AG_549472,SKATER,,,,,,
4973307549489,549489,SKATER ANTIBACTERIAL CAFE BOWL THERMAL INSULATION LUNCH JAR 540ML I'M DORAEMON / LDNC6AG_549489,SKATER,,,,,,
4973307549502,549502,SKATER ANTIBACTERIAL STAINLESS PETIT POT 180ML I'M DORAEMON / LJFC2NAG_549502,SKATER,,,,,,
4973307549236,549236,SKATER PETIT STAINLESS MUG BOTTLE 160ML WINNIE THE POOH SMOKY COLOR/SMBC1BL_549236,SKATER,,,,,,
4973307549458,549458,SKATER PETIT STAINLESS MUG BOTTLE 160ML HELLO KITTY & TINY CHUM/SMBC1BL_549458,SKATER,,,,,,
4973307549533,549533,SKATER ONE PUSH PETITE STAINLESS MUG BOTTLE WITH LOCK 180ML I'M DORAEMON / SMBC1DL_549533,SKATER,,,,,,
4973307549663,549663,SKATER BABY CASTELLA MAKER WINNIE THE POOH/ALOCT1_549663,SKATER,,,,,,
4973307549687,549687,SKATER ALUMINUM HOT SAND PAN WINNIE THE POOH / ALHOS1_549687,SKATER,,,,,,
4973307549694,549694,SKATER ALUMINUM PANCAKE MAKER WINNIE THE POOH/ALHOC1_549694,SKATER,,,,,,
4973307550447,550447,SKATER ANTIBACTERIAL VACUUM STAINLESS LUNCH BOX 600ML SUMIKKO GURASHI CAT SIBLINGS/STLB1AG_550447,SKATER,,,,,,
4973307550546,550546,SKATER ALUMINUM HOT CAKE MAKER SNOOPY/ALHOC1_550546,SKATER,,,,,,
4973307551802,551802,SKATER ALUMINUM PANCAKE MAKER I'M DORAEMON/ALHOC1_551802,SKATER,,,,,,
4973307551772,551772,SKATER LUNCH BOX WITH ANTIBACTERIAL THERMAL INSULATION JAR 560ML TOTORO SILHOUETTE / KCLJC6AG_551772,SKATER,,,,,,
4973307551796,551796,SKATER ALUMINUM HOT SAND PAN I'M DORAEMON/ALHOS1_551796,SKATER,,,,,,
4973307552168,552168,SKATER PETIT STAINLESS MUG BOTTLE 160ML MY NEIGHBOR TOTORO SILHOUETTE/SMBC1BL_552168,SKATER,,,,,,
4973307552175,552175,SKATER ONE PUSH PETITE STAINLESS MUG BOTTLE WITH LOCK 180ML MY NEIGHBOR TOTORO SILHOUETTE/SMBC1DL_552175,SKATER,,,,,,
4973307557989,557989,SKATER SUPER LIGHTWEIGHT ONE-PUSH STAINLESS STEEL MUG BOTTLE 360ML HELLO KITTY & TINY CHUM/SDPC4_557989,SKATER,,,,,,
4973307558139,558139,SKATER SUPER LIGHTWEIGHT ONE PUSH STAINLESS MUG BOTTLE 360ML I'M DORAEMON / SDPC4_558139,SKATER,,,,,,
4973307558146,558146,SKATER ONE PUSH STAINLESS MUG BOTTLE 500ML I'M DORAEMON / SDPC5_558146,SKATER,,,,,,
4973307558474,558474,Super lightweight one-push stainless steel mug bottle 360ml Sumikko Gurashi Flower/SDPC4_558474,SKATER,,,,,,
4973307546761,546761,SKATER [WITH SCALE] ALUMINUM MESTIN S [600ML] WINNIE THE POOH/POOH/AFTM6N_546761,SKATER,,,,,,
4973307546785,546785,SKATER [WITH SCALE] ALUMINUM MESTIN M [850ML] WINNIE THE POOH/POOH/AFTM8N_546785,SKATER,,,,,,
4973307548277,548277,SKATER [WITH SCALE] ALUMINUM MESTIN S [600ML] HELLO KITTY/AFTM6N_548277,SKATER,,,,,,
4973307554193,554193,SKATER [WITH SCALE] ALUMINUM MESTIN M [850ML] MOOMIN/MOOMIN OUTDOOR/AFTM8N_554193,SKATER,,,,,,
4973307558627,558627,SKATER [WITH SCALE] COLOR ALUMINUM MESTIN S [600ML] GREEN/AFTM6N_558627,SKATER,,,,,,
4973307558634,558634,SKATER [WITH SCALE] COLOR ALUMINUM MESTIN S [600ML] YELLOW/AFTM6N_558634,SKATER,,,,,,
4973307558641,558641,SKATER [WITH SCALE] COLOR ALUMINUM MESTIN S [600ML] RED/AFTM6N_558641,SKATER,,,,,,
4973307560873,560873,SKATER SNOOPY MUG,SKATER,,,,,,
4973307561689,561689,SKATER PERFORATED TURNER (FRYER) HELLO KITTY & TINY CHUM/KWTA1_561689,SKATER,,,,,,
4973307561696,561696,SKATER TURNER/FLY SPATULA HELLO KITTY & TINY CHUM/KWT1_561696,SKATER,,,,,,
4973307561726,561726,SKATER WHISK/WHIPPER HELLO KITTY & TINY CHUM/KWM1_561726,SKATER,,,,,,
4973307561733,561733,SKATER LADLE/LADLE HELLO KITTY & TINY CHUM/KWO1_561733,SKATER,,,,,,
4973307561740,561740,SKATER TONGS HELLO KITTY/KWTO1_561740,SKATER,,,,,,
4973307563003,563003,SKATER ONE PUSH STAINLESS MUG BOTTLE 500ML MY NEIGHBOR TOTORO SILHOUETTE/SDPC5_563003,SKATER,,,,,,
4973307566400,566400,SKATER [HOME APPLIANCES] POP-UP TOASTER SNOOPY/ETS1_566400,SKATER,,,,,,
4973307566523,566523,SKATER [HOME ELECTRONICS] POP-UP TOASTER WINNIE THE POOH/POOH/ETS1_566523,SKATER,,,,,,
4973307566592,566592,SKATER [HOME APPLIANCES] HOT SANDWICH MAKER W WINNIE THE POOH/POOH/EHS1_566592,SKATER,,,,,,
4973307566608,566608,SKATER [HOME APPLIANCE] WAFFLE MAKER WINNIE THE POOH/POOH/EWF1_566608,SKATER,,,,,,
4973307566882,566882,SKATER [HOME APPLIANCES] POP-UP TOASTER HELLO KITTY & TINY CHUM/ETS1_566882,SKATER,,,,,,
4973307570964,570964,SKATER [HOME APPLIANCES] POP-UP TOASTER MIFFY/ETS1_570964,SKATER,,,,,,
4973307571329,571329,SKATER MIFFY MUG,SKATER,,,,,,
4987072011188,011188,Bargain Netsusama sheet for children 12 + 4 sheets,KOBAYASHI,,,,,,
4987072011195,011195,[OUTDATED] Bargain Netsusama sheet for adults 12 + 4 sheets,,,,,,,
4987072056561,056561,KOBAYASHI ROOM DEODORANT FLUFFY GORGEOUS WHITEY FLORAL SCENT,KOBAYASHI,,,,,,
4987072068922,068922,"KOBAYASHI DEODORANT FORMER EASE LAVENDER 400 ML OF THE KOBAYASHI PHARMACEUTICAL CO., LTD. ROOM TO RUSTLE IN",KOBAYASHI,,,,,,
4987072068939,068939,KOBAYASHI ROOM DEODORIZER WHITE PEACH SCENT 400ML,KOBAYASHI,,,,,,
4987072078266,078266,KOBAYASHI TEA GREEN FOR DEODORANT PET,KOBAYASHI,,,,,,
4987241173228,173228,ROHTO PHARMACEUTICAL MELANO CC CONCENTRATION COUNTERMEASURE MASK LARGE CAPACITY 28 PIECES,ROHTO,,,,,,
4520060230002,230002,BB LABORATORIES PH MASSAGE GEL PRO,BB LABORATORIES,,,,,,
4520060285002,285002,BB LABORATORIES PH MASSAGE CREAM PRO,BB LABORATORIES,,,,,,
4908049511340,511340,FANCL TURMERIC REVOLUTION EX VALUE 30 TIMES,FANCL,,,,,,
4944527437120,437120,SKG F5 MASSAGE GUN WHITE,SKG,,,,,,
4901221818107,818107,EBISU PREMIUM CARE HUB TOOTHBRUSH SOFT STRAW ULTRA-TAPERED B181,EBISU,,,,,,
4901221808016,808016,EBISU TOOTHBRUSH W52,EBISU,Noncarry,,,,,
4901221819609,819609,EBISU PREMIUM CARE 6-ROW WIDE REGULAR HEAD REGULAR BRISTLES TOOTHBRUSH B196,EBISU,Noncarry,,,,,
4901221800003,800003,EBISU PREMIUM CARE TOOTHBRUSH COMPACT SOFT,EBISU,Noncarry,,,,,
B08-LBK-360W,K-360W,LBK360ML(12OZ)PP BOWL(FIT120LID) 600/CS,,,,,,,
B08-LBK-400W,K-400W,LBK400ML(13OZ)PP BOWL(FIT120LID) 600/CS,,,,,,,
B08-LBK-500W,K-500W,LBK500ML(16OZ)PP BOWL(FIT120LID) 600/CS,,,,,,,
B08-LBK-700W,K-700W,LBK700ML(24OZ)PP BOWL(FIT142LID) 600/CS,,,,,,,
B08-LBK-850W,K-850W,LBK850ML(28OZ)PP BOWL(FIT142LID) 600/CS,,,,,,,
B08-LBK-999W,K-999W,LBK999ML(32OZ)PP BOWL(FIT142LID) 600/CS,,,,,,,
B08-LBK-1200W,-1200W,LBK1200ML(40OZ)PP BOWL(FIT178LID) 300/CS,,,,,,,
B08-LBK-1500W,-1500W,LBK1500ML(50OZ)PP BOWL(FIT178LID) 300/CS,,,,,,,
B08-LBK-1750W,-1750W,LBK1750ML(60OZ)PP BOWL(FIT178LID) 300/CS,,,,,,,
B08-LBK-2500W,-2500W,LBK2500ML(85OZ)PP BOWL(FIT230LID) 150/CS,,,,,,,
B08-LBK-2000W,-2000W,LBK2000ML(68OZ)PP BOWL(FIT230LID) 150/CS,,,,,,,
B08-LBK-PG230LID,230LID,LBK230 HARD D LID PP BOWL 150/CS FOR 2000/2500BOWL,,,,,,,
B08-LBK-PG178LID,178LID,LBK178 HARD D LIDPP BOWL 300/CS FOR 1200/1500/1750,,,,,,,
B08-LBK-GG142LID,142LID,LBK142 HARD D LID 600/CS FOR 700/850/999,,,,,,,
B08-LBK-GG120LID,120LID,LBK120 HARD D LID 600/CS FIT 360/400/500,,,,,,,
F08-OTH-FREIGHT,REIGHT,FREIGHT COST FOR TWO PALLETS,,,,,,,
4514254044131,044131,SHISEIDO CLE DE PEAU BEAUTE CREME,SHISEIDO,,,,,,
4514254973257,973257,SHISEIDO CLE DE PEAU BEAUTE MAGNIFICAT TOUR LABLE N,SHISEIDO,,,,,,
4514254976456,976456,SHISEIDO CLE DE PEAU BEAUTE SYNACTIF SAVON N 100G,SHISEIDO,,,,,,
4514254128923,128923,SHISEIDO REVITAL EMULSION,,,,,,,
4514254128930,128930,SHISEIDO REVITAL LOTION,,,,,,,
4987316018782,018782,SATO NAZAR SPRAY (LAVENDER),SATO,,,,,,
4562373281357,281357,ARTISTIC&CO MISS ARRIVO THE VEGAS II FACE MASSAGER BEAUTY DEVICE CIRCLE REMOVAL(NEW),ARTISTIC&CO,,,,,,
6972507565457,565457,AMORTALS STARRY SKY MAKEUP SPONGES BEAUTY BLENDERS 3PCS WITH 1 GIFT HOLDER,AMORTALS,Noncarry,,,,,
6972507562142,562142,AMORTALS TAOSU XINYUE BEAUTY MAKEUP EGG SPONGE SET (BLUE),AMORTALS,,,,,,
6972507560810,560810,AMORTALS PLANET BEAUTY NESTING BOX (3 IN 3),AMORTALS,Order,,,,,
6972507564306,564306,AMORTALS BIG DIPPER POWDER PUFF SET (7 PIECES),AMORTALS,Noncarry,,,,,
6972507564290,564290,AMORTALS POWER PUFF SET (4 PIECES),AMORTALS,Noncarry,,,,,
6972507566232,566232,AMORTALS BASE MAKEUP 100 FEN POWDER PUFF BOX XL (LARGE),AMORTALS,Active,,,,,
6972507566256,566256,AMORTALS BASE MAKEUP 100 FEN POWDER PUFF BOX L (SMALL),AMORTALS,Order,,,,,
6972507562012,562012,AMORTALS GRAPE VELVET BARE MUSCLE HONEY POWDER PUFF,AMORTALS,Active,,,,,
6972507565587,565587,AMORTALS SMALL HOUSE SPONGE POWDER PUFF (CRIMSON),AMORTALS,Active,,,,,
6972507568519,568519,AMORTALS SMALL HOUSE SPONGE POWDER PUFF (DARK GREEN),AMORTALS,Active,,,,,
6972507562517,562517,AMORTALS SMALL HOUSE SPONGE POWDER PUFF (DARK YELLOW),AMORTALS,,,,,,
6972507563125,563125,AMORTALS COSMETIC TOOLS SPECIAL CLEANING AGENT 150ML,AMORTALS,,,,,,
6972507563194,563194,AMORTALS NEW MYOPHANTOM COLOR COSMETIC COTTON TABLETS 50 PIECES,AMORTALS,,,,,,
6972507563002,563002,AMORTALS DOUBLE-SIDED DIAMOND SHAPE MASSAGE COTTON PAD (UPGRADED VERSION),AMORTALS,Order,,,,,
6972507562159,562159,AMORTALS MUMMY WET COMPRESS MAKE UP COTTON SHEET 240,AMORTALS,Order,,,,,
6972507566669,566669,AMORTALS CURL KING EYELASH CURLER,AMORTALS,Active,,,,,
6972507562425,562425,AMORTALS AUTOMATIC EYEBROW CUTTER (PINK),AMORTALS,Order,,,,,
6972507567574,567574,AMORTALS DOUBLE HEAD MACRO BROW TRIMMER (SINGLE SET),AMORTALS,Order,,,,,
6972507568458,568458,AMORTALS STAR FACIAL MAKEUP BRUSH SET BRUSH (12 SETS),AMORTALS,Noncarry,,,,,
6972507564481,564481,AMORTALS STAR FACIAL MAKEUP BRUSH STORAGE BUCKET,AMORTALS,Order,,,,,
6972507564498,564498,AMORTALS STAR FACIAL MAKEUP BRUSH STORAGE BAG,AMORTALS,Order,,,,,
6972507565624,565624,AMORTALS XINGYAO EYE MAKEUP BRUSH SET (5 SETS),AMORTALS,Noncarry,,,,,
6972507564641,564641,AMORTALS GALAXY TRAVELS AROUND THE DOT BRUSH #F03,AMORTALS,Order,,,,,
6972507562845,562845,AMORTALS MULTI-FUNCTION BEVEL BRUSH #101,AMORTALS,Order,,,,,
6972507562852,562852,AMORTALS CORNER EYELINER BRUSH #103,AMORTALS,Order,,,,,
6972507562944,562944,AMORTALS BEVEL CONCEALER BRUSH #270,AMORTALS,Order,,,,,
6972507562951,562951,AMORTALS ROUND TIP CONCEALER BRUSH #290,AMORTALS,Order,,,,,
6972507563026,563026,AMORTALS WIDE TONGUE FOUNDATION BRUSH,AMORTALS,,,,,,
6972507561275,561275,AMORTALS MULTI-COLOR WASH BAG,AMORTALS,,,,,,
6972507561671,561671,AMORTALS HD SILK MIST POWDER 101 HD TRANSPARENT,AMORTALS,,,,,,
6972507562500,562500,AMORTALS HD SILK MIST POWDER 104 MICRO FLASH,AMORTALS,,,,,,
6972507560780,560780,AMORTALS THREE-COLOR CONCEALER WITH CLEAR SKIN AND MUSCLE,AMORTALS,,,,,,
6972507562753,562753,AMORTALS NET BEAUTY MUSCLE THREE COLOR CONCEALER 02# LIGHT SKIN TONE,AMORTALS,,,,,,
69725075650206938582302417,302417,AMORTALS SINGLE HEAD DOUBLE EFFECT FINE MASCARA 01 MILKY WAY BLACK,AMORTALS,Order,,,,,
6972507562128,562128,AMORTALS SINGLE HEAD DOUBLE EFFECT FINE MASCARA 02 MOON BROWN,AMORTALS,Order,,,,,
6972507561480,561480,AMORTALS SINGLE DOUBLE EFFECT FINE MASCARA 03 BRIGHT BLUE,AMORTALS,,,,,,
6972507561473,561473,AMORTALS SINGLE HEAD DOUBLE EFFECT SLENDER MASCARA 04 GALAXY PURPLE,AMORTALS,,,,,,
6972507565013,565013,AMORTALS DOUBLE EFFECT DURABLE FOCUS EYELASH PRIMER,AMORTALS,,,,,,
6972507560223,560223,AMORTALS GALAXY FLOW CLOUD EYELINER GLUE PEN 01# GALAXY BLACK,AMORTALS,,,,,,
6972507566447,566447,AMORTALS GALAXY FLOW CLOUD EYELINER GLUE PEN 02# MOON BROWN,AMORTALS,,,,,,
6972507560193,560193,AMORTALS METEOR VERY FINE EYEBROW PENCIL 3# NATURAL BROWN,AMORTALS,,,,,,
6972507562005,562005,AMORTALS METEOR VERY FINE EYEBROW PENCIL 4# SMOKY ASH,AMORTALS,,,,,,
6972507560001,560001,AMORTALS METEOR VERY FINE EYEBROW PENCIL 1# HONEY TEA BROWN,AMORTALS,,,,,,
6972507560018,560018,[OUTDATED] AMORTALS METEOR VERY FINE EYEBROW PENCIL # 2 LIGHT COFFEE BROWN,AMORTALS,,,,,,
6972507561251,561251,AMORTALS SEED EYE LIP MAKEUP REMOVER 60ML,AMORTALS,,,,,,
6972507565945,565945,AMORTALS AMINO ACID CLEAR THROUGH HOT SPRING MAKEUP REMOVER 80ML,AMORTALS,Order,,,,,
6972507566652,566652,AMORTALS SKIN-FRIENDLY EXTRACTIVE SOFT TOWEL 90G (THICKENED),AMORTALS,Noncarry,,,,,
6972507569622,569622,AMORTALS DISPOSABLE CLOUD FEELING COTTON TOWEL,AMORTALS,Noncarry,,,,,
6972507564221,564221,AMORTALS DISPOSABLE BEAUTY CLEANSING FACE TOWEL (UPGRADED VERSION),AMORTALS,,,,,,
6972507561244,561244,AMORTALS CLOUD SOFT CLEAN FACE TOWEL (3 BAGS/LIFT),AMORTALS,Noncarry,,,,,
6972507561992,561992,AMORTALS COMPRESSED TOWEL (NEW STYLE),AMORTALS,Active,,,,,
6972507568113,568113,AMORTALS SMALL MILK SHEET COMPRESSED SOFT TOWEL,AMORTALS,,,,,,
6972507566423,566423,[INVALID] AMORTALS VACUUM DISPOSABLE BATH TOWEL (UPGRADED VERSION),AMORTALS,,,,,,
6972507560131,560131,AMORTALS STAR TOWEL SET,AMORTALS,Noncarry,,,,,
6972507566041,566041,AMORTALS REST FRAGRANCE STEAM EYE MASK (ANTENNA OF CLOUD),AMORTALS,,,,,,
6972507566034,566034,AMORTALS REST FRAGRANCE STEAM EYE MASK (SUNRISE NANLING),AMORTALS,,,,,,
6972507566027,566027,AMORTALS REST FRAGRANCE STEAM EYE MASK (MISTY FOREST),AMORTALS,,,,,,
6972507566010,566010,AMORTALS REST FRAGRANCE STEAM EYE MASK (22 FLOWER TEA),AMORTALS,,,,,,
6972507563781,563781,"AMORTALS FRAGRANT, HEART-TO-HEART HAND CREAM (ROSE SWEETHEART) 75G 旧款",AMORTALS,,,,,,
6972507563088,563088,AMORTALS FRAGRANT FRAGRANCE HAND MOISTURIZER (WOOD ORDER GARDEN) 75G,AMORTALS,Order,,,,,
6972507563903,563903,AMORTALS RICH AND BEAUTIFUL FRAGRANCE HAND CREAM (BLUE MEDITERRANEAN) 75G旧款,AMORTALS,,,,,,
6972507563262,563262,AMORTALS LIGHTWEIGHT MOISTURIZING LIP STICK,AMORTALS,,,,,,
6972507565594,565594,AMORTALS SUPER SOFT HAIR WIDE HEAD TOOTHBRUSH A RED GREEN,AMORTALS,,,,,,
6972507564009,564009,AMORTALS SUPER SOFT HAIR WIDE HEAD TOOTHBRUSH B YELLOW BLUE,AMORTALS,,,,,,
6972507565037,565037,AMORTALS BUBBLING NET,AMORTALS,Order,,,,,
6972507563347,563347,AMORTALS WIPES (BLUE),AMORTALS,Order,,,,,
6972507565259,565259,AMORTALS MAKEUP REMOVER (PINK),AMORTALS,,,,,,
6972507564559,564559,AMORTALS PORTABLE CURLING EYELASH CURLER,AMORTALS,Order,,,,,
6972507567529,567529,AMORTALS ROLL FACE TOWEL,AMORTALS,Active,,,,,
6974063510292,510292,[OUTDATED] VOOLGA BALJA SODIUM HYALURONATE REPAIR PASTE (BLACK MASK),VOOLGA,,,,,,
4562256994497,994497,Etvos (etovosu) Cleansing Soap Clear Soap Bar 80g,,,,,,,
6974063510063,510063,VOOLGA CENTRLLA ASIATICA SOOTHING AND REPAIR MASK,VOOLGA,,,,,,
4562256995326,995326,Etvos N Mineral Long Lash Mascara (brown),,,,,,,
6973391731669850060497414,497414,INTO YOU SHERO SUPER MATTE LIP & CHEEK MUD EM 112,INTO YOU,Active,,,,,
6973391731805,731805,INTO YOU SHERO SUPER MATTE LIP & CHEEK MUD EM 525,INTO YOU,Active,,,INTOYOU-RIGHT-R1-P2,,
69385823739986973391737562,737562,INTO YOU SHERO SUPER MATTE LIP & CHEEK MUD EM05,INTO YOU,Noncarry,,,,,
69385823740256938582322934,322934,INTO YOU SHERO SUPER MATTE LIP & CHEEK MUD EM08,INTO YOU,Noncarry,,,,,
697339173008269385823221706973391737418,737418,INTO YOU SHERO SUPER MATTE LIP & CHEEK MUD EM11,INTO YOU,Active,,,INTOYOU-RIGHT-R2-P2,,
697339173009969385823221876973391737586,737586,INTO YOU SHERO SUPER MATTE LIP & CHEEK MUD EM12,INTO YOU,Noncarry,,,INTOYOU-RIGHT-R2-P2,,
6973391730563,730563,INTO YOU SHERO SUPER MATTE LIP & CHEEK MUD EM13,INTO YOU,Active,,,,,
X00373XHD5,73XHD5,INTO YOU Shero Super Matte Lip& Cheek mud EM17,INTO YOU,Order,,,,,
697339173102769385823222556973391737517,737517,INTO YOU SHERO SUPER MATTE LIP & CHEEK MUD EM19,INTO YOU,Active,,,INTOYOU-RIGHT-R2-P2,,
697339173039669733917375316938582322453,322453,INTO YOU SHERO SUPER MATTE LIP & CHEEK MUD EM23,INTO YOU,Active,,,,,
6973391731140,731140,INTO YOU SYRUP GLOSSY LIP TINT G01,INTO YOU,,,,INTOYOU-LEFT-R2-P2,,
6973391731157,731157,INTO YOU SYRUP GLOSSY LIP TINT G02,INTO YOU,,,,INTOYOU-LEFT-R2-P2,,
6973391731164850060497506,497506,INTO YOU SYRUP GLOSSY LIP TINT G03,INTO YOU,,,,INTOYOU-LEFT-R2-P2,,
6973391731171850060497513,497513,INTO YOU SYRUP GLOSSY LIP TINT G04,INTO YOU,,,,INTOYOU-LEFT-R2-P2,,
6973391731188,731188,INTO YOU SYRUP GLOSSY LIP TINT G05,INTO YOU,,,,INTOYOU-LEFT-R2-P3,,
6972507563422,563422,AMORTALS XINYUE BEAUTY MAKEUP EGG SPONGE SET (YELLOW),AMORTALS,,,,,,
4987158309557,309557,TORII ZEFNATE EXTERNAL SOLUTION 2% 10ML*10,TORII,,,,,,
4589409133817,133817,&BE CUSHION FOUNDATION BEIGE 12G SPF24PA+,&BE,,,,,,
4589409133824,133824,&BE CUSHION FOUNDATION LIGHT BEIGE 12G SPF24PA+,&BE,,,,,,
4589409133855,133855,&BE UV PRIMER SPF50+ PA++,&BE,,,,,,
4973167027523,027523,KATE REAL COVER LIQUID (SEMI-MATTE) 03,&BE,,,,,,
4973167027516,027516,KATE REAL COVER LIQUID (SEMI-MATTE) 02,&BE,,,,,,
4973167027509,027509,KATE REAL COVER LIQUID (SEMI-MATTE) 01,&BE,,,,,,
4589409133930,133930,&BE FANCYR LIGHT BEIGE & ORANGE,&BE,,,,,,
4515061517221,517221,BCL BECURE HONEY WONDER HONEY TORO TORO HAND CREAM SWEET PEONY 50G,BCL,,,,,,
4515061517238,517238,BCL BECURE HONEY WONDER HONEY TORO TORO HAND CREAM MORNING PICKED MYRTLE 50G,BCL,,,,,,
4515061517245,517245,BCL BECURE HONEY WONDER HONEY TORO TORO HAND CREAM MAPLE HONEY 50G,BCL,,,,,,
4515061517252,517252,BCL BECURE HONEY WONDER HONEY TORO TORO HAND CREAM SABONBEBE 50G,BCL,,,,,,
4515061517269,517269,BCL BECURE HONEY WONDER HONEY TORO TORO HAND CREAM CITRUS SORBET 50G,BCL,,,,,,
4515061517573,517573,BCL BECURE HONEY WONDER HONEY TORO TORO HAND CREAM APPLE HONEY 50G,BCL,,,,,,
4515061517580,517580,BCL BECURE HONEY WONDER HONEY TORO TORO HAND CREAM PEACH COMPOTE 50G,BCL,,,,,,
4560202020641,020641,NURSERY W CLEANSING GEL YUZU 180ML,NURSERY,Noncarry,,,,,
4589546890758,890758,VICREA &HONEY DEEP MOIST SHAMPOO,VICREA,Active,,,,,
4589546890765,890765,VICREA &HONEY DEEP MOIST TREATMENT,VICREA,Noncarry,,,,,
4589546890796,890796,VICREA &HONEY DEEP MOIST HAIR OIL 3.0,VICREA,Active,,,,,
4589546892226,892226,VICREA &HONEY MELTY MOIST REPAIR SHAMPOO 1.0,VICREA,Noncarry,,,,,
4589546892233,892233,VICREA &HONEY MELTY MOIST REPAIR HAIR TREATMENT 2.0,VICREA,Noncarry,,,,,
4589546892264,892264,VICREA &HONEY MELTY MOIST HAIR TRT PACK,VICREA,Noncarry,,,,,
4589546892271,892271,VICREA &HONEY MELTY MOIST REPAIR HAIR OIL,VICREA,Active,,,,,
4589919564958,564958,AMINO MASON SNOOPY LIMITED HAIR OIL 2ND,AMINO MASON,,,,,,
4589919564965,564965,AMINO MASON SNOOPY LIMITED HAIR OIL EX2ND,AMINO MASON,,,,,,
4901301217967,217967,KAO JAPAN STYLE CARE CLOTHES MIST BODY,KAO,,,,,,
4901301406415,406415,KAO LIESE PRETTIA BUBBLE HAIR COLOR SUGAR PINK,KAO,Active,,,,,
4901525001946,001946,作废 COW ADDITIVE-FREE FOAM CLEANSER PUMP 200ML,COW,,,,,,
4901525006316,006316,COW MILKY BODY SOAP RELAX FLORAL 550ML,COW,,,,,,
4901872471997,471997,DISCONTINUED SHISEIDO FINO PREMIUM TOUCH HAIR OIL 70ML,SHISEIDO,Active,,,,,
4903018113518,113518,YANAGIYA HAIR TONIC (CITRUS) 240ML,YANAGIYA,,,,,,
4973307535826,535826,SKATER DISNEY WINNIE THE POOH STAINLESS STEEL HANDY BOTTLE COFFEE CUP THERMOS CUP 350ML,SKATER,,,,,,
4973307546655,546655,SKATER KITCHEN TOOLS LADLE WINNIE THE POOH DISNEY,SKATER,,,,,,
4973307548529,548529,SKATER THERMAL ANTIBACTERIAL THERMAL PACKED LUNCH SNOOPY,SKATER,,,,,,
4973307549427,549427,SKATER KITTY & TINY CHAM INSULATION LUNCH BOX BOWL TYPE STAINLESS STEEL LUNCH BOX 550ML,SKATER,,,,,,
4973307549434,549434,SKATER ULTRA-LIGHTWEIGHT DELICA POT P-26,SKATER,,,,,,
4973307549496,549496,SKATER I'M DORAEMON LUNCH BOX BOWL TYPE 600ML,SKATER,,,,,,
4973307550539,550539,SKATER ALUMINUM GRILLED SANDWICH MAKER DIRECT FIRE SNOOPY ALHOS1-A,SKATER,,,,,,
4973307551604,551604,SKATER SNOOPY 550ML VACUUM STAINLESS STEEL BENTO BOX,SKATER,,,,,,
4973307551864,551864,SKATER KEEP WARM / COOL SOUP JAR SMALL SIZE MY NEIGHBOR TOTORO GHIBLI 180ML,SKATER,,,,,,
4973307552229,552229,SKATER SKATER LUNCH BOX BOWL TYPE STAINLESS STEEL DX 640ML TOTORO GHIBLI STLB2DXAG-A,SKATER,,,,,,
4973307552236,552236,SKATER CAFE BOWL STAINLESS STEEL VACUUM INSULATION FOOD JAR 550 ML,SKATER,,,,,,
4560364937818,937818,WELLNESS BEAUTE BLACK GEL PACK 90G,WELLNESS,,,,,,
4580133870856,870856,OFF&RELAX AROMATIC HAIR OIL CASSIS&MUGET,OFF&RELAX,Active,,,,,
45801338708634570110290838,290838,OFF&RELAX HAIR OIL,OFF&RELAX,Active,,,,,
4580133871945,871945,OFF&RELAX KINMOKUSEI SHAMPOO & CONDITIONER SET,OFF&RELAX,,,,,,
4946324021733,021733,DUP EYELID TAPE EXTRA,DUP,,,,,,
4946324021740,021740,DUP EYELID TAPE MILD,DUP,,,,,,
4946324026370,026370,DUP EYELID TAPE POINT,DUP,,,,,,
4946324029876,029876,DUP EYELID TAPE ONE-SIDE,DUP,,,,,,
4536667306989,306989,REGART BEAUTY LEGGING (PPH-802 L-LL),REGART,,,,,,
4536667307009,307009,REGART BEAUTY LEGGING (PPS-803 L-LL),REGART,,,,,,
6971899510182,510182,VOOLGA GLOSSY AND BRIGHTLY FRESH GREEN MUD MASK,VOOLGA,,,,,,
4901008314037,314037,[INVALID] CANMAKE MARSHMALLOW 01 FINISH POWDER,CANMAKE,Noncarry,,,,,
4560413152469,152469,AXXZIA BEAUTY EYES ESSENCE SHEET PREMIUM 10TH ANNIVERSARY,AXXZIA,,,,,,
4987241148479,148479,ROHTO HADALABO GOKUJYUN Α MOISTURIZING LOTION 170ML ANTI-AGING CARE,ROHTO,,,,,,
6971921640023,640023,YAOZHI CUSHION PUFF EGG YOLK,YAOZHI,Noncarry,,,,,
6971921641013,641013,YAOZHI CUSHION PUFF PINEAPPLE,YAOZHI,,,,,,
6971921640115,640115,YAOZHI CUSHION PUFF RED BEAN,YAOZHI,Noncarry,,,,,
6971921640177,640177,YAOZHI CUSHION PUFF CHOCOLATE,YAOZHI,,,,,,
6971921640351,640351,YAOZHI ICE CREAM POWDER PUFF (BLUEBERRY YOGURT),YAOZHI,,,,,,
6971921640344,640344,YAOZHI ICE CREAM POWDER PUFF (SEA SALT COCONUT),YAOZHI,,,,,,
6971921640375,640375,YAOZHI ICE CREAM POWDER PUFF (BANANA MILK),YAOZHI,,,,,,
6971921640368,640368,YAOZHI ICE CREAM POWDER PUFF (SWEET ORANGE CREAM ICE),YAOZHI,,,,,,
6971921641471,641471,YAOZHI POWDER PUFF CLEANING AGENT (GLYCERIN AROMA),YAOZHI,,,,,,
6971921640276,640276,YAOZHI POWDER PUFF CLEANER (GRAPE),YAOZHI,,,,,,
4991936882814,882814,HONYARADO MINI HAND CREAM SET WITH 5 SCENTS (COS88281),HONYARADOH,,,,,,
4991936882982,882982,HONYARADO FOREST CHARM HAND CREAM SET OF 5 (COS88298),HONYARADOH,,,,,,
4909978132033,132033,SHISEIDO ELIXIR BOUNCING MOISTURE LOTION III 170ML,SHISEIDO,Active,,,,,
4909978132019,132019,SHISEIDO ELIXIR BOUNCING MOISTURE LOTION I 170ML,SHISEIDO,Noncarry,,,,,
4909978132026,132026,SHISEIDO ELIXIR BOUNCING MOISTURE LOTION II 170ML,SHISEIDO,Active,,,,,
4909978132217,132217,SHISEIDO ELIXIR BOUNCING MOISTURE EMULSION III 130ML,SHISEIDO,Active,,,,,
4977673137462,137462,HOUSE OF ROSE OH BABY BODY SMOOTHER PEAR FRAGRANCE,HOUSE OF ROSE,,,,,,
6973391730709,730709,INTO YOU AIRY LIP MUD C1,INTO YOU,,,,INTOYOU-RIGHT-R2-P3,,
6973391731928,731928,INTO YOU AIRY LIP MUD C4,INTO YOU,,,,,,
6973391731935,731935,INTO YOU AIRY LIP MUD C5,INTO YOU,Noncarry,,,,,
6973391731904,731904,INTO YOU AIRY LIP MUD N3,INTO YOU,Noncarry,,,,,
6973391731911,731911,INTO YOU AIRY LIP MUD N4,INTO YOU,Noncarry,,,,,
6973391730679,730679,INTO YOU AIRY LIP MUD W1,INTO YOU,Noncarry,,,INTOYOU-RIGHT-R2-P3,,
6973391730686,730686,INTO YOU AIRY LIP MUD W2,INTO YOU,Noncarry,,,,,
6973391731898,731898,INTO YOU AIRY LIP MUD W5,INTO YOU,Noncarry,,,,,
BREO-ISEE-4,ISEE-4,BREO ISEE 4,BERO,,,,,,
6939505853757,853757,BREO I SEE M,BERO,,,,,,
6950386606119,606119,BUYDEEM A500 GLASS STEW POT AND HOLDER,BUYDEEM,,,,,,
4580295033588,033588,MSH LOVELINER CREAM FIT PENCIL #MAPLE BROWN,MSH,,,,,,
4589664762401,762401,MAKE GENIC FIX MAKEUP MILKY LOTION MIST,MAKE GENIC,,,,,,
4901008312552,312552,CANMAKE MELTY LUMINOUS ROUGE #04,CANMAKE,,,,,,
4901008312569,312569,CANMAKE MELTY LUMINOUS ROUGE #05,CANMAKE,,,,,,
4903301426202,426202,LION SMILE CONTACT FUNWARI FIT CONTACT DROP 5ML,LION,,,,,,
6970810550979,550979,OCLEAN PW01 TOOTH BRUSH HEAD,OCLEAN,,,,,,
4547847254532,254532,GUNZE GHASSOUL SABRINA WARM+ 240D TIGHTS #BLK,GUNZE,,,,,,
4901872958207,958207,SHISEIDO AQUA LABEL SPECIAL GEL CREAM A MOIST 90G1,SHISEIDO,,,,,,
4908068515237,515237,GUNZE 220D TIGHTS 180 DENIER BLACK M～L,GUNZE,,,,,,
6970245160613,160613,GX-P01-B Polar Blue,GX,,,,,,
6970245160484,160484,GX-P01-VG Wild Rose Green,GX,,,,,,
6970245160514,160514,GX-P01-CX Picasso Purple,GX,,,,,,
6970245160606,160606,GX-P01-XK The Starry Night,GX,,,,,,
6970245160507,160507,GX-P01-PB Smog Purple,GX,,,,,,
6970245166264,166264,GX-P03 blueiris,GX,,,,,,
4560202020207,020207,NURSERY CLEANSING GEL GRAPEFRUIT,NURSERY,Noncarry,,,,,
4560202020221,020221,NURSERY CLEANSING GEL ORANGE,NURSERY,Noncarry,,,,,
4560202020245,020245,NURSERY CLEANSING GEL LIME & LEMON,NURSERY,Noncarry,,,,,
4560202020269,020269,NURSERY CLEANSING GEL FRUIT MIX,NURSERY,Noncarry,,,,,
4560202021082,021082,NURSERY CLEANSING BALM YUZU,NURSERY,,,,,,
4901417787828,787828,KRACIE ICHIKAMI NAMERAKA SMOOTH SHAMPOO & CONDITIONER 480ML EACH PUMP,KRACIE,,,,,,
4901417787835,787835,KRACIE ICHIKAMI DENSE W MOISTURIZING CARE SHAMPOO & CONDITIONER 480MLEACH PUMP,KRACIE,,,,,,
4901417787842,787842,KRACIE ICHIKAMI COLOR CARE & BASE TREATMENT IN SHAMPOO & CONDITIONER 480ML PUMP PAIR,KRACIE,,,,,,
4903111467938,467938,UNICHARM SILCOT FACIAL COTTON SILKY TOUCH WIPING 32PCS,UNICHARM,,,,,,
4961989409344,409344,WAFOOD MADE SAKE LEES PACK YUZU FRAGRANCE,WAFOOD,,,,,,
4971902071305,071305,KOKUBO REFRIGERANT HIYASHIMASU COOLING PATCH 6 PCS FOR ADULTS,KOKUBO,,,,,,
4971902921914,921914,KOKUBO HELLO KITTY COOLING PATCH 4PCS,KOKUBO,,,,,,
4992440037264,037264,ISHIZAWA LABS GERMA BATH SALTSAUNA,ISHIZAWA,,,,,,
4992440037295,037295,ISHIZAWA LABS KEANA BAKING SODA GRAPE FACE FOAM WASH,ISHIZAWA,Active,,,,,
4992440037356,037356,ISHIZAWA LABS HAMIGAKI NADESHIKO BAKING SODA TOOTHPASTE -ORANGE MINT-,ISHIZAWA,,,,,,
4992440097268,097268,ISHIZAWA LABS NADESHIKO BATH SALT & RICE MASK SET,ISHIZAWA,,,,,,
4901301367297,367297,KAO BIORE MOSITURE CHARGE FACE MASK BEFORE MAKE UP 5P,KAO,,,,,,
4902508003735,003735,PIGEON BREASTFEEDING FEELING BABY BOTTLE GLASS 80ML,PIGEON,,,,,,
4976631894225,894225,PELICAN SOAP FOR BACK USE,PELICAN,,,,,,
4977369612075,612075,DAILY AROMA NATURAL ESSENSE HAND CREAM #LEMON,DAILY AROMA,,,,,,
4977369615045,615045,DAILY AROMA NATURAL ESSENSE HAND CREAM #IYOKAN,DAILY AROMA,,,,,,
4992440037257,037257,ISHIZAWA LABS SHIGAISEN YOHOU MAKEUP BASE UV STICK SPF50+PA+++ 6.3G,ISHIZAWA,,,,,,
4992440037271,037271,ISHIZAWA LABS TOUMEI SHIROHADA WHITE CLEAR PADS 30PADS,ISHIZAWA,,,,,,
4997770096943,096943,DAISO ER MILKY LOTION 120ML,DAISO,,,,,,
4901301392374,392374,KAO LAURIER SKIN CLEAN GUARD 20.5X20 2PACK BUNDLE,KAO,,,,,,
4987205311819,311819,HOYU BEAUTEEN HAIR COLOR #MONOTONE GREGE,HOYU,,,,,,
4987205312168,312168,HOYU BEAUTEEN HAIR COLOR #PURPLE ASH,HOYU,,,,,,
4987205312205,312205,HOYU BEAUTEEN HAIR COLOR #PINKISH CORAL,HOYU,,,,,,
4987205312212,312212,HOYU BEAUTEEN HAIR COLOR #MAT KHAKI,HOYU,,,,,,
4988338221358,221358,CREATE ION GRACE STRAIGHTENER,CREATE ION,,,,,,
4991560809263,809263,ADERANS HAIR REPRO SCALP SHAMPOO OILY,ADERANS,,,,,,
4991560809317,809317,ADERANS HAIR REPRO SCALP GROW 120ML,ADERANS,,,,,,
4515061517672,517672,BCL WONDER HONEY FOREST HAND CREAM GIFT BOX FRESHENING 3PCS SET,BCL,,,,,,
4515061517689,517689,BCL WONDER HONEY FOREST HAND CREAM GIFT BOX SWEET 3PCS SET,BCL,,,,,,
4977673137486,137486,HOUSE OF ROSE OH BABY BODY LOTION PEAR FRAGRANCE 200ML,HOUSE OF ROSE,,,,,,
4977673137479,137479,HOUSE OF ROSE OH BABY SHOWER GEL PEAR FRAGRANCE 300ML,HOUSE OF ROSE,,,,,,
2400032052745,052745,GELATO PIQUE SUPER MARIO PRINCESS PEACH PULLOVER SET F,GELATO PIQUE,,,,,,
2400032052752,052752,GELATO PIQUE SUPER MARIO TOAD PULLOVER SET F,GELATO PIQUE,,,,,,
2400032052721,052721,GELATO PIQUE SUPER MARIO MARIO PULLOVER SET F,GELATO PIQUE,,,,,,
2400032052738,052738,GELATO PIQUE SUPER MARIO LUIGI PULLOVER SET F,GELATO PIQUE,,,,,,
2400032052653,052653,GELATO PIQUE SUPER MARIO LUIGI WOMEN PAJAMAS,GELATO PIQUE,,,,,,
2400032052684,052684,GELATO PIQUE SUPER MARIO LUIGI MEN PAJAMAS M,GELATO PIQUE,,,,,,
2400032052660,052660,GELATO PIQUE SUPER MARIO MARIO MEN PAJAMAS M,GELATO PIQUE,,,,,,
2400032052646,052646,GELATO PIQUE SUPER MARIO MARIO WOMEN PAJAMAS,GELATO PIQUE,,,,,,
2400032052677,052677,GELATO PIQUE SUPER MARIO MARIO MEN PAJAMAS L,GELATO PIQUE,,,,,,
2400032052691,052691,GELATO PIQUE SUPER MARIO LUIGI MEN PAJAMAS L,GELATO PIQUE,,,,,,
4979006095579/4979006092028,092028,SKII GIFT SET,SKII,,,,,,
4515061517535,517535,BCL VECUA HONEY HAND CREAM OSMANTHUS,BCL,,,,,,
4964596701146,701146,SANA NAMERAKA HONPO SOY MILK ISOFLAVONE MOISTURISING LOTION SUPER RICH NEW（旧4964596413322）,SANA,Active,,,,,
4964596701122,701122,SANA SOY MOISTURIZING ESSENCE SERUM TONER LOTION 200ML(4964596457821),SANA,Active,,,,,
2400032052059,052059,GELATO PIQUE GELATO BEAR SAGARA SET M,GELATO PIQUE,,,,,,
2400032052097,052097,GELATO PIQUE GELATO LINE LONG PANTS M,GELATO PIQUE,,,,,,
2400032052066,052066,GELATO PIQUE GELATO BEAR SAGARA SET L,GELATO PIQUE,,,,,,
2400032052103,052103,GELATO PIQUE GELATO LINE LONG PANTS L,GELATO PIQUE,,,,,,
2400032051809,051809,GELATO PIQUE UGLY BEAR JACQUARD WHITE SET F,GELATO PIQUE,,,,,,
2400032052592,052592,GELATO PIQUE BEARHEART JACQUARD SET F,GELATO PIQUE,,,,,,
2400032052592-2,2592-2,GELATO PIQUE BEARHEART JACQUARD SHORTS F,GELATO PIQUE,,,,,,
2400032051670,051670,GELATO PIQUE PREMIUM SHAWL CARDIGAN SET F,GELATO PIQUE,,,,,,
2400032052240,052240,GELATO PIQUE BEAR HEART TISSUE POUCH WHITE,GELATO PIQUE,,,,,,
2400032052257,052257,GELATO PIQUE BEAR HEART TISSUE POUCH RED,GELATO PIQUE,,,,,,
X0033AIR2N,3AIR2N,INTO YOU SHERO SUPER MATTE LIP & CHEEK MUD EM18,INTO YOU,Order,,,,,
4560364939805,939805,MICHE BLOOMIN EYELASH GLUE CLEAR TYPE 5ML NEW,MICHE BLOOMIN,Noncarry,,,,,
6973100340816,340816,[OUTDATED] MOJIESI FIVE ROWS SANDWICH MIX EYELASH NEW,MOJIESI,,,,,,
4550516474087,474087,SHISEIDO TSUBAKI PREMIUM EX INTENSIVE SHAMPOO 490ML,SHISEIDO,,,,,,
4550516474155,474155,SHISEIDO TSUBAKI PREMIUM EX INTENSIVE CONDITIONER 490ML,SHISEIDO,Active,,,,,
4589409132148,132148,&BE BLACK SPONGE,&BE,,,,,,
4971710539165,539165,KOSE MAKE-UP REMOVER PIKACHU,KOSE,,,,,,
4971710539172,539172,KOSE MAKE-UP REMOVER JIGGLYPUFF,KOSE,,,,,,
6972507562999,562999,AMORTALS ULTRA CLEAN POWDER BRUSH,AMORTALS,Active,,,,,
4589409133992,133992,&BE UV SMOOTH POWDER,&BE,,,,,,
4901301244574,244574,KAO WASHING TUB HITER 180G,KAO,,,,,,
4901301306319,306319,KAO LAURIER SLIM GUARD FOR HEAVY TO MODERATE DAYS WITH WINGS 26PCS,KAO,Active,,,,,
4901301393371,393371,KAO LAURIER SLIM GUARD LAVENDER 300 FOR MANY NIGHTS 14 PIECE,KAO,Active,,,,,
4901301393388,393388,KAO LAURIER SLIM G LAVENDER 350 FOR THE NIGHT 12 PIECES,KAO,Active,,,,,
4901301393395,393395,KAO LAURIER SLIM GUARD LAVENDER 400 10 PIECES FOR THE NIGHT,KAO,Active,,,,,
4901301405029,405029,KAO LAURIER HAPPY SKIN DEODORANT ORDINARY DAILY FEATHERS 22 PIECES,KAO,,,,,,
4901301405036,405036,KAO LAURIER HAPPY SKIN DEODORANT ESPECIALLY 15 PIECES WITH DAYTIME WINGS,KAO,,,,,,
4901301405043,405043,KAO LAURIER HAPPY BARE SKIN 30 DEODORIZING NIGHT FEATHERS 9,KAO,,,,,,
4901331001628,001628,KAI RAZOR PETITE EYEBROW RAZOR T 3P 01-160 3PC,KAI,,,,,,
4901331011603,011603,KAI RAZOR PETITE EYEBROW SAFETY GUARD RAZOR T 3P 01-160 3PC,KAI,,,,,,
4901417674418,674418,DISCONTINUED KRACIE NAIVE FACIAL CLEANSING FOAM PEACH,KRACIE,Active,,,,,
4901417674432,674432,DISCONTINUED KRACIE NAIVE FACIAL CLEANSING FOAM GREENTEA,KRACIE,Active,,,,,
4901417674579,674579,DISCONTINUED KRACIE NAIVE FACIAL CLEANING FOAM YUZU,KRACIE,Active,,,,,
4901525010481,010481,COW BOUNCIA BODY SOAP PREMIUM MOIST WITH PUMP GOLDEN,COW,,,,,,
4901872466023,466023,SHISEIDO TSUBAKI PREMIUM MOIST SHAMPOO,SHISEIDO,Active,,,,,
4901872466061,466061,SHISEIDO TSUBAKI PREMIUM MOIST CONDITIONER,SHISEIDO,Active,,,,,
4901872466146,466146,SHISEIDO TSUBAKI PREMIUM REPAIR SHAMPOO,SHISEIDO,Active,,,,,
4901872466238,466238,SHISEIDO TSUBAKI PREMIUM REPAIR CONDITIONER,SHISEIDO,Active,,,,,
4903111455614,455614,UNICHARM SILCOT 82 PIECES X2 BOX SET,UNICHARM,Active,,,,,
4909978133757,133757,SHISEIDO AQUA LABEL SPECIAL GEL CREAM A (OIL-IN),SHISEIDO,Noncarry,,,,,
4964596700811,700811,SANA Nameraka honpo foam face wash 200ml,,,,,,,
4964596701139,701139,SANA NANERAKA HONPO SOY MILK ISOFLAVONE MOISTURISING LOTION RICH（4964596457838）,SANA,Active,,,,,
4909978132095,132095,SHISEIDO ELIXIR BOUNCING MOISTURE EMULSION I 130ML,SHISEIDO,Noncarry,,,,,
4953923309636,309636,POLA BA EYE ZONE CREAM (4953923310656),POLA,,,,,,
6973391731881,731881,INTO YOU AIRY LIP MUD W4,INTO YOU,Active,,,,,
69733917300756973391737494,737494,INTO YOU SHERO SUPER MATTE LIP & CHEEK MUD EM10,INTO YOU,Noncarry,,,,,
4514254124598,124598,SHISEIDO CLE DE PEAU BEAUTE LE FONDUTANE 00 N30G,SHISEIDO,,,,,,
4979006092028,092028,SKII GIFT BAG 旅行包,SKII,,,,,,
4909978132200,132200,SHISEIDO ELIXIR BOUNCING MOISTURE EMULSION II 130ML,SHISEIDO,Active,,,,,
4992440037387,037387,ISHIZAWA LABS TRANSPARENT GLOWING BRIGHT SKIN SET,ISHIZAWA,,,,,,
6970627079106,079106,CUTE RUMOR MOISTURIZING LIPESSENCE H04,CUTE RUMOR,,,,,,
6970627079090,079090,CUTE RUMOR MOISTURIZING LIPESSENCE H05,CUTE RUMOR,,,,,,
6973072803968,803968,CUTE RUMOR VELVET LIPSTAIN X02,CUTE RUMOR,,,,,,
6973072802923,802923,CUTE RUMOR MATTE LIPSTICK J01,CUTE RUMOR,,,,,,
6973072802930,802930,CUTE RUMOR MATTE LIPSTICK J02,CUTE RUMOR,,,,,,
6973072802947,802947,CUTE RUMOR MATTE LIPSTICK J03,CUTE RUMOR,,,,,,
6970627077126,077126,CUTE RUMOR GLAZE LIPTINT W01,CUTE RUMOR,,,,,,
6970627077157,077157,CUTE RUMOR GLAZE LIPTINT W04,CUTE RUMOR,,,,,,
6970627077164,077164,CUTE RUMOR GLAZE LIPTINT W05,CUTE RUMOR,,,,,,
6973072803456,803456,CUTE RUMOR MATTE LIPSTAIN C03,CUTE RUMOR,,,,,,
4969527198736,198736,ALBION SKIN CONDITIONER ESSENTIAL 330ML NEW,ALBION,Noncarry,,,,,
4560478561107,561107,PLATINUM NANO MANMOU TOOTHBRUSH BLUE NEW,MANMOU,Active,,,,,
4560364939225,939225,MICHE BLOOMIN FALSE EYELASHES NO.01 PURE RICH (3D RENEWAL),MICHE BLOOMIN,Noncarry,,,,,
4560364939317,939317,MICHE BLOOMIN FALSE EYELASHES NO. 10 NATURAL BROWN (3D RENEWAL),MICHE BLOOMIN,Noncarry,,,,,
4560364939171,939171,MICHE BLOOMIN FALSE EYELASHES NO.44 GIRLY INNOCENT (3D RENEWAL),MICHE BLOOMIN,Noncarry,,,,,
4560364939188,939188,MICHE BLOOMIN FALSE EYELASHES NO.45 GLAMOROUS ELEGANT (3D RENEWAL),MICHE BLOOMIN,Noncarry,,,,,
4979654025560,025560,YAMAMOTO BARLEY GREEN GRASS POWDER 3G X 44PACKS,YAMAMOTO,Active,,,,,
4549502064258,064258,JUJUTSU KAISEN MOCHIKORORIN PLUSH MASCOT NOBARA KUGISAKI,JUJUTSU KAISEN,,,,,,
4550516474773,474773,[OUTDATED] SHISEIDO TSUBAKI PREMIUM MOIST & REPAIR SHAMPOO &CONDITIONER SET,SHISEIDO,,,,,,
4550516484659,484659,SHISEIDO TSUBAKI PREMIUM VALUME & REPAIR SHAMPOO & CONDITIONER SET,SHISEIDO,Active,,,,,
4589659143888,143888,DUO THE CLEANSING BALM AMAOU,DUO,,,,,,
4901301336279,336279,KAO BIORE U REFRESHING SMOOTH PUMP 480ML,KAO,Active,,,,,
4901301336408,336408,KAO BIORE U FRESH CITRUS FRAGRANCE PUMP 480ML,KAO,Active,,,,,
4901301336446,336446,DISCONTINUED KAO BIORE U SWEET PEACH FRAGRANCE PUMP 480ML,KAO,Active,,,,,
4901301405579,405579,KAO MERIT BUBBLE SHAMPOO & BODY REFILL SUMIKKO GURASHI SET,KAO,,,,,,
4901301405586,405586,KAO MERIT FOAMY SHAMPOO & BODY SUMIKKO GURASHI BOTTLE SET,KAO,,,,,,
4901696506899,506899,ROSETTE GOMMAGE EXFOLIATE PEELING GEL,ROSETTE,,,,,,
4901696536407,536407,ROSETTE GOMMAGE PEELING GEL MOIST,ROSETTE,,,,,,
4901872471614,471614,SHISEIDO SENKA PERFECT WHIP FACE WASH GREEN 120G,,,,,,,
4968909061439,061439,UYEKI ANTI-MITES LIQUID LAUNDRY DETERGENT 500ML 4968909061408,UYEKI,Noncarry,,,,,
4901221800010,800010,EBISU PREMIUM CARE TOOTHBRUSH 6 ROWS COMPACT REGULAR B-8000M,EBISU,,,,,,
4901221800416,800416,EBISU PREMIUM CARE 6 ROWS REGULAR ESPECIALLY SOFT 60,EBISU,,,,,,
4901221818206,818206,EBISU PREMIUM CARE 6-ROW WIDE REGULAR HEAD HARD BRISTLES TOOTHBRUSH 1-COUNT 63,EBISU,,,,,,
4991277192689,192689,JUJUTSU KAISEN DEMON SLAYER PENCIL CASE,JUJUTSU KAISEN,,,,,,
4903301268925,268925,LION SYSTEMA EX TOOTHPASTE EXTRA HERB TOOTHPASTE 130G,LION,,,,,,
4901301357670,357670,KAO SEGRETA CONDITIONER 430ML,KAO,,,,,,
4903301292357,292357,LION SOFLAN AROMA RICH DIANA BODY 520ML,LION,,,,,,
4903301292210,292210,LION SOFLAN AROMA RICH SARA BODY 520ML,LION,,,,,,
4903301292302,292302,LION SOFLAN AROMA RICH JULIET BODY 520ML,LION,,,,,,
4901525006286,006286,COW MILKY BODY SOAP GENTLE 550ML,COW,,,,,,
4902430874892,874892,ORAL-B POKEMON PIKACHU CHILDREN'S ELECTRIC TOOTHBRUSH BODY & REPLACEMENT TOOTHBRUSH SET OF 3,ORALB,,,,,,
4971710398779,398779,KOSE COSMEPORT SUNCUT PRO DEFENSE TONE UP UV STICK 20G,KOSE,,,,,,
4973167078723,078723,KATE PINPOINT COLOR SNIPER GN GREEN,KOSE,,,,,,
4545633024079,024079,TRAIN CALORIE OFF STOMACH SUPPORT & HIP-UP COMPRESSION TIGHTS 80 DENIER BLACK ML/L-LL SIZE,TRAIN,,,,,,
4545633026127,026127,"TRAIN WOMEN'S DESIRE TIGHTS, SLENDER LEGS BRUSHED BACK PILE TIGHTS BLACK EXTRA-THICK 200DENIER ML",TRAIN,,,,,,
4545633023904,023904,TRAIN WOMAN'S DESIRE SLENDER LEG BRUSHED BACK PILE TIGHTS BLACK 150 DENIER [L TO LL SIZE],TRAIN,,,,,,
4908068515442,515442,GUNZE SABRINA WARM BLANKET TOUCH TIGHTS L-LL BLACK,GUNZE,,,,,,
4536667301854,301854,REGART TIGHTS 180 DENIER BLACK L〜LL,REGART,,,,,,
4536667301830,301830,REGART TIGHTS 180 DENIER BLACK M〜L,REGART,,,,,,
4536667256352,256352,REGART TIGHT S SIZE,REGART,,,,,,
4536667256413,256413,REGART KNEE HIGH S SIZE,REGART,,,,,,
4536667256383,256383,REGART KNEE HIGH M SIZE,REGART,,,,,,
4903018111330,111330,YANAGIYA POMADE LARGE 120G,YANAGIYA,,,,,,
6974063510117,510117,VOOLGA SODIUM HYALURONATE REPAIR PATCH 5 PIECES,VOOLGA,,,,,,
6971899510113,510113,VOOLGA NICOTINAMIDE WHITING CORRECTOR & FADING SPOT REPAIR MASK 5PCS,VOOLGA,,,,,,
4580133872287,872287,(暂废)OFF&RELAX YOZAKURA LIMITED SET,OFF&RELAX,Noncarry,,,,,
4580771742492,742492,CICIBELLA 3D BICOLOR MASK BABY PINK 10 PIECES,CICIBELLA,Active,,,,,
4580771742539,742539,CICIBELLA 3D BICOLOR MASK APRICOT 10 PIECES,CICIBELLA,Active,,,,,
4580771743055,743055,CICIBELLA 3D BICOLOR MASK OLD LACE 10 PIECES,CICIBELLA,Active,,,,,
4580771743451,743451,CICIBELLA 3D BICOLOR MASK BEIGE 10 PIECES,CICIBELLA,Active,,,,,
4580771743093,743093,CICIBELLA 3D BICOLOR MASK D TYPE GREIGE 10 PIECES,CICIBELLA,Noncarry,,,,,
4580771743703,743703,CICIBELLA 3D BICOLOR MASK D TYPE GREIGE RED 10 PIECES,CICIBELLA,Active,,,,,
4524785518360,518360,STARBUCKS SAKURA2023 COLD TUMBLER SHINING 473ML,STARBUCKS,,,,,,
4946324013622,013622,DUP EYELASHES FIXER EX GLUE CLEAR TYPE 552 5ML,DUP,,,,,,
4973167071564,071564,KATE THE EYE COLOR 063 [MATTE] [MAUVE BEIGE] [I WANT TO STAY LIKE THIS],KAO,Sense,,,,,
4973167071601,071601,KATE CONSCIOUS LINER COLOR 08 CHIC BURGUNDY,KAO,Sense,,,,,
4973167078891,078891,KATE EYEBROW PENCIL Z LB-1 LIGHT BEIGE,ROHTO,Sense,,,,,
4901301298690,298690,KAO NIVEA UV SUPER WATER GEL 140G,KAO,Sense,,,,,
4902424440621,440621,FUMAKILLA SKIN VAPE MIST PREMIUM #ANGEL,FUMAKILLA,Sense,,,,,
4987072085639,085639,KOBAYASHI NETSUSAMA FOREHEAD SHEET FOR ADULTS 12SHEETS #MINT,,,,,,,
49021117671304902111776156,776156,LUX SUPER RICH SHINE SAKURA SHAMPOO+CONDITIONER SET,LUX,,,,,,
4909978147785,147785,SHISEIDO ANESSA SUN DUAL CARE DAY SERUM,SHISEIDO,,,,,,
4973167078969,078969,KATE EYEBROW PENCIL Z BK BLACK,SHISEIDO,Sense,,,,,
4901525010566,010566,COW ADDITIVE-FREE FOAM CLEANSER PUMP 200ML 2023,COW,Active,,,,,
4550516474582,474582,SHISEIDO SENKA PERFECT WHIP FACE WASH COLLAGEN IN,SHISEIDO,Active,,,,,
4550516474636,474636,SHISEIDO SENKA PERFECT WHITE CLAY FACE WASH 2023,SHISEIDO,Active,,,,,
4903111143429,143429,UNICHARM MOONY NATURAL DIAPER SIZE NB 63PC (0-5KG) 2023,UNICHARM,Noncarry,,,,,
6974191220056,220056,ZAUO SUN PROTECT VISOR CLASSIC NAVY,ZAUO,Active,,,,,
6974191220155,220155,ZAUO SUN PROTECT VISOR CHILDREN BLACK,ZAUO,Noncarry,,,,,
4515061517719,517719,BCL VECUA HONEY SAKURA HAND CREAM,BCL,,,,,,
4515061517726,517726,BCL VECUA HONEY SAKURA FRAGRANCE,BCL,,,,,,
4515061517733,517733,BCL VECUA HONEY SAKURA MOIST HAIR OIL,BCL,,,,,,
49014330402804901433037945,037945,ISEHAN KISS ME HEROINE MAKEUP ADVANCED MASCARA 01 JET BLACK,ISEHAN,Active,,,,,
4901433037952,037952,ISEHAN KISS ME HEROINE MAKEUP ADVANCED MASCARA 02 BROWN,ISEHAN,Active,,,,,
6972507560230,560230,AMORTALS GALAXY FLOW CLOUD EYELINER GLUE PEN 02# MOON BROWN,AMORTALS,,,,,,
6972507560032,560032,AMORTALS SLIGHTLY DRUNKEN BLUSH NATURAL NUDE MAKEUP MONOCHROME PALETTE 101#ORANGE CHEESE,AMORTALS,,,,,,
6972507560063,560063,AMORTALS SLIGHTLY DRUNKEN BLUSH NATURAL NUDE PALETTE # 104 ALMOND BAKED MILK,AMORTALS,,,,,,
6974191220162,220162,ZAUO SUN PROTECT VISOR CHILDREN WHITE,ZAUO,,,,,,
6974191220179,220179,ZAUO SUN PROTECT VISOR CHILDREN NAVY,ZAUO,,,,,,
8801759999995,999995,DAMAH DARK MAGIC COTTON FACIAL TOWELS 260G,DAMAH,Active,,,,,
8801759030704,030704,(DISCONTINUED) DAMAH DARK MAGIC DISPOSABLE FACIAL TOWEL 72 PCS,DAMAH,Active,,,,,
4550516474902,474902,Shiseido perfect whip green,,,,,,,
4550516478122,478122,SHISEIDO TSUBAKI PREMIUM MOIST SET 490MLX2 2023,SHISEIDO,Active,,,,,
4550516478146,478146,SHISEIDO TSUBAKI PREMIUM REPAIR SET 490MLX2 2023,SHISEIDO,Active,,,,,
4580632117216,117216,MOIST DIANE PERFECT BEAUTY MOIST EXTRA STRAIGHT SET,MOIST DIANE,,,,,,
4580632117230,117230,MOIST DIANE PERFECT BEAUTY MOIST EXTRA SHINE SET,MOIST DIANE,,,,,,
4901301254283,254283,KAO LAURIER SLIM GUARD FOR HEAVY DAYS 19 PCS,KAO,,,,,,
4901616010703,010703,SUNSTAR ORA2 PREMIUM CLEANSING TOOTHPASTE,SUNSTAR,,,,,,
4901616011410,011410,SUNSTAR ORA2 PREMIUM CLEANSING PASTE AM 17,SUNSTAR,,,,,,
4903111351763,351763,UNICHARM SOPHIE SUPER DEEP SLEEP SHORTS,UNICHARM,,,,,,
4975729200894,200894,ASHIRIRA FOOT RELAX 30 SHEETS LAVENDER,KINOMEGUMI,,,,,,
6936860101721,101721,KEFUMEI RECOMBINANT COLLAGEN DRESSING MASK 5PCS（OLD 6936860100007）,COMFY,Active,,,,,
4901008311265,311265,CANMAKE COLORFUL NAILS N16 COCOA CREAM,CANMAKE,,,,,,
4901008310879,310879,CANMAKE CREAM CHEEK 16 ALMOND TERRACE,CANMAKE,,,,,,
4901008312118,312118,CANMAKE CREAM CHEEK 17 CARAMEL LATTE,CANMAKE,,,,,,
4901008311494,311494,CANMAKE COLORFUL NAILS N25 CASSIS SODA,CANMAKE,,,,,,
4901008313252,313252,CANMAKE COLORFUL NAILS N43 RASPBERRY GANACHE,CANMAKE,,,,,,
4901008313566,313566,CANMAKE CREAM CHEEK 19 CINNAMON MILK TEA,CANMAKE,,,,,,
4901008313405,313405,CANMAKE 3WAY SLIM SHADE LINER 01 NATURAL BROWN,CANMAKE,,,,,,
4901008313412,313412,CANMAKE 3WAY SLIM SHADE LINER 02 ASH BROWN,CANMAKE,,,,,,
4901008313931,313931,CANMAKE CREAM CHEEK 21 TANGERINE TEA,CANMAKE,,,,,,
4901008314976,314976,CANMAKE CREAM CHEEK PEARL P01 PEACH DAZZLE,CANMAKE,,,,,,
4901008314983,314983,CANMAKE CREAM CHEEK PEARL P02 ROSE PETA,CANMAKE,,,,,,
4901008312590,312590,CANMAKE 3WAY SLIM EYE ROUGE LINER 02 SHEER ORANGE,CANMAKE,,,,,,
6972507561084,561084,AMORTALS ADVENTURER MAKEUP BAG,AMORTALS,Order,,,,,
4589409134081,134081,&BE LIQUID ROUGE,&BE,,,,,,
4973167078914,078914,KATE EYEBROW PENCIL Z BR-2 OLIVE BROWN,SHISEIDO,Active,,,,,
4973167078952,078952,KATE EYEBROW PENCIL Z BR-6 BROWNPINK,SHISEIDO,Sense,,,,,
4973167071557,071557,KATE THE EYE COLOR 062 [MATT] [MAUVE LAVENDER] [STOP THINKING],KAO,Sense,,,,,
6938582302455,302455,AMORTALS DOUBLE EFFECT DURABLE FOCUS EYELASH PRIMER NEW,AMORTALS,Order,,,,,
69730728036236973072805252,805252,AMORTALS GALAXY FLOW CLOUD EYELINER GLUE PEN 01# GALAXY BLACK NEW,AMORTALS,Order,,,,,
6973072803630,803630,AMORTALS GALAXY FLOW CLOUD EYELINER GLUE PEN 02# MOON BROWN NEW,AMORTALS,Order,,,,,
6926214818047,818047,AMORTALS METEOR VERY FINE EYEBROW PENCIL 3# NATURAL BROWN NEW,AMORTALS,Order,,,,,
6926214818054,818054,AMORTALS METEOR VERY FINE EYEBROW PENCIL 4# SMOKY ASH NEW,AMORTALS,Order,,,,,
6924922503255,503255,AMORTALS SLIGHTLY DRUNKEN BLUSH NATURAL NUDE MAKEUP MONOCHROME PALETTE 101#ORANGE CHEESE NEW,AMORTALS,Order,,,,,
6924922503286,503286,AMORTALS SLIGHTLY DRUNKEN BLUSH NATURAL NUDE PALETTE # 104 ALMOND BAKED MILK NEW,AMORTALS,Order,,,,,
6926214818030,818030,AMORTALS METEOR VERY FINE EYEBROW PENCIL # 2 LIGHT COFFEE BROWN NEW,AMORTALS,Order,,,,,
4580341641804,641804,AMINORESQ MOIST SHAMPOO 400ML,AMINORESQ,,,,,,
4580341641811,641811,AMINORESQ MOIST TREATMENT 400ML,AMINORESQ,,,,,,
4580341641859,641859,AMINORESQ SMOOTH SHAMPOO 400ML,AMINORESQ,,,,,,
4580341641866,641866,AMINORESQ SMOOTH TREATMENT 400ML,AMINORESQ,,,,,,
6974191220131,220131,ZAUO COOLING SUN PROTECTION FISHING HAT BLACK,ZAUO,Noncarry,,,,,
6974191220148,220148,ZAUO COOLING SUN PROTECTION FISHING HAT PINK,ZAUO,,,,,,
6974191222265,222265,ZAUO WOVEN STRAW SUN HAT STORAGE VERSION KHAKI,ZAUO,,,,,,
6974191222234,222234,ZAUO WOVEN STRAW SUN HAT STORAGE VERSION WHITE,ZAUO,,,,,,
6974191222258,222258,ZAUO WOVEN STRAW SUN HAT STORAGE VERSION PINK,ZAUO,,,,,,
4901008313511,313511,CANMAKE 3WAY SLIM EYE ROUGE LINER 01 PURE RED,CANMAKE,,,,,,
4901433035774,035774,ISEHAN KISS ME HEROINE MAKE QUICK PENCIL EYELINER 01 BLACK,ISEHAN,Order,,,,,
4562256993148,993148,Etvos Enrich Silky Primer 5g,,,,,,,
4562256993223,993223,Etvos Aqua Mineral Base Natural 30ml,,,,,,,
4562256994145,994145,Etvos Creamy Tap Mineral Foundation Ocher 7g,,,,,,,
4992440037394,037394,ISHIZAWA LABS KEANA NADESHIKO TIGHTENING MASK BOX 28 PIECES,ISHIZAWA,Active,,,,,
Eco,Eco,Eco Fee,,,,,,,
4992440037066,037066,ISHIZAWA LABS TRANSPARENT WHITE UV SPRAY,ISHIZAWA,,,,,,
4987188223536,223536,HISAMITSU LOXOPROFEN SODIUM TAPES 100MG,HISAMITSU,,,,,,
4582521680757,680757,BOTANIST SHAMPOO BOUNCY VOLUME SET OF 2,BOTANIST,,,,,,
4582521680764,680764,BOTANIST CONDITIONER BOUNCY VOLUME SET OF 2,BOTANIST,,,,,,
4987072029909,029909,KOBAYASHI LIQUID BLUELET STERILIZATION EX SUPER MINT(C2),KOBAYASHI,,,,,,
4987072041383,041383,KOBAYASHI PHARMACEUTICAL KITCHEN GARBAGE DEODORANT(C2),KOBAYASHI,,,,,,
4987072025734,025734,KOBAYASHI LIQUID BLUELET AROMA FLORAL AROMA SCENT(C2),KOBAYASHI,,,,,,
4987072011775,011775,KOBAYASHI JUST LEAVE THE LIQUID BLUELET WITH THE SCENT OF MINT(C2),KOBAYASHI,,,,,,
4901872463091,463091,SHISEIDO PURE WHITE SENKA SUPPIN MOISTURIZING FOAM(B3),SHISEIDO,,,,,,
4908049294953,294953,FANCL MILD CLEANSING OIL MAKEUP REMOVER,FANCL,,,,,,
4901301406866,406866,KAO BIORE UVAQUA RICH AQUA PROTECT LOTION 70ML(B2),KAO,,,,,,
4987241173242,173242,ROHTO MELANO CC FACE WASH 130G,ROHTO,Active,,,,,
4973167078907,078907,KATE EYEBROW PENCIL Z BR-1 LIGHT BROWN,SHISEIDO,Sense,,,,,
4973167078938,078938,KATE EYEBROW PENCIL Z BR-4 RED-BROWN,SHISEIDO,Sense,,,,,
4580771745448,745448,CICIBELLA FACE TOWEL ROLL 70 PIECES,CICIBELLA,Active,,,,,
4580771744519,744519,CICIBELLA FACE TOWEL 60PIECES,CICIBELLA,,,,,,
4987072087732,087732,KOBAYASHI PHARMACEUTICAL COOLING GEL SHEET FOR KIDS 16 SHEETS,KOBAYASHI,,,,,,
4515061188902,188902,BCL SABORINO BOTANICAL MORNING FACE MASK 5 PCS,BCL,,,,,,
TOKYO-DISNEY-0007,Y-0007,TOKYO-DISNEY-0007,DISNEY,,,,,,
TOKYO-DISNEY-0008,Y-0008,TOKYO-DISNEY-0008,DISNEY,,,,,,
TOKYO-DISNEY-0009,Y-0009,TOKYO-DISNEY-0009,DISNEY,,,,,,
TOKYO-DISNEY-0010,Y-0010,Lulu sleeping pose pendant,DISNEY,,,,,,
TOKYO-DISNEY-0011,Y-0011,TOKYO-DISNEY-0011,DISNEY,,,,,,
TOKYO-DISNEY-0012,Y-0012,TOKYO-DISNEY-0012,DISNEY,,,,,,
TOKYO-DISNEY-0013,Y-0013,TOKYO-DISNEY-0013,DISNEY,,,,,,
TOKYO-DISNEY-0014,Y-0014,TOKYO-DISNEY-0014,DISNEY,,,,,,
TOKYO-DISNEY-0015,Y-0015,40周年达菲挂件,DISNEY,,,,,,
TOKYO-DISNEY-0016,Y-0016,40周年玫玫挂件,DISNEY,,,,,,
TOKYO-DISNEY-0017,Y-0017,TOKYO-DISNEY-0017,DISNEY,,,,,,
4987241113453,113453,ROHTO EYE DROPS MOISTURIZER 13ML,ROHTO,,,,,,
4987084410207,410207,SANTEN EYE TEAR EX12 ML,SANTEN,,,,,,
4903301244554,244554,LION EYEDROPS SMILE WHITEYE 15ML,LION,,,,,,
4580771745431,745431,CICIBELLA FACE TOWEL 60PIECES X3,CICIBELLA,Active,,,,,
4560364939881,939881,MICHE BLOOMIN EYELASH TWEEZER,MICHE BLOOMIN,Active,,,,,
4560364939195,939195,MICHE BLOOMIN FALSE EYELASHES NO.46,MICHE BLOOMIN,Noncarry,,,,,
4560364939201,939201,MICHE BLOOMIN FALSE EYELASHES NO. 47,MICHE BLOOMIN,Noncarry,,,,,
4560364939812,939812,MICHE BLOOMIN FALSE EYELASHES NO. 48,MICHE BLOOMIN,Noncarry,,,,,
4560364939829,939829,MICHE BLOOMIN FALSE EYELASHES NO.49,MICHE BLOOMIN,Noncarry,,,,,
4973167028131,028131,KATE ELECTRIC SHOCKEYES PK-1 CRASH MODE PINK,ISHIZAWA,,,,,,
4992440037424,037424,ISHIZAWA LABS KEANA BAKING SODA FACE WASH LEMON,ISHIZAWA,Noncarry,,,,,
4909978147952,147952,SHISEIDO AQUA LABEL SPECIAL GEL CREAM BRIGHTENING 90G,SHISEIDO,Noncarry,,,,,
4987241158799,158799,ROHTO MENTHOLATUM AD BOTANICAL EMULSION 130G,ROHTO,,,,,,
4901417643117,643117,KRACIE AROMA RESORT BODY MILKED DREAMY BLOOM ROSE,KRACIE,Noncarry,,,,,
4901417643124,643124,KRACIE AROMA RESORT BODY MILK HAPPY SWEET PEACH 200G,KRACIE,Noncarry,,,,,
4901417643131,643131,KRACIE AROMA RESORT BODY MILK FANTASTIC BERRY,KRACIE,Noncarry,,,,,
4901417643148,643148,KRACIE AROMA RESORT BODY MILK FINE APPLE & GARDENIA,KRACIE,Noncarry,,,,,
4901417643155,643155,KRACIE AROMA RESORT BODY CREAM RENEWAL TIME FIG & LILY,KRACIE,Noncarry,,,,,
4901417643162,643162,KRACIE AROMA RESORT BODY CREAM LUCENTIA MUGUET & ORANGE,KRACIE,Noncarry,,,,,
4901417674715,674715,KRACIE MUO FOAMING FACE WASH,KRACIE,Noncarry,,,,,
4901417674777,674777,KRACIE MUO CLEANSING OIL,KRACIE,Noncarry,,,,,
4901417674746,674746,KRACIE MUO CLEANSING LIQUID,KRACIE,Noncarry,,,,,
4901417674869,674869,KRACIE MUO FACE CREAM CLEANSER,KRACIE,Active,,,,,
4901417787880,787880,KRACIE ICHIKAMI SHAMPOO &CONDITIONER SET,KRACIE,,,,,,
4901417787897,787897,KRACIE ICHIKAMI SHAMPOO & CONDITIONER SET MOIST,KRACIE,Active,,,,,
4903335693601,693601,NATURIE HATOMUGI SKIN CONDITIONER 500ML,NATURIE,Active,,,,,
4987072087725,087725,KOBAYASHI NETSUSAMA FOREHEAD SHEET FOR ADULTS16 SHEETS,,,,,,,
4964596701481,701481,SANA NAMERAKA ISOFLAVONE FACE ESSENCE,SANA,Noncarry,,,,,
4961989409474,409474,PDC WAFOOD MADE SAKE LEES PACK PEACH FRAGRANCE 170G,PDC,Noncarry,,,,,
4971710563474,563474,KOSE JE L'AIME HAIR SHAMPOO & TREATMENT SET,KOSE,Active,,,,,
4971710311327,311327,作废 KOSE SOFTYMO SPEEDY CLEANSING OIL MAKE UP REMOVER,KOSE,,,,,,
4971710310818,310818,作废 KOSE SOFTYMO DEEP CLEANSING OIL,KOSE,,,,,,
4971710522440,522440,KOSE SUNCUT UV PROTECT SPRAY,KOSE,,,,,,
4971710393712,393712,KOSE SUNCUT TONE UP UV SPRAY,KOSE,,,,,,
4582425687821,687821,LISHAN UV PROTECTION SPRAY (GREEN),LISHAN,,,,,,
4560413152476,152476,AXXZIA BEAUTY FORCE LIQUID LUCENT UP,AXXZIA,,,,,,
4560413153299,153299,AXXZIA THEORY AG DRINK X (2023),AXXZIA,Order,,,,,
4550516474568,474568,SHISEIDO SENKA PERFECT WHIP FOAMING CLEANSER JAPAN,SHISEIDO,Active,,,,,
4992440037431,037431,ISHIZAWA LABS PLANT BORN ORANGE SHAMPOO 400ML,ISHIZAWA,,,,,,
4580341641545,641545,AMINORESQ ALL IN ONE SHAMPOO #DRY SCALP,AMINORESQ,,,,,,
4971710393767,393767,KOSE CLEAR TURN SUPER PREMIUM FRESH MASK - SUPER MOIST 1PC,KOSE,,,,,,
4573259170986,170986,COCOCHI AG ULTIMATE MASK GOLD 1PC,COCOCHI,,,,,,
4964596701757,701757,SANA NAMERAKA ISOFLAVONE FOAM FACE WASH,SANA,Active,,,,,
4560413152957,152957,AXXZIA BEAUTY FORCE TREAMENT MASK MW 7 SHEETS,AXXZIA,Order,,,,,
4560413152964,152964,AXXZIA BEAUTY FORCE TREAMENT MASK AG 7 SHEETS,AXXZIA,,,,,,
4560413152971,152971,AXXZIA BEAUTY FORCE TREAMENT MASK GK 7 SHEETS,AXXZIA,,,,,,
6972507568236,568236,AMORTALS THE LITTLE CONCEALER PUFF,AMORTALS,Noncarry,,,,,
6972507568205,568205,AMORTALS THE MERIT STUDENT POWDER PUFF,AMORTALS,,,,,,
6972507569530,569530,AMORTALS EYELID TAPE CRESCENT SHAPE SIZE M,AMORTALS,Noncarry,,,,,
6972507569547,569547,AMORTALS EYELID TAPE CRESCENT SHAPE SIZE L,AMORTALS,Noncarry,,,,,
6972507569554,569554,AMORTALS EYELID TAPE OLIVE SHAPE,AMORTALS,Noncarry,,,,,
6972507568267,568267,AMORTALS FOUNDATION BRUSH,AMORTALS,Order,,,,,
6972507566355,566355,AMORTALS HD TRANSLUCENT LONG- LASTING LOOSE POWDER COMPACT,AMORTALS,,,,,,
6972507569226,569226,AMORTALS DISPOSABLE VACUUM BATH TOWEL,AMORTALS,Active,,,,,
6972507569653,569653,AMORTALS ROLL FACE TOWEL 10% EXTRA LIMITED EDITION,AMORTALS,Active,,,,,
6975738390010,390010,AMORTALS GRAPE SEED MAKEUP REMOVER,AMORTALS,Order,,,,,
4901008315980,315980,CANMAKE PLUMPUKUI COORDINATE EYES 01 APRICOT,CANMAKE,,,,,,
4901008315997,315997,CANMAKE PLUMPUKU COORDINATE EYES 02 SAKURA PLUMPUKU,CANMAKE,,,,,,
4901008316567,316567,CANMAKE SILKY SOUFFLE EYES 06 TOPAZ PINK,CANMAKE,,,,,,
4901008316574,316574,CANMAKE SILKY SOUFFLE EYES 10 SWEET LOVE LETTER,CANMAKE,,,,,,
4901008316581,316581,CANMAKE SILKY SOUFFLE EYES 11 BLOSSOM SHOWER,CANMAKE,,,,,,
4902111773841,773841,LUX SUPER RICH SHINE REPAIR SHAMPOO PUMP 400G,LUX,Active,,,,,
4902111773858,773858,LUX SUPER RICH SHINE MOISTURE SHAMPOO PUMP 400G,LUX,Active,,,,,
4902111773889,773889,LUX SUPER RICH SHINE DAMAGE REPAIR CONDITIONER PUMP 400G,LUX,Active,,,,,
4902111773896,773896,LUX SUPER RICH SHINE MOISTURE CONDITIONER PUMP 400G,LUX,Active,,,,,
4902111775180,775180,LUX SUPER RICH SHINE STRAIGHT BEAUTY SHAMPOO & CONDITIONER SET,LUX,Order,,,,,
4902111776521,776521,LUX SUPER RICH SHINE DAMAGE REPAIR SHAMPOO & CONDITIONER REFILL SET TWICE EDITON,LUX,Noncarry,,,,,
4902111776538,776538,LUX SUPER RICH SHINE MOISTURE SHAMPOO & CONDITIONER REFILL SET TWICE EDITON,LUX,Noncarry,,,,,
4543268106320,106320,SANWA TSUSHO VITAMIN C FOAM CLEANSER,SANWA,Order,,,,,
4550516475961,475961,SHISEIDO FINO PREMIUM TOUCH MOIST SHAMPOO 550ML,SHISEIDO,Active,,,,,
4550516476074,476074,SHISEIDO FINO PREMIUM TOUCH MOIST CONDITIONER 550ML,SHISEIDO,Active,,,,,
4570110290050,290050,OFF&RELAX SHAMPOO DEEP CLEANSE,OFF&RELAX,Active,,,,,
4570110290067,290067,OFF&RELAX TREATMENT DEEP CLEANSE,OFF&RELAX,Active,,,,,
4570110290104,290104,OFF&RELAX SHAMPOO & TREATMENT DEEP CLEANSE LIMITED SET,OFF&RELAX,Noncarry,,,,,
4580504130510,130510,COCOCHI COSME THE CLEANSING BALM 90G,COCOCHI,,,,,,
4901301036155,036155,KAO MAGICLEAN KITCHEN DETERGENT HANDY SPRAY 400ML,KAO,,,,,,
4901301348159,348159,KAO MEGRHYTHM HEALTH CARE STEAM WARM EYE MASK MENTHOL,KAO,Active,,,,,
4901525010955,010955,COW BOUNCIA BODY SOAP WHITE SOAP FRAGRANCE 480ML,COW,Active,,,,,
4901525010962,010962,COW BOUNCIA BODY SOAP AIRY BOUQUET FRAGRANCE BODY 480ML,COW,Active,,,,,
6971921640108,640108,YAOZHI BOX CAKE POWDER PUFF (3PCS),YAOZHI,,,,,,
4549502071584,071584,JUJUTSU KAISEN CHUGAIKOGYO JUJITSU KAISEN KEY CHAIN 7PCS SET,JUJUTSU KAISEN,,,,,,
4549502075803,075803,JUJUTSU KAISEN MOCHIKORORIN PLUSH MASCOT NOBARA KUGISAKI SMALL,JUJUTSU KAISEN,,,,,,
4968909055384,055384,UYEKI DRYNING DELICATE DETERGENT 500ML #ORANGE,UYEKI,,,,,,
4536667304138,304138,REGART OVER KNEE SOCKS M #BEIGE,REGART,,,,,,
4536667304183,304183,REGART JIBUN JIKAN HOME RELAX STOCKINGS M #BLACK,REGART,,,,,,
4536667304053,304053,REGART PUFFLET SOFT LEGGINGS PFL-100 #SAXE 23~25CM,REGART,,,,,,
4536667305470,305470,REGART CHAKUATSU KARTE LEG SUPPORTER #BLACK M~L,REGART,,,,,,
4549502064531,064531,JUJUTSU KAISEN CHUGAI JUJITSU KAISEN CHARACTER RUBBER EARPHONE PLUG 7PCS SET,JUJUTSU KAISEN,,,,,,
69718995130846971899511912,511912,VOOLGA SODIUM HYALURONATE DRESSING MASK 5PCS NEW,VOOLGA,Noncarry,,,,,
6972507560605,560605,AMORTALS MOISTURIZING LIP CARE SET,AMORTALS,Order,,,,,
6944296205418,205418,KEFUMEI OLIVE SOOTHING MASK,COMFY,Noncarry,,,,,
6973100345484,345484,MOJIESI EYELASH TWEEZER (BAG),MOJIESI,Order,,,,,
6973100345477,345477,MOJIESI EYELASH TWEEZER (CASE),MOJIESI,Order,,,,,
6924922503248,503248,AMORTALS SILK MIST POWDER 101 HD TRANSPARENT,AMORTALS,Order,,,,,
6926214818023,818023,AMORTALS METEOR VERY FINE EYEBROW PENCIL #1 HONEY TEA BROWN,AMORTALS,Active,,,,,
4971710300840,300840,KOSE SOFTYMO CLEASING FOAM BLUE 190G LIMITED EDITION,KOSE,,,,,,
4971710308631,308631,KOSE CLEAR TURN COLLAGEN FACIAL MASK 5 PCS HELLO KITTY LIMITED EDITION 6 PER CASE WITH DISPLAY,KOSE,,,,,,
4971710308655,308655,KOSE CLEAR TURN HYALURONIC ACID FACIAL MASK 5 PCS POMPOMPURIN 5 PER CASE LIMITED EDITON WITH DISPLAY,KOSE,,,,,,
4971710319378,319378,KOSE CLEAR TURN ESSENCE COLLAGEN FACIAL MASK 30 SHEETS HELLOKITTY LIMITED EDITION,KOSE,Noncarry,,,,,
4971710319385,319385,KOSE CLEAR TURN ESSENCE HYALURONIC ACID FACIAL MASK 30 SHEETS POMPOMPURIN LIMTED EDITION,KOSE,,,,,,
4550516478733,478733,SHISEIDO TSUBAKI PREMIUM MOIST SHAMPOO &CONDITIONER SET NB LIMITED,SHISEIDO,Active,,,,,
4550516478726,478726,SHISEIDO TSUBAKI PREMIUM REPAIR SHAMPOO & CONDITIONER SET NB LIMITED,SHISEIDO,,,,,,
4901417823823,823823,KRACIE TABINOYADO BATH SALT MILKY,KRACIE,Order,,,,,
4901417823816,823816,KRACIE TABINOYADO BATH SALT CLEAR,KRACIE,Order,,,,,
4901417823830,823830,KRACIE TABINOYADO BATH SALT LUXURY,KRACIE,,,,,,
4901548603721,603721,KOBAYASHI KIRIBAI HOKKAIRO STICKY HEAT PACK 10PCS,KOBAYASHI,Active,,,,,
4901548603790,603790,KOBAYASHI KIRIBAI HOKKAIRO MAGMA SUPER HOT STICKY HEAT PACK 10PCS,KOBAYASHI,Active,,,,,
4901548603844,603844,KOBAYASHI KIRIBAI MOTHER OF LIFE WARMER PATCH 10PCS,KOBAYASHI,Active,,,,,
4511413309971,309971,DHC COLOR LIP CREAM WINE RED,DHC,Active,,,,,
4511413309988,309988,DHC COLOR LIP CREAM CASSIS ROSE,DHC,Active,,,,,
4511413310007,310007,DHC COLOR LIP CREAM APRICOT,DHC,Active,,,,,
4511413309995,309995,DISCONTINUED DHC COLOR LIP CREAM RED,DHC,Active,,,,,
4523251031747,031747,LIV HEART PRIMEUM NEMUNEMU ANIMALS GOTONE MINI COOL PILLOW LUCKY 14021-11,LIV HEART,,,,,,
4523251031761,031761,LIV HEART PRIMEUM NEMUNEMU ANIMALS GOTONE MINI COOL PILLOW PAOPAO 14021-95,LIV HEART,,,,,,
4523251256478,256478,LIV HEART PRIMEUM NEMUNEMU ANIMALS GOTONE MINI COOL PILLOW YUZU 94001-10,LIV HEART,,,,,,
4523251256485,256485,LIV HEART PRIMEUM NEMUNEMU ANIMALS GOTONE MINI COOL PILLOW HANA 94001-32,LIV HEART,,,,,,
4523251256492,256492,LIV HEART PRIMEUM NEMUNEMU ANIMALS GOTONE MINI COOL PILLOW KURURI 94001-33,LIV HEART,,,,,,
4523251256447,256447,LIV HEART PRIMEUM NEMUNEMU ANIMALS COOL PILLOW HANA 88603-32,LIV HEART,,,,,,
4523251008992,008992,LIV HEART PRIMEUM NEMUNEMU ANIMALS COOL PILLOW KURURI 88603-33,LIV HEART,,,,,,
4523251313720,313720,LIV HEART ROOMIES PARTY HUGGING PILLOW M LOBSTER 58926-21,LIV HEART,,,,,,
4523251316707,316707,LIV HEART ROOMIES PARTY MINI CUSHION LOBSTER 78056-21,LIV HEART,,,,,,
4523251317001,317001,LIV HEART AQUAMIE BOLSTER JELLYFISH 68229-11,LIV HEART,,,,,,
4523251022967,022967,LIV HEART AQUAMIE BOLSTER TURTLE 88301-51,LIV HEART,,,,,,
4523251257239,257239,LIV HEART AQUAMIE BOLSTER MENDAKO 98205-26,LIV HEART,,,,,,
4573267337043,337043,ITO DISPOSABLE BATH TOWEL 160CM X 80CM 1 PIECE,ITO,Order,,,,,
4571501171279,171279,MILLEFEE PAINTING EYESHADOW PALETTE 01 CUTE IRENE 6G,MILLEFEE,Order,,,,,
4571501171286,171286,MILLEFEE PAINTING EYESHADOW PALETTE 02 BOUQUET 6G,MILLEFEE,,,,MILLEFEE-R1-P1,,
4571501171293,171293,MILLEFEE PAINTING EYESHADOW PALETTE 03 PIANO GIRLS 6G,MILLEFEE,Order,,,MILLEFEE-R1-P1,,
4571501171309,171309,MILLEFEE PAINTING EYESHADOW PALETTE 04 PARASOL WOMAN,MILLEFEE,Active,,,,,
4571501171880,171880,MILLEFEE PAINTING EYESHADOW PALETTE 05 MONET'S GARDEN,MILLEFEE,Active,,,MILLEFEE-R1-P1,,
4571501171897,171897,MILLEFEE PAINTING EYESHADOW PALETTE 06 WATER LILIES,MILLEFEE,Active,,,MILLEFEE-R2-P1,,
4571501171903,171903,MILLEFEE PAINTING EYESHADOW PALETTE 07 LA JAPONAISE,MILLEFEE,Active,,,MILLEFEE-R2-P1,,
4571501172252,172252,MILLEFEE TEARS EYEBAG PENCIL LINER 011 MATT NATURAL BEIGE,MILLEFEE,,,,MILLEFEE-R2-P2,,
4571501171583,171583,MILLEFEE TEARS EYEBAG PENCIL LINER 021 SHIMMER LIGHT BEIGE,MILLEFEE,,,,MILLEFEE-R2-P2,,
4571501171590,171590,MILLEFEE TEARS EYEBAG PENCIL LINER 022 SHIMMER PEACH CREAM,MILLEFEE,,,,MILLEFEE-R2-P2,,
4571501171606,171606,MILLEFEE TEARS EYEBAG PENCIL LINER 041 SHINE MOON SILVER,MILLEFEE,Order,,,MILLEFEE-R2-P2,,
4571501172061,172061,MILLEFEE ANGEL GRADATION BLUSHES 01 L'AMOUR ET PSYCHÉ 5G,MILLEFEE,Active,,,,,
4571501172078,172078,MILLEFEE ANGEL GRADATION BLUSHES 02 ALLEGORY OF PAINTING 5G,MILLEFEE,Active,,,,,
4571501172085,172085,MILLEFEE ANGEL GRADATION BLUSHES 03 LOVE THE SENTINEL 5G,MILLEFEE,Active,,,,,
4571501172665,172665,MILLEFEE STELLA GLITTER LINER 01 SPICA EYELINER,MILLEFEE,Order,,,MILLEFEE-R2-P2,,
4571501172672,172672,MILLEFEE STELLA GLITTER LINER 02 MIMOSA EYELINER,MILLEFEE,,,,MILLEFEE-R2-P2,,
4571501172740,172740,MILLEFEE STELLA GLITTER LINER 03 FIRST STAR EYELINER,MILLEFEE,Order,,,MILLEFEE-R2-P2,,
4571501172696,172696,MILLEFEE STELLA GLITTER LINER 04 MIRA EYELINER,MILLEFEE,Order,,,MILLEFEE-R2-P2,,
4571501172702,172702,MILLEFEE STELLA GLITTER LINER 05 STARRY SKY EYELINER,MILLEFEE,Order,,,MILLEFEE-R2-P2,,
4571501172719,172719,MILLEFEE STELLA GLITTER LINER 06 COMET EYELINER,MILLEFEE,Order,,,MILLEFEE-R2-P2,,
4573267330013,330013,ITO COMPRESSED FACIAL MASK 50 SHEETS,ITO,Order,,,,,
4901433077460,077460,ISEHAN KISS ME HM CREAM PENCIL EYELINER 02 HAZEL BROWN,ISEHAN,Noncarry,,,,,
4901433035811,035811,ISEHAN KISS ME HM QUICK EYEBROW 02 NATURAL BROWN,ISEHAN,Active,,,,,
4901433035828,035828,ISEHAN KISS ME HM QUICK EYEBROW 03 LIGHT BROWN,ISEHAN,Active,,,,,
4901433077347,077347,ISEHAN KISS ME HM CURL WATERPROOF MASCARA BASE BROWN,ISEHAN,,,,,,
4901433077330,077330,DISCONTINUED ISEHAN KISS ME HM CURL WATERPROOF MASCARA BASE BLACK,ISEHAN,,,,,,
4901433077453,077453,ISEHAN KISS ME HM CREAM PENCIL EYELINER 01 BROWN,ISEHAN,Noncarry,,,,,
4580341641552,641552,AMINORESQ ALL IN ONE SHAMPOO FRAGRANCE,AMINORESQ,,,,,,
4987244182463,182463,WAKODO MIRUFUWA BABY SKIN CARE 30G,WAKODO,,,,,,
4987188100325,100325,HISAMITSU SALONPAS 140 SHEETS,,,,,,,
4971902087467,087467,KIYOU JOCHUGIKU FAIRY TALE LITTLE RED BATH SALT,KIYOU JOCHUGIKU,,,,,,
4582305065268,065268,LULULUN ONE NIGHT MILD EXFOLIATION FACE MASK,LULULUN,,,,,,
4533213678347,678347,LIBERTA HIMECOTO SHIROWAKI ARMPITS NIGHT CREAM,LIBERTA,,,,,,
4903111579952,579952,UNICHARM BREATHABILITY DISPOSABLE MASK REGULAR 6 PIECES,UNICHARM,,,,,,
4549660107231,107231,CREER BEAUTE THE ROSE OF VERSAILLES FACIAL MASK 4 SHEETS,CREER BEAUTE,,,,,,
4987241100620,100620,ROHTO KIDS EYE DROPS 8ML,ROHTO,,,,,,
6943793084526,084526,AMORTALS HAND CREAM BLUE MEDITERRANEAN 75G,AMORTALS,Order,,,,,
6943793084533,084533,AMORTALS HAND CREAM ROSE SWEETHEART 75G,AMORTALS,Order,,,,,
4903111455546,455546,UNICHARM SILCOT FACIAL COTTON PAD 82 PIECES,UNICHARM,,,,,,
4560401461436,461436,QUALITY FIRST DERMA LASER SUPER VC 100 MASK 7 PIECES,QUALITY FIRST,Noncarry,,,,,
4560401461443,461443,QUALITY FIRST DERMA LASER SUPER TEATREE 100 MASK 7 PIECES,QUALITY FIRST,Noncarry,,,,,
4560401461498,461498,QUALITY FIRST DERMA LASER SUPER NMN100 MASK 7 PIECES,QUALITY FIRST,Noncarry,,,,,
4560401461504,461504,QUALITY FIRST DERMA LASER SUPER CERAMIDE 100 MASK 7 PIECES,QUALITY FIRST,Noncarry,,,,,
4582400830020,830020,KUMANO KUMANOYUSHI NON SILICON HORSE OIL RINSE IN SHAMPOO 600ML,KUMANO,Active,,,,,
4902111774923,774923,LUX SUPER RICH SHINE DAMAGE REPAIR SHAMPOO & CONDITIONER SET,LUX,Order,,,,,
4979006101416,101416,SKII SKIN POWER CREAM 80G,SKII,Active,,,,,
4971710799705,799705,KOSE SOFTYMO CLEASING FOAM HYALURONIC ACID LIMITED EDITION,KOSE,,,,,,
69385823739506973391737463,737463,INTO YOU SHERO SUPER MATTE LIP & CHEEK MUD EM01,INTO YOU,Order,,,INTOYOU-RIGHT-R1-P3,,
69733917305706973391737708,737708,INTO YOU SHERO SUPER MATTE LIP & CHEEK MUD EM14,INTO YOU,Order,,,,,
69733917305946973391737425,737425,INTO YOU SHERO SUPER MATTE LIP & CHEEK MUD EM16,INTO YOU,Order,,,,,
69733917306006973391737746,737746,INTO YOU SHERO SUPER MATTE LIP & CHEEK MUD EM17,INTO YOU,Order,,,,,
69733917310346938582322309,322309,INTO YOU SHERO SUPER MATTE LIP & CHEEK MUD EM20,INTO YOU,Order,,,INTOYOU-RIGHT-R2-P2,,
6973391730716,730716,INTO YOU AIRY LIP MUD C2,INTO YOU,Order,,,,,
6973391730723,730723,INTO YOU AIRY LIP MUD C3,INTO YOU,Order,,,,,
6973391730730,730730,INTO YOU AIRY LIP MUD N1,INTO YOU,Order,,,,,
6973391730747,730747,INTO YOU AIRY LIP MUD N2,INTO YOU,Order,,,,,
6973391732772,732772,INTO YOU AIRY LIP MUD N5,INTO YOU,Order,,,INTOYOU-RIGHT-R2-P2,,
6973391732789,732789,INTO YOU AIRY LIP MUD N6,INTO YOU,Order,,,INTOYOU-RIGHT-R2-P2,,
6973391730693,730693,INTO YOU AIRY LIP MUD W3,INTO YOU,Order,,,,,
6973391730617,730617,INTO YOU WATERY MIST LIP GLOSS W01,INTO YOU,Order,,,,,
6973391730624,730624,INTO YOU WATERY MIST LIP GLOSS W02,INTO YOU,Order,,,,,
6973391730648,730648,INTO YOU WATERY MIST LIP GLOSS W04,INTO YOU,Order,,,,,
6973391730976,730976,INTO YOU WATERY MIST LIP GLOSS W07,INTO YOU,Order,,,,,
6973391730983,730983,INTO YOU WATERY MIST LIP GLOSS W08,INTO YOU,Order,,,,,
6973391732000,732000,INTO YOU WATERY MIST LIP GLOSS W12,INTO YOU,Order,,,,,
6973391732512,732512,INTO YOU ONE SHOT LIP TINT OT01,INTO YOU,Order,,,,,
6973391732529,732529,INTO YOU ONE SHOT LIP TINT OT02,INTO YOU,Order,,,,,
6973391732536,732536,INTO YOU ONE SHOT LIP TINT OT03,INTO YOU,Order,,,,,
6973391732543,732543,INTO YOU ONE SHOT LIP TINT OT04,INTO YOU,Order,,,,,
6973391732550,732550,INTO YOU ONE SHOT LIP TINT OT05,INTO YOU,Order,,,,,
6973391732581,732581,INTO YOU ESPRESSO LIP MATT ES01,INTO YOU,Order,,,,,
6973391732598,732598,INTO YOU ESPRESSO LIP MATT ES02,INTO YOU,Order,,,,,
6973391732604,732604,INTO YOU ESPRESSO LIP MATT ES03,INTO YOU,Order,,,INTOYOU-LEFT-R1-P2,,
69733917326116973391733281,733281,INTO YOU ESPRESSO LIP MATT ES04,INTO YOU,Order,,,,,
6973391732635,732635,INTO YOU ESPRESSO LIP MATT ES06,INTO YOU,Order,,,INTOYOU-LEFT-R1-P2,,
697339173029769385823161486973391737920,737920,INTO YOU SHERO SUPER MATTE LIP & CHEEK MUD 302,INTO YOU,Order,,,,,
69733917303036938582316155,316155,INTO YOU SHERO SUPER MATTE LIP & CHEEK MUD 342,INTO YOU,Order,,,INTOYOU-RIGHT-R2-P1,,
69733917323386938582316179,316179,INTO YOU SHERO SUPER MATTE LIP & CHEEK MUD PD02 CANNED,INTO YOU,,,,,,
69733917323456938582316186,316186,INTO YOU SHERO SUPER MATTE LIP & CHEEK MUD PD03 CANNED,INTO YOU,Order,,,,,
6973391732048,732048,INTO YOU CONDENSED FOG LIP MATT C01,INTO YOU,Order,,,INTOYOU-LEFT-R2-P1,,
6973391732055,732055,INTO YOU CONDENSED FOG LIP MATT C02,INTO YOU,Order,,,INTOYOU-LEFT-R1-P1,,
69733917320796973391733816,733816,INTO YOU CONDENSED FOG LIP MATT C04,INTO YOU,Order,,,INTOYOU-LEFT-R1-P1,,
69733917320866973391733823,733823,INTO YOU CONDENSED FOG LIP MATT C05,INTO YOU,Order,,,INTOYOU-LEFT-R1-P1,,
6973391732765,732765,INTO YOU CONDENSED FOG LIP MATT C08,INTO YOU,Order,,,INTOYOU-LEFT-R1-P1,,
6973391731560,731560,INTO YOU DAILY LIFE EYESHADOW PALETTE YB01,INTO YOU,Order,,,,,
6973391731584,731584,INTO YOU DAILY LIFE EYESHADOW PALETTE OL01,INTO YOU,Order,,,,,
6973391731591,731591,INTO YOU DAILY LIFE EYESHADOW PALETTE PB01,INTO YOU,Order,,,,,
6973391732727,732727,INTO YOU DAILY LIFE EYESHADOW PALETTE MT01,INTO YOU,Order,,,,,
6973391732734,732734,INTO YOU DAILY LIFE EYESHADOW PALETTE SE01,INTO YOU,Order,,,,,
6938582300123,300123,INTO YOU SINGLE CREAM BLUSH CI01,INTO YOU,Order,,,,,
6938582300130,300130,INTO YOU SINGLE CREAM BLUSH CI02,INTO YOU,Order,,,,,
6938582300147,300147,INTO YOU SINGLE CREAM BLUSH CI03,INTO YOU,Order,,,,,
6972220307686,307686,INTO YOU MULTIPLE CONCEALER PALETTE 01LIGHT SKIN,INTO YOU,Order,,,,,
6972220306702,306702,INTO YOU HIGHLIGHT&CONTOUR PALETTE L1 NATURAL,INTO YOU,Order,,,,,
6972220307709,307709,INTO YOU CONCEALER SETTING PRESSED POWDER V1 BEIGE WITH A DOUBLE-ENDED MAKEUP BRUSH,INTO YOU,Order,,,,,
6973391734226,734226,INTO YOU BRILLIANT LIPSTICK B02,INTO YOU,Order,,,,,
6973391732857,732857,INTO YOU BRILLIANT LIPSTICK B03,INTO YOU,Order,,,,,
6973391734257,734257,INTO YOU BRILLIANT LIPSTICK B05,INTO YOU,Order,,,,,
69733917328956973391734271,734271,INTO YOU BRILLIANT LIPSTICK B07,INTO YOU,Order,,,,,
6973391733038,733038,INTO YOU LIGHT LONG-LASTING LIP MATT L-TP01,INTO YOU,Order,,,,,
6973391733052,733052,INTO YOU LIGHT LONG-LASTING LIP MATT L-PK01,INTO YOU,Order,,,,,
6973391733069,733069,INTO YOU LIGHT LONG-LASTING LIP MATT L-CN01,INTO YOU,Order,,,,,
6973391733076,733076,INTO YOU LIGHT LONG-LASTING LIP MATT L-MV01,INTO YOU,Order,,,,,
6973391733083,733083,INTO YOU LIGHT LONG-LASTING LIP MATT L-PC01,INTO YOU,Order,,,,,
6938582313635,313635,INTO YOU MINI LIP MUD GIFT SET,INTO YOU,Order,,,,,
6973391734318,734318,INTO YOU ROTATIONAL EYESHADOW PALETTE PG01,INTO YOU,Order,,,,,
6973391734325,734325,INTO YOU ROTATIONAL EYESHADOW PALETTE GN01,INTO YOU,Order,,,,,
6973391734448,734448,INTO YOU MATTE LIP & CHEEK BARREL MUD T02,INTO YOU,Order,,,,,
6973391734455,734455,INTO YOU MATTE LIP & CHEEK BARREL MUD T03,INTO YOU,Order,,,,,
6973391734462,734462,INTO YOU MATTE LIP & CHEEK BARREL MUD T04,INTO YOU,Order,,,,,
6973391733717,733717,INTO YOU MATTE LIPSTICK ML03,INTO YOU,Order,,,,,
6973391733724,733724,INTO YOU MATTE LIPSTICK ML04,INTO YOU,Order,,,,,
6973391733731,733731,INTO YOU MATTE LIPSTICK ML05,INTO YOU,Noncarry,,,,,
6973391733748,733748,INTO YOU MATTE LIPSTICK ML06,INTO YOU,Noncarry,,,,,
6973391733755,733755,INTO YOU MATTE LIPSTICK ML07,INTO YOU,Noncarry,,,,,
6973391733762,733762,INTO YOU MATTE LIPSTICK ML08,INTO YOU,Noncarry,,,,,
6976245291050,291050,INTO YOU LONG LASTING CUSHION FOUNDATION N01 POECELAIN,INTO YOU,Order,,,,,
6976245291067,291067,INTO YOU LONG LASTING CUSHION FOUNDATION N02 LIGHT BEIGE,INTO YOU,Order,,,,,
6976245291074,291074,INTO YOU LONG LASTING CUSHION FOUNDATION N03 NATURAL BEIGE,INTO YOU,Order,,,,,
6973391732017850060497537,497537,INTO YOU SYRUP GLOSSY LIP TINT G06,INTO YOU,Order,,,INTOYOU-LEFT-R2-P3,,
4979006101041,101041,SKII SKIN POWER CREAM TRIAL KIT 2023,SKII,,,,,,
6972416050983,050983,KASE AROMA HAND SERUM FULL OF ORANGES 211,KASE,,,,,,
6972416050372,050372,KASE BODY MOISTURIZER #102 200G,KASE,,,,,,
6939505857076,857076,BREO A1 TP-201,BREO,,,,,,
4992440028026,028026,ISHIZAWA LABS NADESHIKO PORE CARE BESTSELLERS SET,ISHIZAWA,Active,,,,,
6972687941089,941089,JUYOU AMINO ACID PURIFING CLEANSING FOAM 100ML,JUYOU,Order,,,,,
6971726432069,432069,JUYOU HYALURONIC ACID REPAIR OF BIOLOGICAL DRESSING LOTION 120ML,JUYOU,Order,,,,,
6971726432083,432083,JUYOU HYALURONIC ACID REPAIR OF BIOLOGICAL DRESSING EMULSION 50G,JUYOU,Order,,,,,
4570110290166,290166,OFF&RELAX SHAMPOO SILKY NIGHT REPAIR 460ML,OFF&RELAX,Active,,,,,
4570110290173,290173,OFF&RELAX TREATMENT SILKY NIGHT REPAIR 460ML,OFF&RELAX,Active,,,,,
4550516478719,478719,SHISEIDO TSUBAKI PREMIUM EX INTENSIVE SHAMPOO & CONDITIONER SET NB LIMITED,SHISEIDO,,,,,,
4525636322464,322464,SANTEN SANRIO CUTE AID BANDAGES MY MELODY,SANTEN,Sense,,,,,
4525636322457,322457,SANTEN SANRIO CUTE AID BANDAGES HELLO KITTY,SANTEN,,,,,,
4525636322532,322532,SANTEN SANRIO CUTE AID BANDAGES KUROMI,SANTEN,,,,,,
4525636322525,322525,SANTEN SANRIO CUTE AID BANDAGES CINNAMOROLL,SANTEN,,,,,,
4971710570267,570267,KOSE BIOLISS BOTANICAL SHAMPOO & CONDITIONER SET OSMANTHUS SCENT,KOSE,Active,,,,,
4571501172993,172993,MILLEFEE PAINTING EYESHADOW PALETTE 09 ALMOND BLOSSOMS,MILLEFEE,Active,,,MILLEFEE-R2-P1,,
4571501173013,173013,MILLEFEE PAINTING EYESHADOW PALETTE 11 SUNFLOWERS,MILLEFEE,Active,,,MILLEFEE-R2-P1,,
4571501172986,172986,MILLEFEE PAINTING EYESHADOW PALETTE 08 THE STARRY NIGHT,MILLEFEE,Active,,,MILLEFEE-R2-P1,,
4571501173006,173006,MILLEFEE PAINTING EYESHADOW PALETTE 10 ROSES,MILLEFEE,Active,,,MILLEFEE-R2-P1,,
4909978164461,164461,SHISEIDO AQUA LABEL SPECIAL GEL CREAM EX MOIST,SHISEIDO,Noncarry,,,,,
4909978164478,164478,SHISEIDO AQUA LABEL SPECIAL GEL CREAM EX OIL-IN,SHISEIDO,Noncarry,,,,,
4580748420019,420019,INTO U JP SUPER MATTE LIP & CHEEK EM01,INTO U JP,Order,,,,,
4580748420057,420057,INTO U JP SUPER MATTE LIP & CHEEK EM05,INTO U JP,Order,,,INTOYOU-RIGHT-R1-P3,,
4580748420064,420064,INTO U JP SUPER MATTE LIP & CHEEK 06,INTO U JP,Order,,,,,
4580748420071,420071,INTO U JP SUPER MATTE LIP & CHEEK 07,INTO U JP,Order,,,,,
4580748420088,420088,INTO U JP SUPER MATTE LIP & CHEEK 08,INTO U JP,Order,,,INTOYOU-RIGHT-R1-P3,,
4580748420095,420095,INTO U JP SUPER MATTE LIP & CHEEK 09,INTO U JP,Order,,,,,
4580748420101,420101,INTO U JP SUPER MATTE LIP & CHEEK 10,INTO U JP,Order,,,INTOYOU-RIGHT-R1-P3,,
4580748420118,420118,INTO U JP SUPER MATTE LIP & CHEEK 11,INTO U JP,Order,,,INTOYOU-RIGHT-R1-P3,,
4580748420125,420125,INTO U JP SUPER MATTE LIP & CHEEK 12,INTO U JP,Order,,,INTOYOU-RIGHT-R1-P3,,
4580748420132,420132,INTO U JP SUPER MATTE LIP & CHEEK 13,INTO U JP,Order,,,INTOYOU-RIGHT-R2-P3,,
4580748420149,420149,INTO U JP SUPER MATTE LIP & CHEEK 14,INTO U JP,Order,,,,,
4580748420156,420156,INTO U JP SUPER MATTE LIP & CHEEK 15,INTO U JP,Order,,,,,
4580748420163,420163,INTO U JP SUPER MATTE LIP & CHEEK 16,INTO U JP,Order,,,,,
4580748420170,420170,INTO U JP SUPER MATTE LIP & CHEEK 17,INTO U JP,Order,,,,,
4580748420187,420187,INTO U JP SUPER MATTE LIP & CHEEK 23,INTO U JP,Order,,,INTOYOU-RIGHT-R2-P3,,
4580748420293,420293,INTO U JP TASTING LIFE EYESHADOW PALETTE OL01,INTO U JP,Order,,,,,
4580748420309,420309,INTO U JP TASTING LIFE EYESHADOW PALETTE PB01,INTO U JP,Order,,,,,
4580748420316,420316,INTO U JP TASTING LIFE EYESHADOW PALETTE YB01,INTO U JP,Order,,,,,
4580748420323,420323,INTO U JP FEATHER MATTE LIP S01,INTO U JP,Order,,,,,
4580748420330,420330,INTO U JP FEATHER MATTE LIP S02,INTO U JP,Order,,,,,
4580748420347,420347,INTO U JP FEATHER MATTE LIP S03,INTO U JP,Order,,,,,
4580748420354,420354,INTO U JP FEATHER MATTE LIP S04,INTO U JP,Order,,,,,
4580748420361,420361,INTO U JP FEATHER MATTE LIP S05,INTO U JP,Order,,,,,
4580748420378,420378,INTO U JP FEATHER MATTE LIP S06,INTO U JP,Order,,,,,
4580748420385,420385,INTO U JP AIRY LIP MUD C04,INTO U JP,Order,,,,,
4580748420392,420392,INTO U JP AIRY LIP MUD C05,INTO U JP,Order,,,,,
4580748420408,420408,INTO U JP AIRY LIP MUD N01,INTO U JP,Order,,,INTOYOU-RIGHT-R2-P2,,
4580748420415,420415,INTO U JP AIRY LIP MUD N04,INTO U JP,Order,,,INTOYOU-RIGHT-R2-P2,,
4580748420422,420422,INTO U JP AIRY LIP MUD W01,INTO U JP,Order,,,,,
4580748420439,420439,INTO U JP AIRY LIP MUD W03,INTO U JP,Order,,,,,
4580748420446,420446,INTO U JP AIRY LIP MUD W04,INTO U JP,Order,,,INTOYOU-RIGHT-R2-P3,,
4580748420453,420453,INTO U JP AIRY LIP MUD W05,INTO U JP,Order,,,INTOYOU-RIGHT-R2-P3,,
4580748420460,420460,INTO U JP AIRY LIP MUD C01,INTO U JP,Order,,,,,
4580748420477,420477,INTO U JP AIRY LIP MUD C02,INTO U JP,Order,,,INTOYOU-RIGHT-R2-P3,,
4580748420484,420484,INTO U JP AIRY LIP MUD C03,INTO U JP,Order,,,INTOYOU-RIGHT-R2-P3,,
4580748420491,420491,INTO U JP AIRY LIP MUD N02,INTO U JP,Order,,,INTOYOU-RIGHT-R2-P2,,
4580748420507,420507,INTO U JP AIRY LIP MUD N03,INTO U JP,Order,,,INTOYOU-RIGHT-R2-P2,,
4580748420514,420514,INTO U JP AIRY LIP MUD W02,INTO U JP,Order,,,,,
4580748420644,420644,INTO U JP AIRY LIP MUD N6 JP,INTO U JP,Order,,,,,
4580748420699,420699,INTO U JP ESPRESSO LIP MATTE ES01,INTO U JP,Order,,,,,
4580748420712,420712,INTO U JP ESPRESSO LIP MATTE ES03,INTO U JP,Order,,,,,
4580748420729,420729,INTO U JP ESPRESSO LIP MATTE ES04,INTO U JP,Order,,,,,
45807484207366973391732628,732628,INTO U JP ESPRESSO LIP MATTE ES05,INTO U JP,Order,,,,,
4580748420743,420743,INTO U JP ESPRESSO LIP MATTE ES06,INTO U JP,Order,,,,,
4979006109412,109412,SKII FACIAL TREATMENT ESSENCE MAISON KITSUNE HOLIDAY LIMITED EDITION COFFRET RED POUCH,SKII,,,,,,
4979006109443,109443,SKII FACIAL TREATMENT ESSENCE MAISON KITSUNE HOLIDAY LIMITED EDITION COFFRET BLUE POUCH,SKII,,,,,,
6976416410990,410990,AMORTALS CLOUD-SOFT FACE TOWEL EXTRA VOLUME,AMORTALS,Active,,,,,
4901559213667,213667,HAKUGEN-EARTH HOT SPRING WARMTH INN (ORANGE),HAKUGEN EARTH,Order,,,,,
4901559213889,213889,HAKUGEN-EARTH HOT SPRING PEACE INN (PINK),HAKUGEN EARTH,Order,,,,,
4901559213834,213834,HAKUGEN-EARTH HOT SPRING AROMATIC INN (YELLOW),HAKUGEN EARTH,Order,,,,,
4901559213773,213773,HAKUGEN-EARTH HOT SPRING SOFTENING INN (GREEN),HAKUGEN EARTH,Order,,,,,
4580504130657,130657,COCOCHI AG FACIAL CREAM MASK GOLD NEW,COCOCHI,Noncarry,,,,,
4544877510744,510744,SPA TREATMENT HAS STRETCH I SHEET 60PCS,SPA,Active,,,,,
4580632117223,117223,MOIST DIANE EXTRA DAMAGE REPAIR SHAMPOO & CONDITIONER SET,MOIST DIANE,,,,,,
4901121636085,636085,NEPIA NOSE CELEBRITY TISSUE 200 SHEETS,NEPIA,,,,,,
4901417788092,788092,KRACIE ICHIKAMI REFRESHING CARE MOISTURIZING REPAIR YUZU SHAMPOO&CONDITIONER SET,KRACIE,,,,,,
4901417788115,788115,KRACIE ICHIKAMI HARUMEKI SHAMPOO & CONDITIONER SET,KRACIE,,,,,,
4901433038546,038546,ISEHAN KISS ME HEROINE MAKEUP SP PRIME LIQUID EYELINER RICH KEEP 04 BURGUNDY BROWN,ISEHAN,,,,,,
4901301416025,416025,作废 KAO BIORE FOAM STAMP HAND SOAP PAW,KAO,Active,,,,,
4011600123829,123829,TOKYO DISNEY STELLALOU WINTER HODDIE WITH RED CANDY,DISNEY,,,,,,
4011600124129,124129,TOKYO DISNEY LINABELL WINTER HODDIE WITH GREEN CANDY,DISNEY,,,,,,
4524785538382,538382,STARBUCKS CHRISTMAS CANDY CANE MUG CUP 355ML,STARBUCKS,,,,,,
4979006110906,110906,SKII FACIAL TREATMENT ESSENCE EXCLUSIVE GIFT,SKII,,,,,,
4901301313096,313096,KAO BLAUNE HAIR COLOR 3N FOR GRAY HAIR NATURAL BROWN,KAO,,,,,,
4901301286925,286925,KAO BLAUNE HAIR COLOR 4P FOR GRAY HAIR PURE BROWN,KAO,,,,,,
4549660813293,813293,BANDAI BATH SALT,BANDAI,,,,,,
4904710429198,429198,TIGER 2WAY STAINLESS WATER BOTTLE WITH PORCH,TIGER,,,,,,
6973391733274,733274,(作废）INTO YOU ESPRESSO LIP MATT ES03 CH,INTO YOU,,,,,,
8809640730696,730696,ANUA HEARTLEAF 70 CREAM 50ML,ANUA,Active,,,,,
88096407300928809640731433,731433,ANUA HEARTLEAF 77 SOOTHING TONER 250ML,ANUA,Active,,,,,
8809640730283,730283,ANUA HEARTLEAF 80 MOISTURE SOOTHING AMPOULE 30ML,ANUA,Active,,,,,
8809640731211,731211,ANUA BIRCH 70 MOISTURE BOOSTING TONER 250ML,ANUA,Active,,,,,
8809640733550,733550,ANUA PEACH 70 NIACIN SERUM 30ML,ANUA,Noncarry,,,,,
6973391732147,732147,INTO YOU DOUBLE HEADED MAKEUP BRUSH,INTO YOU,,,,,,
4571395821243,821243,FERNANDA ICHIGO CHOCO HAND CREAM,FERNANDA,,,,,,
4570162341069,341069,FERNANDA ICHIGO BODY HAND SET,FERNANDA,,,,,,
4570162341120,341120,FERNANDA ICHIGO CHOCO BODY HAND SET,FERNANDA,,,,,,
4902111773094,773094,LUX BATH GLOW REPAIR &SHINE SHAMPOO & CONDITIONER SET SAKURA,LUX,,,,,,
4550516479648,479648,SHISEIDO SENKA PERFECT WHIP COLLAGEN FACE WASH POKEMON,SHISEIDO,,,,,,
4908049412241,412241,FANCL MILD CHEANSING OIL 120ML 2PCS,FANCL,Active,,,,,
4901872445479,445479,SHISEIDO SENKA ALL CLEAR DOUBLE WASH FOAM,SHISEIDO,Active,,,,,
4901872461998,461998,SHISEIDO SENKA ALL CLEAR OIL,SHISEIDO,Active,,,,,
4901872471683,471683,SHISEIDO SENKA ALL CLEAR GEL,SHISEIDO,Active,,,,,
4901872471805,471805,[OUTDATED] SHISEIDO SENKA ALL CLEAR DOUBLE WASH 2IN1,SHISEIDO,Active,,,,,
4550516474605,474605,SHISEIDO SENKA PERFECT WHIP SPEEDY FOAM,SHISEIDO,,,,,,
8809598452350,452350,COSRX ADVANCED SNAIL MUCIN POWER GEL CLEANSER 150ML,COSRX,,,,,,
8809416470009,470009,COSRX ADVANCED SNAIL 96 MUCIN POWER ESSENCE,COSRX,Active,,,,,
8809598452305,452305,COSRX ADVANCED SNAIL HYDROGEL EYE PATCH,COSRX,Active,,,,,
8809416470030,470030,COSRX AHA/BHA CLARIFYING TREATMENT TONER,COSRX,Order,,,,,
8809598453500,453500,COSRX FULL FIT PROPOLIS SYNERGY PAD,COSRX,Active,,,,,
8809598450820,450820,COSRX FULL FIT PROPOLIS LIGHT AMPOULE,COSRX,Active,,,,,
8809598451032,451032,COSRX FULL FIT PROPOLIS LIGHT CREAM,COSRX,Active,,,,,
8809598451896,451896,COSRX FULL FIT PROPOLIS SYNERGY TONER,COSRX,Active,,,,,
88094164705118809598452732,452732,COSRX LOW PH GOOD MORNING GEL CLEANSER,COSRX,Active,,,,,
8809598453364,453364,COSRX LOW PH GOOD NIGHT SOFT PEELING GEL,COSRX,,,,,,
8809416470306,470306,COSRX ONE STEP ORIGINAL CLEAR PAD,COSRX,,,,,,
8809416471112,471112,COSRX SALICYLIC ACID DAILY GENTLE CLEANSER,COSRX,Active,,,,,
8809642712485,712485,DR. JART+ PORECTING SOLUTION MASK,DR.JART+,Order,,,,,
8809505542143,542143,JM SOLUTION WATER LUMINOUS MASK BLACK [1PC 8809505542136],JM SOLUTION,,,,,,
8809505541764,541764,JM SOLUTION MARINE LUMINOUS PEARL DEEP MOISTURE MASK PEARL [1PC 8809505541757],JM SOLUTION,Active,,,,,
8809505543102,543102,JM SOLUTION WATER LUMINOUS SILKY COCOON MASK BLACK,JM SOLUTION,,,,,,
8809711714419,714419,JM SOLUTION WATER LUMINOUS S.O.S AMPOULE HYALURONIC MASK PLUS [1pc 8809711714402],JM SOLUTION,,,,,,
8809504741653,741653,TORRIDEN DIVE IN LOW HYALURONIC ACID SERUM,TORRIDEN,Active,,,,,
8809504742865,742865,TORRIDEN DIVE-IN LOW MOLECULE HYALURONIC ACID MASK [1PC 8809504742841],TORRIDEN,Active,,,,,
8809784601272,601272,TORRIDEN BALANCEFUL CICA MASK [1PC 8809784601241],TORRIDEN,Active,,,,,
8809560226422,226422,BANILA CO CLEAN IT ZERO CLEANSING BALM ORIGINAL 180ml,BANILA,Order,,,,,
8806390529266,529266,MISE EN SCENE ALL NEW HELLO BUBBLE #6A DUSTY ASH,MISE EN SCENE,,,,,,
8809803537186,537186,MISE EN SCENE ALL NEW HELLO BUBBLE #7V PERI VIOLET,MISE EN SCENE,,,,,,
8809803537193,537193,MISE EN SCENE ALL NEW HELLO BUBBLE #10AB ASH BEIGE,MISE EN SCENE,,,,,,
8809803539500,539500,MISE EN SCENE ALL NEW HELLO BUBBLE #6AO ASH OLIVE,MISE EN SCENE,,,,,,
8809803548472,548472,MISE EN SCENE PERFECT ORIGINAL SERUM SHAMPOO,MISE EN SCENE,,,,,,
8809803549202,549202,MISE EN SCENE PERFECT ORIGINAL SERUM CONDITIONER,MISE EN SCENE,,,,,,
8809803556101,556101,MISE EN SCENE PERFECT STYLING SERUM SHAMPOO,MISE EN SCENE,,,,,,
8809803556118,556118,MISE EN SCENE PERFECT STYLING SERUM CONDITIONER,MISE EN SCENE,,,,,,
8809803556125,556125,MISE EN SCENE PERFECT SUPER RICH SERUM SHAMPOO,MISE EN SCENE,,,,,,
8809803556132,556132,MISE EN SCENE PERFECT SUPER RICH SERUM CONDITIONER,MISE EN SCENE,,,,,,
8809803556187,556187,MISE EN SCENE PERFECT ORIGINAL SERUM,MISE EN SCENE,,,,,,
8809803556194,556194,MISE EN SCENE PERFECT SUPER RICH SERUM,MISE EN SCENE,,,,,,
8809803556200,556200,MISE EN SCENE PERFECT STYLING SERUM,MISE EN SCENE,,,,,,
8809803556217,556217,MISE EN SCENE PERFECT ROSE PERFUME SERUM,MISE EN SCENE,,,,,,
8809803556255,556255,MISE EN SCENE PERFECT WATERY SERUM,MISE EN SCENE,,,,,,
8809803556293,556293,MISE EN SCENE PERFECT SERUM MIST,MISE EN SCENE,,,,,,
8809685754084,754084,RYO HERBAL SHAMPOO,RYO,,,,,,
8809685754077,754077,RYO BLACK BEAN SHAMPOO,RYO,,,,,,
8809685754060,754060,RYO YUJA SHAMPOO,RYO,,,,,,
8809685754053,754053,RYO HERBAL TREATMENT,RYO,,,,,,
88096407302218809640731440,731440,ANUA HEARTLEAF 77 SOOTHING TONER 500ML,ANUA,Active,,,,,
88096407327998809640730566,730566,ANUA HEARTLEAF 70 DAILY LOTION,ANUA,Active,,,,,
8809640731587,731587,ANUA HEARTLEAF 70 SOOTHING CREAM,ANUA,Active,,,,,
8809640732324,732324,ANUA BIRCH 70 MOISTURE BOOSTING CREAM,ANUA,Active,,,,,
8809640732829,732829,ANUA HEARTLEAF PORE CONTROL CLEANSING OIL,ANUA,Active,,,,,
NSCOLLECTION-SABATEISHOUKU,SHOUKU,NS COLLECTION SABATEISHOUKU,NS COLLECTION,,,,,,
MOLAK-DARKPEONY,KPEONY,MOLAK DARK PEONY,MOLAK,,,,,,
4580632118190,118190,DIANE PERFECT BEAUTY SAKURA SHINE SHAMPOO & TREATMENT SET,DIANE,Order,,,,,
4580748420521,420521,INTO U JP CONDENSED FOG GRIP C01,INTO U JP,Order,,,,,
4580748420538,420538,INTO U JP CONDENSED FOG GRIP C02,INTO U JP,Order,,,,,
4580748420552,420552,INTO U JP CONDENSED FOG GRIP C04,INTO U JP,Order,,,,,
4580748420583,420583,INTO U JP CONDENSED FOG GRIP C07,INTO U JP,Order,,,,,
4580748420590,420590,INTO U JP CONDENSED FOG GRIP C08,INTO U JP,Order,,,,,
4582372213319,213319,PH JAPAN PREMIUM FEMININE WASH PASSIONATE BLOOM 150ML,PH JAPAN,Order,,,,,
4582372213326,213326,PH JAPAN PREMIUM FEMININE WASH FRESH BLOSSOM 150ML,PH JAPAN,Order,,,,,
4582372213333,213333,PH JAPAN PREMIUM FEMININE WASH SHOWER SPLASH 150ML,PH JAPAN,Order,,,,,
4582372213388,213388,PH JAPAN PREMIUM FEMININE WASH POWDER MINT 150ML,PH JAPAN,Order,,,,,
4589546893858,893858,VICREA &HONEY CREAMY EX DAMAGE REPAIR SHAMPOO,VICREA,,,,,,
4589546893865,893865,VICREA &HONEY CREAMY EX DAMAGE REPAIR TREATMENT,VICREA,,,,,,
4589546893902,893902,VICREA &HONEY CREAMY EX DAMAGE REAPIR HAIR OIL,VICREA,,,,,,
8809784600404,600404,TORRIDEN DIVE IN LOW MOLECULAR HYALURONIC ACID CLEANSING FOAM,TORRIDEN,Order,,,,,
8809504743237,743237,TORRIDEN DIVE IN LOW MOLECULAR HYALURONIC ACID TONER,TORRIDEN,Order,,,,,
8809504742018,742018,TORRIDEN DIVE IN LOW MOLECULAR HYALURONIC ACID SKIN BOOSTER,TORRIDEN,Order,,,,,
8809784600183,600183,TORRIDEN DIVE IN LOW MOLECULAR HYALURONIC ACID SOOTHING CREAM,TORRIDEN,Order,,,,,
8809784600411,600411,TORRIDEN DIVE IN LOW MOLECULAR HYALURONIC ACID CLEANSING WATER,TORRIDEN,Order,,,,,
8809784600268,600268,TORRIDEN DIVE IN MILD SUN CREAM,TORRIDEN,Active,,,,,
8809504741660,741660,TORRIDEN DIVE IN LOW MOLECULAR HYALURONIC ACID CREAM,TORRIDEN,Order,,,,,
8809657119446,119446,TORRIDEN DIVE IN LOW MOLECULAR HYALURONIC ACID MULTI PAD,TORRIDEN,Order,,,,,
8809784600152,600152,TORRIDEN SOLID IN CERAMIDE LIP ESSENCE,TORRIDEN,Active,,,,,
88095047435418809784602958,602958,TORRIDEN SOLID INCERAMIDE CREAM,TORRIDEN,Order,,,,,
8809784600350,600350,TORRIDEN SOLID IN CERAMIDE ALL DAY ESSENCE,TORRIDEN,Order,,,,,
8809784600503,600503,TORRIDEN DIVE IN LOW MOLECULAR HYALURONIC ACID TONER SET,TORRIDEN,Order,,,,,
8809784600831,600831,TORRIDEN BALANCEFUL CICA TONER PAD,TORRIDEN,Order,,,,,
8809784600848,600848,TORRIDEN BALANCEFUL CICA LOTION,TORRIDEN,Order,,,,,
8809784600824,600824,TORRIDEN BALANCEFUL CICA CLEANSING GEL,TORRIDEN,Order,,,,,
8809784600978,600978,TORRIDEN BALANCEFUL CICA SERUM,TORRIDEN,Order,,,,,
8809784600985,600985,TORRIDEN BALANCEFUL CICA CREAM,TORRIDEN,Order,,,,,
6976245291173,291173,INTO YOU COLOR SAMPLES,INTO YOU,,,,,,
PG230146,230146,SKII MAISON KITSUNE LIMITED BLUE POUCH,,,,,,,
91824015,824015,SKII FESTIVE GIFT BOX BLUE,,,,,,,
6973391732024,732024,INTO YOU SYRUP GLOSSY LIP TINT G07,INTO YOU,,,,INTOYOU-LEFT-R2-P3,,
6973391732796,732796,INTO YOU AIRY LIP MUD W6,INTO YOU,,,,,,
6973391732802,732802,INTO YOU AIRY LIP MUD W7,INTO YOU,,,,,,
4582300062354,062354,TADA CLAYGE FLORAL & PATCHOULI SCENT SHAMPOO R,TADA,Order,,,,,
4582300062361,062361,TADA CLAYGE FLORAL & PATCHOULI SCENT TREATMENT R,TADA,Order,,,,,
4582300061302,061302,TADA CLAYGE HEAD SPA BRUSH,TADA,Order,,,,,
4582300063146,063146,TADA CLAYGE CLEANSING BALM MOIST N,TADA,Order,,,,,
4582300063153,063153,TADA CLAYGE CLEANSING BALM CLEAR N,TADA,Order,,,,,
4582300063351,063351,TADA CLAYGE CLEANSING BALM BLACK,TADA,Order,,,,,
4582300063818,063818,TADA CLAYGE CLEANSING OIL,TADA,Order,,,,,
4582300061371,061371,TADA CLAYGE CLEAR FACE WASH,TADA,Noncarry,,,,,
45823000640204582300066680,066680,TADA CLAYGE CLAY FACE WASH,TADA,Active,,,,,
4582300061869,061869,TADA CLAYGE BODY WASH SMOOTH,TADA,Noncarry,,,,,
4582300063108,063108,TADA CLAYGE BODY WASH MOISTURE,TADA,Noncarry,,,,,
4582300063658,063658,TADA PLUS EAU MELLOW SMOOTH SHAMPOO,TADA,Noncarry,,,,,
4582300063665,063665,TADA PLUS EAU MELLOW SMOOTH TREATMENT,TADA,Noncarry,,,,,
4582300063702,063702,TADA PLUS EAU HYDRO MIST HAIR OIL,TADA,Order,,,,,
4582300062378,062378,TADA PLUS EAU MELLOW LUXE MASK JAR,TADA,Order,,,,,
4582300064297,064297,TADA PLUS EAU MELTY MOIST SHAMPOO,TADA,Noncarry,,,,,
4582300064303,064303,TADA PLUS EAU MELTY MOIST TREATMENT,TADA,Noncarry,,,,,
4582300063832,063832,TADA PLUS EAU BANGS RESET POWDER,TADA,Order,,,,,
4582300061791,061791,TADA PLUS EAU POINT REPAIR,TADA,Order,,,,,
4582300062675,062675,TADA PLUS EAU POINT REPAIR PURE,TADA,Order,,,,,
4582300062521,062521,TADA PLUS EAU POINT REPAIR KEEP,TADA,Order,,,,,
4582300063399,063399,TADA PLUS EAU COLOR SHAMPOO PURPLE,TADA,Active,,,,,
4582300063405,063405,TADA PLUS EAU COLOR SHAMPOO PINK,TADA,Order,,,,,
4582300063412,063412,TADA PLUS EAU COLOR SHAMPOO SILVER,TADA,Order,,,,,
4582300064549,064549,TADA PLUS EAU COLOR SHAMPOO MILK TEA,TADA,Active,,,,,
4582300063429,063429,TADA PLUS EAU TREATMENT FOR COLOR,TADA,Noncarry,,,,,
4582300064556,064556,TADA PLUS EAU 1 DAY TRIAL SHAMPOO & TREATMENT MILK TEA,TADA,Order,,,,,
4582300063450,063450,TADA PLUS EAU 1 DAY TRIAL SHAMPOO & TREATMENT SILVER,TADA,Order,,,,,
4582300063443,063443,TADA PLUS EAU 1 DAY TRIAL SHAMPOO & TREATMENT PINK,TADA,Order,,,,,
4582300063436,063436,TADA PLUS EAU 1 DAY TRIAL SHAMPOO & TREATMENT PURPLE,TADA,Order,,,,,
4582300064792,064792,TADA PLUS EAU MELTY TRIPLE SET SAKURA,TADA,Order,,,,,
4580748420194,420194,INTO U WATER REFLECTING LIP TINT R01,INTO U JP,Order,,,,,
4580748420200,420200,INTO U WATER REFLECTING LIP TINT R02,INTO U JP,Order,,,,,
4580748420217,420217,INTO U WATER REFLECTING LIP TINT R03,INTO U JP,Order,,,,,
4580748420224,420224,INTO U WATER REFLECTING LIP TINT R04,INTO U JP,Order,,,,,
4580748420231,420231,INTO U WATER REFLECTING LIP TINT R05,INTO U JP,Order,,,,,
4580748420248,420248,INTO U WATER REFLECTING LIP TINT R06,INTO U JP,Order,,,,,
4580748420026,420026,INTO U SUPER MATTE LIP & CHEEK MUD EM02,INTO U JP,Order,,,,,
458074842003369385823739746973391737555,737555,INTO U SUPER MATTE LIP & CHEEK MUD EM03,INTO U JP,Order,,,,,
4580748420040,420040,INTO U SUPER MATTE LIP & CHEEK MUD EM04,INTO U JP,Order,,,,,
4580748420279,420279,INTO U SUPER MATTE LIP & CHEEK MUD EM24,INTO U JP,Order,,,,,
4580748420835,420835,INTO U SUPER MATTE LIP & CHEEK MUD EM19,INTO U JP,Order,,,INTOYOU-RIGHT-R2-P3,,
45807484208426973391737548,737548,INTO U SUPER MATTE LIP & CHEEK MUD EM525,INTO U JP,Order,,,INTOYOU-RIGHT-R1-P2,,
4580748420774,420774,INTO U AIRY BLUSH A01 STRAWBERRY WHIP,INTO U JP,Order,,,INTOYOU-RIGHT-R1-P1,,
4580748420781,420781,INTO U AIRY BLUSH A02 BLUEBERRY MARSHMALLOW,INTO U JP,Order,,,,,
4580748420798,420798,INTO U AIRY BLUSH A03 PEACH MELBA,INTO U JP,Order,,,INTOYOU-RIGHT-R1-P1,,
4580748420804,420804,INTO U AIRY BLUSH A04 CANDY APPLE,INTO U JP,Order,,,INTOYOU-RIGHT-R1-P1,,
4580748420811,420811,INTO U AIRY BLUSH A05 MANGO SORBET,INTO U JP,Order,,,INTOYOU-RIGHT-R1-P1,,
4571501172764,172764,MILLEFEE METAL BRUSH MASCARA 01 BLACK,MILLEFEE,Order,,,MILLEFEE-R2-P3,,
4571501172771,172771,MILLEFEE METAL BRUSH MASCARA 02 NATURAL BROWN,MILLEFEE,,,,MILLEFEE-R2-P3,,
4571501172788,172788,MILLEFEE METAL BRUSH MASCARA 03 PINK BROWN,MILLEFEE,Order,,,MILLEFEE-R2-P3,,
4571501173334,173334,MILLEFEE SECRET CONCEALER PALETTE 01 COVER GREEN,MILLEFEE,Noncarry,,,,,
4571501173341,173341,MILLEFEE SECRET CONCEALER PALETTE 02 BRIGHT YELLOW,MILLEFEE,Noncarry,,,MILLEFEE-R2-P3,,
4571501171484,171484,LTLYL TABAKAN NATURAL EYELASHES PARTIAL FALSE EYELASHES TYPE-A,LTLYL,Order,,,,,
4571501171491,171491,LTLYL TABAKAN NATURAL EYELASHES PARTIAL FALSE EYELASHES TYPE-V,LTLYL,Order,,,,,
4571501172016,172016,LTLYL TABAKAN NATURAL EYELASHES PARTIAL FALSE EYELASHES TYPE-W,LTLYL,Order,,,,,
4901008312927,312927,CANMAKE MARSHMALLOW POWDER MB MATTE BEIGE OCHER(US),CANMAKE,Active,,,,,
4901008312934,312934,CANMAKE MARSHMALLOW POWDER ML MATTE LIGHT OCHER(US),CANMAKE,Active,,,,,
4901008312910,312910,CANMAKE MARSHMALLOW POWDER MO MATTE OCHER(US),CANMAKE,Active,,,,,
4901008312958,312958,CANMAKE MARSHMALLOW POWDER MI MATTE IVORY OCHRE(US),CANMAKE,Active,,,,,
4901008312965,312965,CANMAKE MARSHMALLOW POWDER ABLOOM 01 DEAREST BOUQUET(US),CANMAKE,Active,,,,,
4901008312972,312972,CANMAKE MARSHMALLOW POWDER ABLOOM 02 SAKURA TULLE(US),CANMAKE,Active,,,,,
4901008312989,312989,CANMAKE MARSHMALLOW POWDER ABLOOM 03 PLUMERIA WREATH(US),CANMAKE,Active,,,,,
4901008317700,317700,CANMAKE MERMAID SKIN GEL 01 CLEAR (US),CANMAKE,Active,,,,,
4901008312828,312828,CANMAKE SILKY LOOSE MOIST POWDER 01 SILKY BEIGE(US),CANMAKE,Order,,,,,
4901008312835,312835,CANMAKE SILKY LOOSE MOIST POWDER 02 SHEER LAVENDER(US),CANMAKE,Order,,,,,
4901301416018,416018,KAO BIORE U FOAMING HAND SOAP FLOWER STAMP 250ML,KAO,Active,,,,,
5025155098301,098301,DYSON HAIR DRYER PINK,DYSON,,,,,,
4589581115700,115700,SANRIO HELLO KITTY 50TH ANNIVERSARY LIP CREAM,SANRIO,,,,,,
4550337304839,304839,SANRIO HELLO KITTY HEART KEYCHAIN,SANRIO,,,,,,
4550337307038,307038,SANRIO HANGYODON HEART KEYCHAIN,SANRIO,,,,,,
4550337305898,305898,SANRIO KUROMI HEART KEYCHAIN,SANRIO,,,,,,
4550337307465,307465,SANRIO MY SWEET PIANO HEART KEYCHAIN,SANRIO,,,,,,
4550337307380,307380,SANRIO COGIMYUN HEART KEYCHAIN,SANRIO,,,,,,
45131677,131677,MANDOM GATSBY MOVING RUBBER GRUNGE MAT,MANDOM,Order,,,,,
4560364939409,939409,MICHE BLOOMIN FALSE EYELASHES NO.201,MICHE BLOOMIN,Order,,,,,
4560364939416,939416,MICHE BLOOMIN FALSE EYELASHES NO.202,MICHE BLOOMIN,Order,,,,,
4560364939423,939423,MICHE BLOOMIN FALSE EYELASHES NO.203,MICHE BLOOMIN,Order,,,,,
4560364939430,939430,MICHE BLOOMIN FALSE EYELASHES NO.204,MICHE BLOOMIN,Order,,,,,
4560364939447,939447,MICHE BLOOMIN FALSE EYELASHES NO.205,MICHE BLOOMIN,Order,,,,,
4560364939454,939454,MICHE BLOOMIN FALSE EYELASHES NO.206,MICHE BLOOMIN,Order,,,,,
4560364939461,939461,MICHE BLOOMIN FALSE EYELASHES NO.207,MICHE BLOOMIN,Order,,,,,
4560364939478,939478,MICHE BLOOMIN FALSE EYELASHES NO.208,MICHE BLOOMIN,Order,,,,,
4560364939898,939898,MICHE BLOOMIN FALSE EYELASHES NO.50,MICHE BLOOMIN,Order,,,,,
4560364939904,939904,MICHE BLOOMIN FALSE EYELASHES NO.51,MICHE BLOOMIN,Order,,,,,
4991567270134,270134,FUEKI YASASHII KIDS CREAM SANRIO CINNAMOROLL,FUEKI,,,,,,
4956234010512,010512,NISSYO AC TRANSFORMER PLUG,NISSYO,,,,,,
4524785551176,551176,STARBUCKS *STANLEY 2024 SAKURA 3WAY STAINLESS TUMBLER BEIGE,STARBUCKS,,,,,,
4571501172313,172313,TESTER-EMERY EMILY UNDEREYE PENCIL 211,EMERY EMILY TESTER,,,,,,
4571501172320,172320,TESTER-EMERY EMILY UNDEREYE PENCIL 221,EMERY EMILY TESTER,,,,,,
4571501172337,172337,TESTER-EMERY EMILY UNDEREYE PENCIL 222,EMERY EMILY TESTER,,,,,,
4571501172344,172344,TESTER-EMERY EMILY UNDEREYE PENCIL 241,EMERY EMILY TESTER,,,,,,
4571501172436,172436,TESTER-EMERY EMILY DREAMY GLITTER LINER 201,EMERY EMILY TESTER,,,,,,
4571501172443,172443,TESTER - EMERY EMILY DREAMY GLITTER LINER 202,EMERY EMILY TESTER,,,,,,
4571501172450,172450,TESTER - EMERY EMILY DREAMY GLITTER LINER 203,EMERY EMILY TESTER,,,,,,
4571501172467,172467,TESTER - EMERY EMILY DREAMY GLITTER LINER 204,EMERY EMILY TESTER,,,,,,
4571501172474,172474,TESTER - EMERY EMILY DREAMY GLITTER LINER 205,EMERY EMILY TESTER,,,,,,
4571501172528,172528,TESTER-EMERY EMILY 4COLOR EYESHADOW PALETTE 201,EMERY EMILY TESTER,,,,,,
4571501172535,172535,TESTER-EMERY EMILY 4COLOR EYESHADOW PALETTE 202,EMERY EMILY TESTER,,,,,,
4571501172542,172542,TESTER-EMERY EMILY 4COLOR EYESHADOW PALETTE 203,EMERY EMILY TESTER,,,,,,
4571501172559,172559,TESTER-EMERY EMILY 4COLOR EYESHADOW PALETTE 204,EMERY EMILY TESTER,,,,,,
4571501173242,173242,TESTER - EMERY EMILY MOISTURE LIPSTICK 201,EMERY EMILY TESTER,,,,,,
4571501173259,173259,TESTER - EMERY EMILY MOISTURE LIPSTICK 202,EMERY EMILY TESTER,,,,,,
4571501173266,173266,TESTER - EMERY EMILY MOISTURE LIPSTICK 203,EMERY EMILY TESTER,,,,,,
4571501173273,173273,TESTER-EMERY EMILY MOISTURE LIPSTICK 204,EMERY EMILY TESTER,,,,,,
4571501173280,173280,TESTER - EMERY EMILY MOISTURE LIPSTICK 205,EMERY EMILY TESTER,,,,,,
4571501173297,173297,TESTER-EMERY EMILY LIP SERUM,EMERY EMILY TESTER,,,,,,
4571501173303,173303,TESTER-EMERY EMILY CONTOUR STICK 201,EMERY EMILY TESTER,,,,,,
4571501173310,173310,TESTER-EMERY EMILY CONTOUR STICK 202,EMERY EMILY TESTER,,,,,,
4571501173327,173327,TESTER-EMERY EMILY CONTOUR STICK 203,EMERY EMILY TESTER,,,,,,
4571501172610,172610,TESTER-EMERY EMILY GEL HIGHLIGHT 201,EMERY EMILY TESTER,,,,,,
4571501172627,172627,TESTER-EMERY EMILY GEL HIGHLIGHT 202,EMERY EMILY TESTER,,,,,,
4571501172634,172634,TESTER-EMERY EMILY GEL HIGHLIGHT 203,EMERY EMILY TESTER,,,,,,
8809625245818,245818,ROMAND BETTER THAN CHEEK C01 PEACH CHIP,ROMAND,Active,,,,,
8809625245825,245825,ROMAND BETTER THAN CHEEK C02 BLUEBERRY CHIP,ROMAND,Active,,,,,
8809625245849,245849,ROMAND BETTER THAN CHEEK C03 FIG CHIP,ROMAND,Order,,,,,
8809625245870,245870,ROMAND BETTER THAN CHEEK C04 PEAR CHIP,ROMAND,Order,,,,,
8809625245832,245832,ROMAND BETTER THAN CHEEK W01 ODI MILK,ROMAND,Order,,,ROMAND-MIDDLE-R2-P3,,
8809625245856,245856,ROMAND BETTER THAN CHEEK W02 STRAWBERRY MILK,ROMAND,Active,,,ROMAND-MIDDLE-R2-P3,,
8809625245863,245863,ROMAND BETTER THAN CHEEK W03 APRICOT MILK,ROMAND,Order,,,ROMAND-MIDDLE-R2-P3,,
8809625245887,245887,ROMAND BETTER THAN CHEEK N01 NUTTY NUDE,ROMAND,Active,,,ROMAND-MIDDLE-R1-P3,,
8809625245894,245894,ROMAND BETTER THAN CHEEK N02 VINE NUDE,ROMAND,Active,,,ROMAND-MIDDLE-R1-P3,,
8809625240295,240295,ROMAND JUICY LASTING TINT 08 APPLE BROWN,ROMAND,Active,,,ROMAND-LEFT-R2-P3,,
8809625240301,240301,ROMAND JUICY LASTING TINT 09 LITCHI CORAL,ROMAND,Active,,,ROMAND-LEFT-R2-P3,,
8809625243692,243692,ROMAND JUICY LASTING TINT 22 POMELO SKIN,ROMAND,Active,,,ROMAND-LEFT-R3-P3,,
8809625243722,243722,ROMAND JUICY LASTING TINT 25 BARE GRAPE,ROMAND,Active,,,ROMAND-LEFT-R3-P3,,
8809625246853,246853,ROMAND JUICY LASTING TINT 31 BARE APRICOT,ROMAND,Active,,,ROMAND-LEFT-R3-P3,,
8809625246860,246860,ROMAND JUICY LASTING TINT 32 BARE BERRY SMOOTHIE,ROMAND,Active,,,ROMAND-LEFT-R3-P3,,
8809625246877,246877,ROMAND JUICY LASTING TINT 33 BARE VINE,ROMAND,Active,,,ROMAND-LEFT-R3-P3,,
8809625241629,241629,ROMAND GLASTING WATER GLOSS 00 METEOR TRACK,ROMAND,Active,,,ROMAND-LEFT-R1-P1,,
8809625241636,241636,ROMAND GLASTING WATER GLOSS 01 SANHO CRUSH,ROMAND,Active,,,ROMAND-LEFT-R1-P1,,
8809625244149,244149,ROMAND DEWY·FUL WATER TINT 01 IN CORAL,ROMAND,Order,,,ROMAND-MIDDLE-R2-P1,,
8809625244156,244156,ROMAND DEWY·FUL WATER TINT 02 SALTY PEACH,ROMAND,Order,,,ROMAND-MIDDLE-R2-P1,,
8809625244163,244163,ROMAND DEWY·FUL WATER TINT 03 IF ROSE,ROMAND,Order,,,ROMAND-MIDDLE-R2-P1,,
8809625244170,244170,ROMAND DEWY·FUL WATER TINT 04 CHILI UP,ROMAND,Order,,,ROMAND-MIDDLE-R2-P1,,
8809625244200,244200,ROMAND DEWY·FUL WATER TINT 07 CHERRY WAY,ROMAND,Order,,,ROMAND-MIDDLE-R3-P1,,
8809625243227,243227,ROMAND HAN ALL SHARP BROW C1 CLASSIC GRAY,ROMAND,Order,,,ROMAND-RIGHT-R3-P1,,
8809625243234,243234,ROMAND HAN ALL SHARP BROW C2 GRACE TAUPE,ROMAND,Order,,,ROMAND-RIGHT-R3-P1,,
8809625243258,243258,ROMAND HAN ALL SHARP BROW W1 GENTLE BROWN,ROMAND,Order,,,ROMAND-RIGHT-R3-P1,,
8809625243272,243272,ROMAND HAN ALL SHARP BROW W3 MERRY BLONDY,ROMAND,Order,,,ROMAND-RIGHT-R3-P1,,
8809625246662,246662,ROMAND HAN ALL BROW CARA 01 GRACE TAUPE,ROMAND,Order,,,ROMAND-RIGHT-R3-P3,,
8809625246679,246679,ROMAND HAN ALL BROW CARA 02 MILD WOODY,ROMAND,Order,,,ROMAND-RIGHT-R3-P3,,
8809625246686,246686,ROMAND HAN ALL BROW CARA 03 MODERN BEIGE,ROMAND,Order,,,ROMAND-RIGHT-R3-P3,,
8809625246693,246693,ROMAND HAN ALL BROW CARA 04 MERRY BLONDY,ROMAND,Order,,,ROMAND-RIGHT-R3-P3,,
8809625243098,243098,ROMAND BETTER THAN PALETTE 01 PAMPAS GARDEN,ROMAND,Active,,,ROMAND-RIGHT-R2-P1,,
8809625243104,243104,ROMAND BETTER THAN PALETTE 02 MAHOGANY GARDEN,ROMAND,Active,,,ROMAND-RIGHT-R2-P1,,
8809625243111,243111,ROMAND BETTER THAN PALETTE 03 ROSEBUD GARDEN,ROMAND,Active,,,ROMAND-RIGHT-R2-P1,,
8809625243357,243357,ROMAND BETTER THAN PALETTE 00 LIGHT & GLITTER GARDEN,ROMAND,Order,,,,,
8809625244132,244132,ROMAND BETTER THAN PALETTE 06 PEONY NUDE GARDEN,ROMAND,Order,,,,,
8809625246938,246938,ROMAND BARE LAYER PALETTE 01 APRICOT MOOD,ROMAND,Noncarry,,,,,
8809625246945,246945,ROMAND BARE LAYER PALETTE 02 STRAWBERRY MOOD,ROMAND,Noncarry,,,,,
8809640731020,731020,ANUA SOOTHING TRIAL KIT,ANUA,Order,,,,,
4560413153954,153954,AXXZIA BEAUTY EYES ESSENCE SHEET MATSUMOTO KOJIRO LIMITED,AXXZIA,,,,,,
4580504130473,130473,COCOCHI AG RENOVATING MASK BLACK NEW,COCOCHI,Noncarry,,,,,
4560413152346,152346,AXXZIA BEAUTY EYES ROUTINE CARE CREAM PREMIUM 15G,AXXZIA,,,,,,
4560413152339,152339,AXXZIA BEAUTY EYES ROUTINE CARE ESSENCE PREMIUM,AXXZIA,,,,,,
4901417788399,788399,KRACIE DEAR BEAUTE TRIAL SET SMOOTH & REPAIR SHAMPOO + CONDITIONER MOOMIN DESIGN,KRACIE,,,,,,
4901417788375,788375,KRACIE DEAR BEAUTE RICH & REPAIR SHAMPOO + CONDITIONER MOOMIN DESIGN,KRACIE,,,,,,
4901417788382,788382,KRACIE DEAR BEAUTE GLOSS & REPAIR SHAMPOO + CONDITIONER MOOMIN DESIGN,KRACIE,,,,,,
4901417162472,162472,KRACIE NAIVE BODY SOAP DORAEMON DESIGN,KRACIE,Active,,,,,
4901417162496,162496,KRACIE NAIVE FOAMING BODY SOAP DORAEMON DESIGN,KRACIE,Active,,,,,
4550516484543,484543,SHISEIDO TSUBAKI PREMIUM MOIST & REPAIR SHAMPOO & CONDITIONER SET,SHISEIDO,Order,,,,,
4992440037455,037455,ISHIZAWA LAB KEANA RICE POWDER WASH,ISHIZAWA,,,,,,
4571501174119,174119,MILLEFEE MEOW PAWS EYESHADOW PALETTE 01,MILLEFEE,Noncarry,,,,,
4571501174126,174126,MILLEFEE MEOW PAWS EYESHADOW PALETTE 02,MILLEFEE,Noncarry,,,,,
4571501174133,174133,MILLEFEE MEOW PAWS EYESHADOW PALETTE 03,MILLEFEE,Noncarry,,,,,
4571501174140,174140,MILLEFEE MEOW PAWS EYESHADOW PALETTE 04,MILLEFEE,Noncarry,,,,,
8801046355954,355954,AGE 20'S JERICHO ROSE ESSENCE COVER PACT TRIPLE ROSE,AGE 20'S,Noncarry,,,,,
4971825016742,016742,DEONATULLE SOFT STONE W PINK,DEONATULLE,Sense,,,,,
8809640730559,730559,ANUA HEARTLEAF 77 CLEAR PAD,ANUA,Active,,,,,
8809625243340,243340,ROMAND BETTER THAN PALETTE 05 SHADE & SHADOW GARDEN,ROMAND,,,,ROMAND-RIGHT-R2-P1,,
8809625240271,240271,ROMAND JUICY LASTING TINT 06 FIGFIG,ROMAND,Active,,,ROMAND-LEFT-R2-P3,,
8809625240288,240288,ROMAND JUICY LASTING TINT 07 JUJUBE,ROMAND,Active,,,ROMAND-LEFT-R2-P3,,
8809625241148,241148,ROMAND JUICY LASTING TINT 10 NUDY PEANUT,ROMAND,Active,,,ROMAND-LEFT-R2-P3,,
8809625241155,241155,ROMAND JUICY LASTING TINT 12 CHERRY BOMB,ROMAND,,,,ROMAND-LEFT-R3-P3,,
8809625241162,241162,ROMAND JUICY LASTING TINT 13 EAT DOTORI,ROMAND,Active,,,ROMAND-LEFT-R3-P3,,
8809625241346,241346,ROMAND GLASTING WATER TINT 03 BRICK RIVER,ROMAND,,,,,,
8809625241353,241353,ROMAND GLASTING WATER TINT 04 VINTAGE OCEAN,ROMAND,,,,,,
8809625241360,241360,ROMAND GLASTING WATER TINT 05 ROSE SPLASH,ROMAND,,,,,,
8809625241612,241612,ROMAND GLASTING WATER TINT 08 ROSE STREAM,ROMAND,,,,,,
8809625246112,246112,ROMAND GLASTING MELTING BALM 04 HIPPIE BERRY,ROMAND,Active,,,ROMAND-MIDDLE-R3-P1,,
8809625246129,246129,ROMAND GLASTING MELTING BALM 05 NOUGAT SAND,ROMAND,Active,,,ROMAND-MIDDLE-R3-P1,,
8809625246136,246136,ROMAND GLASTING MELTING BALM 06 KAYA FIG,ROMAND,Active,,,ROMAND-MIDDLE-R3-P2,,
8809625246143,246143,ROMAND GLASTING MELTING BALM 07 MAUVE WHIP,ROMAND,Active,,,ROMAND-MIDDLE-R3-P2,,
8809640734359,734359,ANUA PEACH 77 NIACIN ESSENCE TONER 250ML,ANUA,Active,,,,,
8809640734342,734342,ANUA PEACH 77 NIACIN CONDITIONING MILK 150ML,ANUA,Active,,,,,
8809640730276,730276,ANUA COTTON PAD FOR TONER,ANUA,,,,,,
8809640730290,730290,ANUA HEARTLEAF 77 SOOTHING SHEET MASK 1PC,ANUA,,,,,,
8809640730658,730658,ANUA HEARTLEAF CREAM MASK NIGHT SOLUTION 1PC,ANUA,,,,,,
8809640731075,731075,ANUA BIRCH MOISTURE SHEET MASK 1PC,ANUA,,,,,,
8809640733628,733628,ANUA GREEN LEMON VITA C BLEMISH SERUM MASK 1PC,ANUA,,,,,,
8809640734021,734021,ANUA PEACH NIACIN SERUM MASK 1PC,ANUA,,,,,,
194523156778,156778,SHISEIDO ULTRA SUN PROTECTOR LOTION SPF50+,SHISEIDO CA,,,,,,
6944296205807,205807,COMFY RECOMBINANT COLLAGEN DRESSING MASK 5PCS 作废？？,COMFY,Active,,,,,
4992440037516,037516,ISHIZAWA LAB KEANA RICE CLEANSING OIL,ISHIZAWA,,,,,,
6976416411942,411942,AMORTALS TIETIE POWDER PUFF SET,AMORTALS,Order,,,,,
6976416411065,411065,AMORTALS BLACK POWDER PUFF SET,AMORTALS,Order,,,,,
6972507568663,568663,AMORTALS PLUS 100 POWDER PUFF SET,AMORTALS,Order,,,,,
6972507565884,565884,AMORTALS NEBULA POWDER PUFF SET LARGE,AMORTALS,Order,,,,,
6972507565891,565891,AMORTALS NEBULA POWDER PUFF SET SMALL,AMORTALS,Order,,,,,
6972507562111,562111,AMORTALS SILKY LIGHT BEAUTY POWDER PUFF,AMORTALS,Order,,,,,
6972507568168,568168,AMORTALS CURLING EYELASH CURLER,AMORTALS,Order,,,,,
6976416411805,411805,AMORTALS REAL 3D FALSE EYELASHES R01 WITH GLUE AND TWEEZER,AMORTALS,Order,,,,,
6976416411812,411812,AMORTALS REAL 3D FALSE EYELASHES R02 WITH GLUE AND TWEEZER,AMORTALS,Order,,,,,
6972507568144,568144,AMORTALS CONCEALER BRUSH 102,AMORTALS,Order,,,,,
6973079901698,901698,AMORTALS HD SILK MIST LOOSE POWDER 102,AMORTALS,Order,,,,,
6973079901704,901704,AMORTALS HD SILK MIST LOOSE POWDER 103,AMORTALS,Order,,,,,
6973079901728,901728,AMORTALS HD SILK MIST LOOSE POWDER 104,AMORTALS,Order,,,,,
6931611321090,321090,AMORTALS THREE-COLOR CONCEALER PALETTE 01,AMORTALS,Order,,,,,
6931611321106,321106,AMORTALS THREE-COLOR CONCEALER PALETTE 02,AMORTALS,Order,,,,,
6953710816581,816581,AMORTALS FEATHER-LIKE MASCARA 01 BLACK,AMORTALS,Order,,,,,
6976416410150,410150,AMORTALS FALSE EYELASHES TWEEZER,AMORTALS,Order,,,,,
8809864769038,769038,WAKEMAKE SOFT BLURRING EYE PALLET AD 03 SUNSET,WAKEMAKE,Order,,,,,
8809864769045,769045,WAKEMAKE SOFT BLURRING EYE PALLET AD 04 LAVENDER,WAKEMAKE,Order,,,,,
8809506704137,704137,WAKEMAKE DEWY GEL GLOW TINT 03 CHILL UP CORAL,WAKEMAKE,Order,,,,,
8809506704151,704151,WAKEMAKE DEWY GEL GLOW TINT 05 SENSUAL RED,WAKEMAKE,Order,,,,,
8809506704175,704175,WAKEMAKE DEWY GEL GLOW TINT 07 FIG FILLING,WAKEMAKE,Order,,,,,
8809506704168,704168,WAKEMAKE DEWY GEL GLOW TINT 06 PEONY FIZZ,WAKEMAKE,Order,,,,,
8809506704182,704182,WAKEMAKE DEWY GEL GLOW TINT 08 COOLISH CHERRY,WAKEMAKE,Order,,,,,
8809506704793,704793,WAKEMAKE DEWY GEL GLOW TINT 12,WAKEMAKE,Order,,,,,
8809640733055,733055,ANUA GREEN LEMON VITA C SERUM 注意易碎,ANUA,Active,,,,,
6970182943058,943058,AMORTALS CURLING LASH PRIMER,AMORTALS,Order,,,,,
8809663576387,576387,CHASIN RABBITS ALL ABOUT GLOW TONEUP CREAM,CHASIN RABBITS,Active,,,,,
AXXZIAPAPERDISPLAY,ISPLAY,AXXZIA PAPER DISPLAY,AXXZIA,,,,,,
AXXZIAACRYLICSIGNBOARD,NBOARD,AXXZIA ACRYLIC SIGNBOARD,AXXZIA,,,,,,
4560413153046,153046,TESTER-AXXZIA EYES ZONE CREAM,AXXZIA,,,,,,
4560413153800,153800,TESTER-AXXZIA MAKE-UP REMOVER,AXXZIA,,,,,,
4560413153817,153817,TESTER-AXXZIA FACE WASH,AXXZIA,,,,,,
4560413153824,153824,TESTER-AXXZIA SKIN CARE MILD LOTION,AXXZIA,,,,,,
4560413153831,153831,TESTER-AXXZIA SKIN CARE MOIST LOTION,AXXZIA,,,,,,
4560413153848,153848,TESTER-AXXZIA SKIN CARE EMULSION,AXXZIA,,,,,,
4560413153855,153855,TESTER-AXXZIA SKIN CARE CREAM,AXXZIA,,,,,,
4560413153879,153879,TESTER-AXXZIA SKIN CARE ESSENCE,AXXZIA,,,,,,
6973391734431,734431,INTO YOU MATTE LIP & CHEEK BARREL MUD T01,INTO YOU,Order,,,,,
8809640734526,734526,ANUA NIACINAMIDE10 TXA 4 SERUM 30ML,ANUA,Active,,,,,
8809576260700,260700,SKIN1004 MADAGASCAR CENTELLA HYALU-CICA TONER 210ML,SKIN1004,Active,,,,,
8809576260717,260717,SKIN1004 MADAGASCAR CENTELLA HYALU-CICA BLUE SERUM 50ML,SKIN1004,Active,,,,,
8809576260724,260724,SKIN1004 MADAGASCAR CENTELLA HYALU-CICA SLEEPING PACK 100ML,SKIN1004,Active,,,,,
8809576261165,261165,SKIN1004 MADAGASCAR CENTELLA TONE BOOSTING TONER 210ML,SKIN1004,Active,,,,,
8809576261172,261172,SKIN1004 MADAGASCAR CENTELLA TONE CAPSULE AMPOULE 100ML,SKIN1004,Active,,,,,
8809576261189,261189,SKIN1004 MADAGASCAR CENTELLA TONE CLEANSING GEL FOAM 125ML,SKIN1004,Active,,,,,
8809576261455,261455,SKIN1004 MADAGASCAR CENTELLA POREMIZING CLEAR TONER 210ML,SKIN1004,Active,,,,,
8809576261462,261462,SKIN1004 MADAGASCAR CENTELLA POREMIZING FRESH AMPOULE 100ML,SKIN1004,Active,,,,,
8809576261486,261486,SKIN1004 MADAGASCAR CENTELLA HYALU-CICA FIRST AMPOULE 100ML,SKIN1004,Active,,,,,
8809576261493,261493,SKIN1004 MADAGASCAR CENTELLA HYALU-CICA MOISTURE CREAM 75ML,SKIN1004,Active,,,,,
8809576261646,261646,SKIN1004 MADAGASCAR CENTELLA POREMIZING LIGHT GEL CREAM 75ML,SKIN1004,Active,,,,,
8809576261615,261615,SKIN1004 MADAGASCAR CENTELLA TONE CAPSULE CREAM 75ML,SKIN1004,Active,,,,,
8809625243708,243708,ROMAND JUICY LASTING TINT 23 NUCADAMIA,ROMAND,Active,,,ROMAND-LEFT-R3-P3,,
8809625243715,243715,ROMAND JUICY LASTING TINT 24 PEELING ANGDOO,ROMAND,Active,,,ROMAND-LEFT-R3-P3,,
8809625245498,245498,ROMAND JUICY LASTING TINT 28 BARE FIG,ROMAND,Active,,,ROMAND-LEFT-R3-P3,,
8809625245504,245504,ROMAND JUICY LASTING TINT 29 PAPAYA JAM,ROMAND,Noncarry,,,ROMAND-LEFT-R3-P3,,
4550516483690,483690,SHISEIDO TSUBAKI PREMIUM COOL AND REPAIR PUMP PAIR SET 490ML,SHISEIDO,,,,,,
4589546890925,890925,VICREA &HONEY DEEP MOISTURE HAIR PACK 1.5,VICREA,Order,,,,,
4589546891519,891519,VICREA &HONEY EX DEEP MOIST HAIR OIL 3.0 100ML,VICREA,Active,,,,,
4589546893292,893292,VICREA &HONEY MELTY MOIST RICH HAIR OIL 3.0 100ML,VICREA,Order,,,,,
4589546893896,893896,VICREA &HONEY CREAMY EX DAMAGE REPAIR HAIR PACK 1.5 130G,VICREA,Order,,,,,
4589546896477,896477,VICREA &HONEY CINNAMOROLL MELTY LIMITED PAIR SET,VICREA,,,,,,
4589546896484,896484,VICREA &HONEY CINNAMOROLL MELTY LIMITED HAIR OIL 3.0 100ML,VICREA,Order,,,,,
4902111775425,775425,LUX SUPER RICH SHINE DAMAGE REPAIR PUMP PAIR SET,LUX,Active,,,,,
4902111775432,775432,LUX SUPER RICH SHINE MOISTURE PUMP PAIR SET,LUX,Active,,,,,
4902111775449,775449,LUX SUPER RICH SHINE STRAIGHT BEAUTY PUMP PAIR SET,LUX,Active,,,,,
4971710576214,576214,KOSE SOFTYMO SPEEDY CLEANSING OIL 240ml,KOSE,Active,,,,,
4971710576238,576238,KOSE SOFTYMO DEEP CLEANSING OIL 240ML,KOSE,Active,,,,,
8809640731181,731181,ANUA BIRCH 70 MOISTURE BOOSTING SERUM 30ml,ANUA,Active,,,,,
8809640731198,731198,[OUTDATED] ANUA BIRCH 70 MOISTURE BOOSTING CREAM 50ml,ANUA,,,,,,
4571501172894,172894,LIFESTYLE COLORROSE QUEEN'S CAMEO LIPSTICK 05 ALIC,COLORROSE,Active,,,,,
4571501172900,172900,LIFESTYLE COLORROSE QUEEN'S CAMEO LIPSTICK 06 GRACE,COLORROSE,Active,,,,,
4571501172917,172917,LIFESTYLE COLORROSE QUEEN'S CAMEO LIPSTICK 07 BIANCA,COLORROSE,Active,,,,,
4571501172924,172924,LIFESTYLE COLORROSE QUEEN'S CAMEO LIPSTICK 08 FLORENCE,COLORROSE,Active,,,,,
4571501172931,172931,LIFESTYLE COLORROSE QUEEN'S CAMEO LIPSTICK 09 CAMILA,COLORROSE,Active,,,,,
4571501172948,172948,LIFESTYLE COLORROSE QUEEN'S CAMEO LIPSTICK 10 AMELIA,COLORROSE,Active,,,,,
4571501173594,173594,MILLEFEE LADY FLOWER MULTI-USE PALETTE 01 LILLY,MILLEFEE,Active,,,,,
4571501173600,173600,MILLEFEE LADY FLOWER MULTI-USE PALETTE 02 IRIS,MILLEFEE,Active,,,,,
4571501173617,173617,MILLEFEE LADY FLOWER MULTI-USE PALETTE 03 ROSE,MILLEFEE,Active,,,,,
4571501174676,174676,MILLEFEE MY KITTY EYESHADOW PALETTE 01 EXOTIC SHORTHAIR,MILLEFEE,,,,MILLEFEE-R2-P2,,
4571501174683,174683,MILLEFEE MY KITTY EYESHADOW PALETTE 02 RAGDOLL,MILLEFEE,,,,MILLEFEE-R2-P2,,
4571501174690,174690,MILLEFEE MY KITTY EYESHADOW PALETTE 03 CALICO,MILLEFEE,,,,MILLEFEE-R2-P2,,
4571501174706,174706,MILLEFEE MY KITTY EYESHADOW PALETTE 04 MINUE,MILLEFEE,,,,MILLEFEE-R2-P2,,
8809576261110,261110,SKIN1004 MADAGASCAR CENTELLA LIGHT CLEANSING OIL 200ML,SKIN1004,Order,,,,,
8809576261127,261127,SKIN1004 MADAGASCAR CENTELLA AMPOULE FOAM 125ML,SKIN1004,Order,,,,,
8809576261141,261141,SKIN1004 MADAGASCAR CENTELLA TONING TONER 210ML,SKIN1004,Order,,,,,
8809576261387,261387,SKIN1004 MADAGASCAR CENTELLA QUICK CALMING PAD 70 PADS,SKIN1004,Order,,,,,
8809576261653,261653,SKIN1004 MADAGASCAR CENTELLA POREMIZING DEEP CLEANSING FOAM,SKIN1004,Order,,,,,
8809576260441,260441,SKIN1004 MADAGASCAR CENTELLA CREAM 75ML,SKIN1004,Order,,,,,
8809576260663,260663,SKIN1004 MADAGASCAR CENTELLA AMPOULE 100ML,SKIN1004,Order,,,,,
8809576261660,261660,SKIN1004 MADAGASCAR CENTELLA TEA-TRICA PURIFYING TONER 210ML,SKIN1004,Active,,,,,
8809576261677,261677,SKIN1004 MADAGASCAR CENTELLA TEA-TRICA AMPOULE 100ML,SKIN1004,Active,,,,,
8809576261714,261714,SKIN1004 MADAGASCAR CENTELLA TEA-TRICA BHA FOAM 125ML,SKIN1004,Order,,,,,
8809576261738,261738,SKIN1004 MADAGASCAR CENTELLA PROBIO-CICA ESSENCE TONER 210ML,SKIN1004,Order,,,,,
8809576261769,261769,SKIN1004 MADAGASCAR CENTELLA PROBIO-CICA ENRICH CREAM 50ML,SKIN1004,Order,,,,,
8809576260502,260502,SKIN1004 MADAGASCAR CENTELLA WATERGEL SHEET AMPOULE MASK 25ML X 5EA,SKIN1004,Order,,,,,
8809576260601,260601,SKIN1004 MADAGASCAR CENTELLA AMPOULE 55ML,SKIN1004,Order,,,,,
8809576261691,261691,SKIN1004 SPOT COVER PATCH,SKIN1004,Order,,,,,
8809576261752,261752,SKIN1004 MADAGASCAR CENTELLA PROBIO-CICA INTENSIVE AMPOULE 50ML,SKIN1004,Active,,,,,
6973391732062,732062,INTO YOU CONDENSED FOG LIP MATT C03,INTO YOU,,,,,,
88094164700168809598452657,452657,COSRX ADVANCED SNAIL 92 ALL IN ONE CREAM,COSRX,Active,,,,,
8809598451070,451070,COSRX ADVANCED SNAIL PEPTIDE EYE CREAM,COSRX,Order,,,,,
4582521687831,687831,BOTANIST SMOOTH HAIR SHAMPOO ICED PEACH TEA,BOTANIST,Active,,,,,
4582521687848,687848,BOTANIST SMOOTH HAIR TREATMENT ICED PEACH TEA,BOTANIST,Active,,,,,
4582521687855,687855,BOTANIST DAMAGE CARE HAIR SHAMPOO ICED PEACH TEA,BOTANIST,Active,,,,,
4582521687862,687862,BOTANIST DAMAGE CARE HAIR TREATMENT ICED PEACH TEA,BOTANIST,Active,,,,,
4582521687893,687893,BOTANIST DAMAGE CARE HAIR OIL ICED PEACH TEA,BOTANIST,,,,,,
4582521687909,687909,BOTANIST DAMAGE CARE HAIR MILK ICED PEACH TEA,BOTANIST,,,,,,
4582521687916,687916,BOTANIST MOIST BODY SOAP ICED PEACH TEA,BOTANIST,,,,,,
4582521687923,687923,BOTANIST CLEAR CLEANSE BODY SOAP ICED PEACH TEA,BOTANIST,,,,,,
4901417162670,162670,KRACIE NAIVE BODY WASH DORAEMON,KRACIE,,,,,,
4901417162694,162694,KRACIE NAIVE FOAMING BODY WASH DORAEMON,KRACIE,,,,,,
4971710318159,318159,KOSE SOFTYMO SUPER POINT MAKEUP REMOVER SLOWPOKE DISPALY,KOSE,,,,,,
8809759907545,907545,BANILA CO CLEAN IT ZERO CLEANSING BALM ORIGINAL 100ml,BANILA,Active,,,,,
4571501171613,171613,MILLEFEE TEAR EYEBAG PENCIL LINER 042 SHINE SHELL PINK,MILLEFEE,,,,MILLEFEE-R2-P2,,
4571501173549,173549,MILLEFEE TEARS EYEBAG PENCIL LINER 043 SHINE SUGAR VANILLA,MILLEFEE,Order,,,MILLEFEE-R2-P2,,
4571501174331,174331,MILLEFEE METAL BRUSH MASCARA 04 BLUE,MILLEFEE,Order,,,MILLEFEE-R2-P3,,
4571501174461,174461,MILLEFEE MAGICAL SPEEDY MASCARA REMOVER,MILLEFEE,Order,,,,,
4571501173020,173020,MILLEFEE GLOW LIPS 01 GLEAMING FIG,MILLEFEE,Order,,,MILLEFEE-R2-P3,,
4571501173037,173037,MILLEFEE GLOW LIPS 02 DRAMATIC BERRY,MILLEFEE,Order,,,MILLEFEE-R2-P3,,
4571501173044,173044,MILLEFEE GLOW LIPS 03 MODERN RED,MILLEFEE,Order,,,MILLEFEE-R2-P3,,
4571501173051,173051,MILLEFEE GLOW LIPS 04 DUSTY ROSE,MILLEFEE,Order,,,MILLEFEE-R2-P3,,
4571501173068,173068,MILLEFEE GLOW LIPS 05 BITTER TANGERINE,MILLEFEE,Order,,,MILLEFEE-R2-P3,,
4571501173075,173075,MILLEFEE GLOW LIPS 06 BABY PINK,MILLEFEE,Order,,,,,
4571501173778,173778,MILLEFEE MULTI FIT SPONGE,MILLEFEE,Order,,,,,
4571501173792,173792,MILLEFEE MARSHMALLOW FIT PUFF,MILLEFEE,,,,,,
4571501174362,174362,MILLEFEE CINDERELLA POWDERED SETTING MIST SPRAY,MILLEFEE,Order,,,,,
4571501174867,174867,MILLEFEE GLAMOROUS LIP PLUMPER 01 CLEAR BLOSSOM,MILLEFEE,Order,,,MILLEFEE-R2-P3,,
4571501174874,174874,MILLEFEE GLAMOROUS LIP PLUMPER 02 HONEY APRICOT,MILLEFEE,Order,,,MILLEFEE-R2-P3,,
4571501174881,174881,MILLEFEE GLAMOROUS LIP PLUMPER 03 DREAMY PINK,MILLEFEE,Order,,,MILLEFEE-R2-P3,,
4571501174898,174898,MILLEFEE GLAMOROUS LIP PLUMPER 04 CRYSTAL CASSIS,MILLEFEE,Order,,,MILLEFEE-R2-P3,,
4571501174904,174904,MILLEFEE GLAMOROUS LIP PLUMPER 05 ROMANTIC BROWN,MILLEFEE,Order,,,MILLEFEE-R2-P3,,
4571501174768,174768,MILLEFEE AIRY BROW MOUSSE 01 LIGHT BEIGE,MILLEFEE,Order,,,,,
4571501174775,174775,MILLEFEE AIRY BROW MOUSSE 02 MOCHA BROWN,MILLEFEE,Order,,,,,
4571501174782,174782,MILLEFEE AIRY BROW MOUSSE 03 MAUVE PINK,MILLEFEE,Order,,,,,
4571501175147,175147,MILLEFEE BABY PUFF,MILLEFEE,Order,,,,,
1210001216891,216891,DR. JART VITAL HYDRA SOLUTION SHEET MASK 5PCS NEW,DR. JART+,Order,,,,,
1210001216914,216914,DR. JART SOOTHING HYDRA SOLUTION MASK 5PCS NEW,DR.JART+,Order,,,,,
4571501175024,175024,MILLEFEE PAINTING EYESHADOW PALETTE 12 PORTRAIT OF JEANNE SAMARY,MILLEFEE,Active,,,MILLEFEE-R2-P1,,
4571501175031,175031,MILLEFEE PAINTING EYESHADOW PALETTE 13 GIRL WITH A PEARL EARRING,MILLEFEE,Active,,,MILLEFEE-R2-P1,,
4571501173945,173945,MILLEFEE FAIRY ROUGE LIPSTICK 01 WILD,MILLEFEE,Order,,,MILLEFEE-R1-P3,,
4571501173952,173952,MILLEFEE FAIRY ROUGE LIPSTICK 02 FANTASY,MILLEFEE,Order,,,MILLEFEE-R1-P3,,
4571501173969,173969,MILLEFEE FAIRY ROUGE LIPSTICK 03 BLISS,MILLEFEE,Order,,,MILLEFEE-R1-P3,,
4571501173976,173976,MILLEFEE FAIRY ROUGE LIPSTICK 04 ALLURE,MILLEFEE,Order,,,MILLEFEE-R1-P3,,
4571501173983,173983,MILLEFEE FAIRY ROUGE LIPSTICK 05 MYSTIQUE,MILLEFEE,Order,,,MILLEFEE-R1-P3,,
4571501173990,173990,MILLEFEE FAIRY ROUGE LIPSTICK 06 DREAMSCAPE,MILLEFEE,Order,,,,,
4571501174300,174300,MILLEFEE RADIANT CUSHION FOUNDATION BE10,MILLEFEE,Order,,,MILLEFEE-R1-P2,,
4571501174317,174317,MILLEFEE RADIANT CUSHION FOUNDATION BE20,MILLEFEE,,,,MILLEFEE-R1-P2,,
4571501174324,174324,MILLEFEE RADIANT CUSHION FOUNDATION BE30,MILLEFEE,,,,MILLEFEE-R1-P2,,
4571501174799,174799,MILLEFEE PERFECT CONTOUR PALETTE 01 WARM TONE,MILLEFEE,Order,,,MILLEFEE-R2-P3,,
4571501174805,174805,MILLEFEE PERFECT CONTOUR PALETTE 02 COOL TONE,MILLEFEE,Order,,,MILLEFEE-R2-P3,,
4571501173112,173112,DISPLAY - LIFESTYLE COLORROSE QUEEN'S CAMEO LIPSTICK,COLOR ROSE,,,,,,
4571501173631,173631,DISPLAY - MILLEFEE SECRET CONCEALER PALETTE,MILLEFEE,,,,,,
4571501172405,172405,DISPLAY - MILLEFEE TEAR EYEBAG PENCIL LINER,MILLEFEE,,,,,,
4571501172269,172269,DISPLAY - MILLEFEE ANGEL GRADATION BLUSHES 01-03,MILLEFEE,,,,,,
4571501173099,173099,DISPLAY - MILLEFEE GLOW LIPS 01-06,MILLEFEE,,,,,,
4571501174454,174454,DISPLAY - MILLEFEE MEOW PAWS EYESHADOW PALETTE 01-04,MILLEFEE,,,,,,
4571501175987,175987,DISPLAY - MILLEFEE PAINTING EYESHADOW PALETTE 10-13,MILLEFEE,,,,,,
4571501171552,171552,DISPLAY - MILLEFEE PAINTING EYESHADOW PALETTE 1-4,MILLEFEE,,,,,,
4571501172979,172979,DISPLAY - MILLEFEE PAINTING EYESHADOW PALETTE 8-11,MILLEFEE,,,,,,
4571501174379,174379,"DISPLAY - MILLEFEE METAL BRUSH MASCARA 01,02,04 REMOVER",MILLEFEE,,,,,,
4571501172887,172887,DISPLAY - MILLEFEE METAL BRUSH MASCARA 01-03,MILLEFEE,,,,,,
4571501174416,174416,DISPLAY - MILLEFEE FAIRY ROUGE LIPSTICK 01-06,MILLEFEE,,,,,,
4571501174829,174829,DISPLAY - MILLEFEE RADIANT SERUM-IN CUSHION FOUNDATION 01-03,MILLEFEE,,,,,,
4571501175185,175185,DISPLAY - MILLEFEE PERFECT CONTOUR PALETTE 01-02 & BABY PUFF,MILLEFEE,,,,,,
4571501175161,175161,DISPLAY - MILLEFEE GLAMOROUS LIP PLUMPER 01-06,MILLEFEE,,,,,,
4571501174942,174942,DISPLAY - MILLEFEE CINDERELLA POWDERED SETTING MIST SPRAY COUNTER,MILLEFEE,,,,,,
4571501175062,175062,DISPLAY - MILLEFEE MY KITTY EYESHADOW PALETTE 01-04,MILLEFEE,,,,,,
4571501173624,173624,DISPLAY - MILLEFEE LADY FLOWER PALETTE 01-03,MILLEFEE,,,,,,
4571501175093,175093,DISPLAY - MILLEFEE AIRY BROW MOUSSE 01-03,MILLEFEE,,,,,,
4891450001323,001323,DISPLAY - INTO U AIRY BLUSH A01-A05,INTO U,,,,,,
4891450001248,001248,DISPLAY - INTO U ESPRESSO LIP MATTE ES01-ES05,INTO U,,,,,,
4891450001330,001330,DISPLAY - INTO U FEATHER MATTE LIP S01-S06,INTO U,,,,,,
4891450001224,001224,DISPLAY - INTO U TASTING LIFE EYESHADOW PALETTE,INTO U,,,,,,
4891450001200,001200,DISPLAY - INTO U AIRY LIP MUD W01 03 04 05 C4 5 N1 4,INTO U,,,,,,
4891450001293,001293,DISPLAY - INTO U SUPER MATTE LIP & CHEEK MUD EM525,INTO U,,,,,,
4891450001309,001309,DISPLAY - INTO U SUPER MATTE LIP & CHEEK MUD EM19,INTO U,,,,,,
4891450001217,001217,DISPLAY - INTO U CONDENSED FOG GRIP C01 02 04 07 08,INTO U,,,,,,
4891450001354,001354,DISPLAY - INTO U WATER REFLECTING LIP TINT R01-R06,INTO U,,,,,,
8809598452053,452053,COSRX ADVANCED SNAIL RADIANCE DUAL ESSENCE,COSRX,Active,,,,,
8809598452336,452336,COSRX FULL FIT PROPOLIS HONEY OVERNIGHT MASK,COSRX,Active,,,,,
4987205080708,080708,HOYU BIGEN HAIR COLOR BROWN BLACK 7G,HOYU,Active,,,ROMAND-LEFT-R3-P2,,
4987205080609,080609,HOYU BIGEN HAIR COLOR BROWN 6G,HOYU,Active,,,,,
4987205080500,080500,HOYU BIGEN HAIR COLOR DEEP CHESTNUT 5G,HOYU,Active,,,,,
4987205080401,080401,HOYU BIGEN HAIR COLOR CHESTNUT 4G,HOYU,Active,,,,,
4891450001279,001279,DISPLAY - INTO U SUPER MAT LIP & CHUEEK MUD EM05 07 08 09 10 11 24 525,INTO U,,,,,,
4891450001262,001262,DISPLAY - INTO U JUICY PUMPING GLOSS WG01 02 04 05 06,INTO U,,,,,,
4891450001194,001194,DISPLAY - INTO U CUSTOMIZED AIRY LIP MUD C4 5 N1 4 W1 3 4 5,INTO U,,,,,,
8809685751328,751328,RYO DAMAGE CARE SHAMPOO RED SHAMPOO&CONDITIONER SET,,,,,,,
8809685753568,753568,RYO DEEP CLEAN SHAMPOO GREEN SHAMPOO&CONDITIONER SET,,,,,,,
8809685753483,753483,RYO SCALP CARE SHAMPOO BROWB SHAMPOO&CONDITIONER SET,,,,,,,
4571501173754,173754,DISPLAY - MILLEFEE TEAR EYEBAG PENCIL LINER 042 043,MILLEFEE,,,,,,
4571501172733,172733,DISPLAY - MILLEFEE STELLA GLITTER LINER,MILLEFEE,,,,,,
6971037525429,525429,DAMAH DARK MAGIC DISPOSABLE FACIAL TOWEL 72 PCS 2024,DAMAH,Active,,,,,
4971710582024,582024,KOSE BIOLISS HAIR SHAMPOO AND HAIR CONDITIONER SET,KOSE,Active,,,,,
4550451254935,254935,SANRIO LIP BALM WITH MASCOT HELLO KITTY,SANRIO,,,,,,
4550451254942,254942,SANRIO LIP BALM WITH MASCOT POMPOMPURIN,SANRIO,,,,,,
4550451254959,254959,SANRIO LIP BALM WITH MASCOT HANGYODON,SANRIO,,,,,,
4550451221272,221272,SANRIO LIP BALM WITH MASCOT KUROMI,SANRIO,,,,,,
4550451221289,221289,SANRIO LIP BALM WITH MASCOT CINNAMOROLL,SANRIO,,,,,,
4550451221296,221296,SANRIO LIP BALM WITH MASCOT POCHACCO,SANRIO,,,,,,
4550451221302,221302,SANRIO LIP BALM WITH MASCOT MY MELODY,SANRIO,,,,,,
4550451239581,239581,SANRIO LIP GLOSS WITH MASCOT KUROMI,SANRIO,,,,,,
4550451239598,239598,SANRIO LIP GLOSS WITH MASCOT HELLO KITTY,SANRIO,,,,,,
4550451239604,239604,SANRIO LIP GLOSS WITH MASCOT CINNAMOROLL,SANRIO,,,,,,
4550451239611,239611,SANRIO LIP GLOSS WITH MASCOT MY MELODY,SANRIO,,,,,,
6973391730372,730372,INTO U CLEAR COSMETIC BAG,INTO U JP,,,,,,
4571501173938,173938,FCC NEEDLE SERUM C,FCC,,,,,,
4571501174713,174713,FCC NEEDLE SERUM A,FCC,,,,,,
4571501175154,175154,FCC NEEDLE SERUM CX4,FCC,,,,,,
4571501175048,175048,FCC MICRONEEDLING FACE MASK,FCC,,,,,,
4571501173198,173198,HICA FREEZE-DRIED ESSENCE MASK NIACINAMIDE 22 4 SHEETS,HiCA,,,,,,
4571501173204,173204,HICA FREEZE-DRIED ESSENCE MASK NIACINAMIDE 22 1 SHEET,HiCA,,,,,,
4571501174522,174522,HICA FREEZE-DRIED ESSENCE MASK NIACINAMIDE 15 VC 4 SHEETS,HiCA,,,,,,
4571501174539,174539,HICA FREEZE-DRIED ESSENCE MASK NIACINAMIDE 15 VC 1 SHEET,HiCA,,,,,,
4571501174928,174928,DISPLAY - HICA FREEZE-DRIED ESSENCE MASK NIACINAMIDE 22,HiCA,,,,,,
4571501174935,174935,DISPLAY - HICA FREEZE-DRIED ESSENCE MASK NIACINAMIDE 15 VC,HiCA,,,,,,
4571501176403,176403,DISPLAY - MILLEFEE MEOW PAWS EYESHADOW PALETTE 2ND,MILLEFEE,,,,,,
4571501174171,174171,DISPLAY - MILLEFEE MAKEUP BRUSH SET,MILLEFEE,,,,,,
4571501175826,175826,DISPLAY - MILLEFEE PAINTING EYESHADOW 4 SKUS VERSION,MILLEFEE,,,,,,
4571501175109,175109,MILLEFEE PAINTING EYESHADOW PALETTE 04 PARASOL WOMAN MY MELODY COLLABORATION,MILLEFEE,,,,MILLEFEE-R1-P1,,
4571501175116,175116,MILLEFEE PAINTING EYESHADOW PALETTE 05 MONET'S GARDEN POMPOMPURIN COLLABORATION,MILLEFEE,,,,,,
4571501175123,175123,MILLEFEE PAINTING EYESHADOW PALETTE 08 THE STARRY NIGHT CINNAMOROLL COLLABORATION,MILLEFEE,,,,MILLEFEE-R2-P1,,
4571501173419,173419,EU/US MILLEFEE PAINTING EYESHADOW PALETTE 04 PARASOL WOMAN,MILLEFEE,,,,,,
4571501173433,173433,EU/US MILLEFEE PAINTING EYESHADOW PALETTE 05 MONET'S GARDEN,MILLEFEE,,,,,,
4571501173440,173440,EU/US MILLEFEE PAINTING EYESHADOW PALETTE 06 WATER LILIES,MILLEFEE,,,,,,
4571501176007,176007,EU/US MILLEFEE PAINTING EYESHADOW PALETTE 08 THE STARRY NIGHT,MILLEFEE,,,,,,
4571501176014,176014,EU/US MILLEFEE PAINTING EYESHADOW PALETTE 08 THE STARRY NIGHT,MILLEFEE,,,,,,
4571501176021,176021,EU/US MILLEFEE PAINTING EYESHADOW PALETTE 11 SUNFLOWERS,MILLEFEE,,,,,,
4571501171385,171385,MILLEFEE SPARKLE LIQUID EYES L02 STAY GOLD,MILLEFEE,,,,,,
4987316042145,042145,SATO STONA COOLING GEL PAD,SATO,,,,,,
349873018157,018157,SATO KENZEN HOT PADS,SATO,,,,,,
349873018133,018133,SATO KENZEN COOL PADS,SATO,,,,,,
349873018409,018409,SATO KENZEN COOL LOTION,SATO,,,,,,
349873338019,338019,SATO DEMAX A TOOTHPASTE,SATO,,,,,,
349873338033,338033,SATO DEMAX A WHITE TOOTHPASTE,SATO,,,,,,
349873921525,921525,SATO YUNKER ENERGY & HEALTH DRINK,SATO,,,,,,
69385823739676973391737777,737777,INTO YOU SHERO SUPER MATTE LIP CHEEK MUD EM02,INTO YOU,,,,,,
8500604972616973391735759,735759,INTO YOU JUICY PUMPING GLOSS LIP WG01,INTO YOU,,,,INTOYOU-LEFT-R1-P3,,
8500604972786973391735766,735766,INTO YOU JUICY PUMPING GLOSS LIP WG02,INTO YOU,,,,INTOYOU-LEFT-R1-P3,,
8500604972856973391735773,735773,INTO YOU JUICY PUMPING GLOSS LIP WG03,INTO YOU,,,,,,
8500604972926973391735780,735780,INTO YOU JUICY PUMPING GLOSS LIP WG04,INTO YOU,,,,INTOYOU-LEFT-R1-P3,,
8500604973086973391735797,735797,INTO YOU JUICY PUMPING GLOSS LIP WG05,INTO YOU,,,,INTOYOU-LEFT-R1-P3,,
8500604973156973391735803,735803,INTO YOU JUICY PUMPING GLOSS LIP WG06,INTO YOU,,,,INTOYOU-LEFT-R1-P3,,
6973391735452,735452,INTO YOU MATTE LIPSTICK ML09,INTO YOU,,,,,,
6973391735469,735469,INTO YOU MATTE LIPSTICK ML10,INTO YOU,,,,,,
6973391735476,735476,INTO YOU MATTE LIPSTICK ML11,INTO YOU,,,,,,
6973391735483,735483,INTO YOU MATTE LIPSTICK ML12,INTO YOU,,,,,,
6973391735940,735940,INTO YOU GLOW LIPSTICK GL01,INTO YOU,,,,,,
6973391735957,735957,INTO YOU GLOW LIPSTICK GL02,INTO YOU,,,,,,
6973391735964,735964,INTO YOU GLOW LIPSTICK GL03,INTO YOU,,,,,,
6973391735971,735971,INTO YOU GLOW LIPSTICK GL04,INTO YOU,,,,INTOYOU-LEFT-R2-P1,,
6973391735988,735988,INTO YOU GLOW LIPSTICK GL05,INTO YOU,,,,,,
6973391735995,735995,INTO YOU GLOW LIPSTICK GL06,INTO YOU,,,,,,
6973391736008,736008,INTO YOU GLOW LIPSTICK GL07,INTO YOU,,,,,,
6973391736015,736015,INTO YOU GLOW LIPSTICK GL08,INTO YOU,,,,,,
6976245299650,299650,INTO YOU CLEAN MAKEUP MULTI STICK MS01,INTO YOU,,,,,,
6976245299667,299667,INTO YOU CLEAN MAKEUP MULTI STICK MS02,INTO YOU,,,,,,
6976245299674,299674,INTO YOU CLEAN MAKEUP MULTI STICK MS03,INTO YOU,,,,,,
6976245299681,299681,INTO YOU CLEAN MAKEUP MULTI STICK MS04,INTO YOU,,,,,,
6976245299698,299698,INTO YOU CLEAN MAKEUP MULTI STICK CMS01,INTO YOU,,,,,,
6973391736305,736305,INTO YOU VELVET MATTE LIPSTICK VT01,INTO YOU,,,,,,
6973391736312,736312,INTO YOU VELVET MATTE LIPSTICK VT02,INTO YOU,,,,INTOYOU-LEFT-R1-P3,,
6973391736329,736329,INTO YOU VELVET MATTE LIPSTICK VT03,INTO YOU,,,,INTOYOU-LEFT-R1-P3,,
6973391736336,736336,INTO YOU VELVET MATTE LIPSTICK VT04,INTO YOU,,,,,,
6973391736343,736343,INTO YOU VELVET MATTE LIPSTICK VT05,INTO YOU,,,,,,
6973391736350,736350,INTO YOU VELVET MATTE LIPSTICK VT06,INTO YOU,,,,,,
6973391736367,736367,INTO YOU GLAZE MIRROR LIPSTICK GW01,INTO YOU,,,,,,
6973391736374,736374,INTO YOU GLAZE MIRROR LIPSTICK GW02,INTO YOU,,,,INTOYOU-RIGHT-R2-P1,,
6973391736381,736381,INTO YOU GLAZE MIRROR LIPSTICK GW03,INTO YOU,,,,INTOYOU-RIGHT-R2-P1,,
6973391736398,736398,INTO YOU GLAZE MIRROR LIPSTICK GW04,INTO YOU,,,,,,
6973391736404,736404,INTO YOU GLAZE MIRROR LIPSTICK GW05,INTO YOU,,,,INTOYOU-RIGHT-R2-P1,,
6973391736411,736411,INTO YOU GLAZE MIRROR LIPSTICK GW06,INTO YOU,,,,,,
4550516484666,484666,SHISEIDO TSUBAKI PREMIUM EX INTENSIVE SHAMPOO CONDITIONER SET,SHISEIDO,,,,,,
4901417788054,788054,KRACIE ICHIKAMI SMOOTHING SHAMPOO CONDITIONER SET,KRACIE,,,,,,
4901417788061,788061,KRACIE ICHIKAMI MOISTURIZING CARE SHAMPOO CONDITIONER SET,KRACIE,,,,,,
4901417788078,788078,KRACIE ICHIKAMI BASE CARE SHAMPOO CONDITIONER SET,KRACIE,,,,,,
4901301440846,440846,KAO MERIT KIDS HAIR SHAMPOO CONDITIONER SET,KAO,,,,,,
6975542270010,270010,LELA LADYBRO B2 EDITION DIFFUSER 200ML,LELA LADYBRO,Active,,,,,
6975542270027,270027,LELA LADYBRO DIFFUSER WHITE TEA 200ML,LELA LADYBRO,Active,,,,,
6975542270218,270218,LELA LADYBRO DIFFUSER SHARING PACK 50ML,LELA LADYBRO,,,,,,
6975542270126,270126,LELA LADYBRO DIFFUSER PEACH 150ML,LELA LADYBRO,Active,,,,,
6975542270263,270263,LELA LADYBRO EARTH FOREST DIFFUSER 150ML,LELA LADYBRO,Active,,,,,
6975542270348,270348,LELA LADYBRO DIFFUSER OSMANTHUS OOLONG 200ML,LELA LADYBRO,Active,,,,,
6975542270324,270324,LELA LADYBRO FRAGRANCE AESTHETICS BLUE MEDITERRANEAN DIFFUSER 200ML,LELA LADYBRO,Active,,,,,
69755422703316975542270416,270416,LELA LADYBRO FRAGRANCE CANDLE 150G,LELA LADYBRO,Active,,,,,
6975542270706,270706,LELA LADYBRO FRAGRANCE CAR PENDANT EARTH FOREST AND GREEN LEAF ORANGE BLOSSOM 8ML,LELA LADYBRO,,,,,,
6975542270515,270515,LELA LADYBRO FRAGRANCE AESTHETICS WHITE TEA DIFFUSER 200ML,LELA LADYBRO,,,,,,
6975542270522,270522,LELA LADYBRO FRAGRANCE AESTHETICS PRAGUE LOVERS DIFFUSER 200ML,LELA LADYBRO,Active,,,,,
6975542270386,270386,LELA LADYBRO FRAGRANCE AESTHETICS BLUEBELL DIFFUSER 200ML,LELA LADYBRO,Active,,,,,
6975542270379,270379,LELA LADYBRO FRAGRANCE AESTHETICS LAVENDER DIFFUSER 200ML,LELA LADYBRO,Active,,,,,
6975542270409,270409,LELA LADYBRO FRAGRANCE AESTHETICS CEDARWOOD DIFFUSER 200ML,LELA LADYBRO,,,,,,
6975542270393,270393,LELA LADYBRO FRAGRANCE AESTHETICS GARDENIA DIFFUSER 200ML,LELA LADYBRO,,,,,,
6975542270362,270362,LELA LADYBRO FRAGRANCE AESTHETICS OSMANTHUS OOLONG DIFFUSER 200ML,LELA LADYBRO,Active,,,,,
6975542270355,270355,LELA LADYBRO FRAGRANCE AESTHETICS SWEET ORANGE DIFFUSER 200ML,LELA LADYBRO,Active,,,,,
6975542270317,270317,LELA LADYBRO GARDENIA DIFFUSER SHARING PACK 50ML,LELA LADYBRO,,,,,,
6975542270300,270300,LELA LADYBRO DIFFUSER GARDENIA 220ML,LELA LADYBRO,Active,,,,,
4909978215200,215200,SHISEIDO MAKEUP EYELASH CURLER,SHISEIDO,Active,,,,,
4904651124725,124725,DARIYA SALON DE PRO OIL RICH CREAM HAIR COLOR FOR GRAY HAIR 3BB BRIGHT BROWN,DARIYA,,,,,,
4904651124756,124756,DARIYA SALON DE PRO OIL RICH CREAM HAIR COLOR FOR GRAY HAIR 3NB GLOSSY BROWN,DARIYA,,,,,,
4904651124763,124763,DARIYA SALON DE PRO OIL RICH CREAM HAIR COLOR FOR GRAY HAIR 3BE PURE BEIGE,DARIYA,,,,,,
4904651124787,124787,DARIYA SALON DE PRO OIL RICH CREAM HAIR COLOR FOR GRAY HAIR 3GG CLEAR GREIGE,DARIYA,,,,,,
4904651124794,124794,DARIYA SALON DE PRO OIL RICH CREAM HAIR COLOR FOR GRAY HAIR 3MA OLIVE ASH,DARIYA,,,,,,
4904651124701,124701,DARIYA SALON DE PRO OIL RICH CREAM HAIR COLOR FOR GRAY HAIR 4PB PINK BROWN,DARIYA,,,,,,
4904651124718,124718,DARIYA SALON DE PRO OIL RICH CREAM HAIR COLOR FOR GRAY HAIR 4WB SWEET BROWN,DARIYA,,,,,,
4904651124732,124732,DARIYA SALON DE PRO OIL RICH CREAM HAIR COLOR FOR GRAY HAIR 4BB STANDARD BROWN,DARIYA,,,,,,
4904651124770,124770,DARIYA SALON DE PRO OIL RICH CREAM HAIR COLOR FOR GRAY HAIR 4BE NATURAL BEIGE,DARIYA,,,,,,
4904651124800,124800,DARIYA SALON DE PRO OIL RICH CREAM HAIR COLOR FOR GRAY HAIR 4CA NATURAL ASH,DARIYA,,,,,,
4904651124749,124749,DARIYA SALON DE PRO OIL RICH CREAM HAIR COLOR FOR GRAY HAIR 5BB STYLISH BROWN,DARIYA,,,,,,
ZJ2024091900101,900101,DISPLAY-INTO YOU CUSTOM DISPLAY 01,INTO YOU,,,,,,
ZJ2024091900102,900102,DISPLAY-INTO YOU CUSTOM DISPLAY 02,INTO YOU,,,,,,
ZJ2024091900103,900103,DISPLAY-INTO YOU CUSTOM DISPLAY 03,INTO YOU,,,,,,
ZJ2024091900104,900104,DISPLAY-INTO YOU CUSTOM DISPLAY 04,INTO YOU,,,,,,
ZJ2024091900105,900105,DISPLAY-INTO YOU CUSTOM DISPLAY 05,INTO YOU,,,,,,
ZJ2024091900106,900106,DISPLAY-INTO YOU CUSTOM DISPLAY 06,INTO YOU,,,,,,
ZJ2024091900107,900107,DISPLAY-INTO YOU CUSTOM DISPLAY 07,INTO YOU,,,,,,
ZJ2024091900108,900108,DISPLAY-INTO YOU CUSTOM DISPLAY 08,INTO YOU,,,,,,
ZJ2024091900109,900109,DISPLAY-INTO YOU CUSTOM DISPLAY 09,INTO YOU,,,,,,
ZJ2024091900110,900110,DISPLAY-INTO YOU CUSTOM DISPLAY 10,INTO YOU,,,,,,
ZJ2024091900111,900111,DISPLAY-INTO YOU CUSTOM DISPLAY 11,INTO YOU,,,,,,
ZJ2024091900112,900112,DISPLAY-INTO YOU CUSTOM DISPLAY 12,INTO YOU,,,,,,
ZJ2024091900113,900113,DISPLAY-INTO YOU CUSTOM DISPLAY 13,INTO YOU,,,,,,
4992440037592,037592,ISHIZAWA LAB KEANA BAKING SODA MIKAN FACE FOAM WASH,ISHIZAWA,,,,,,
4992440028040,028040,ISHIZAWA LAB NADESHIKO FUKU FUKIN CLOTH GIFT SET,ISHIZAWA,,,,,,
4992440029948,029948,ISHIZAWA LAB SUKOYAKA SUHADA UREA MOISTURE LOTION BIG SIZE 500ML,ISHIZAWA,,,,,,
4582300064594,064594,TADA CLAYGE HAIR SHAMPOO SR 500mL,TADA,Active,,,,,
4582300064600,064600,TADA CLAYGE HAIR TREATMENT SR 500mL,TADA,Active,,,,,
4582300065034,065034,TADA CLAYGE HAIR SHAMPOO M 500mL,TADA,Active,,,,,
4582300065041,065041,TADA CLAYGE HAIR TREATMENT M 500mL,TADA,Active,,,,,
8809326333661,333661,SOME BY MI AHA-BHA-PHA 30 DAYS MIRACLE TONER 150ml,SOME BY MI,,,,,,
8809647390121,390121,SOME BY MI GALACTOMYCES PURE VITAMIN C GLOW TONER 200ml,SOME BY MI,,,,,,
8809647390671,390671,SOME BY MI AHA-BHA-PHA 30 DAYS MIRACLE TRUECICA CLEAR PAD 70 Pads,SOME BY MI,,,,,,
8809647392750,392750,SOME BY MI BETA PANTHENOL TONER 150ml,SOME BY MI,Active,,,,,
8809525242764,242764,SOME BY MI AHA-BHA-PHA 30 DAYS MIRACLE SERUM 50ml,SOME BY MI,,,,,,
8809647391449,391449,SOME BY MI AHA-BHA-PHA 30 DAYS MIRACLE SERUM LIGHT 50ml,SOME BY MI,,,,,,
8809647393252,393252,SOME BY MI YUJA NIACIN SPOT CORRECTING STICK 10g,SOME BY MI,,,,,,
8809647393092,393092,SOME BY MI YUJA NIACIN ALL-IN-ONE CLEANSER 100ml,SOME BY MI,Active,,,,,
8809647390497,390497,SOME BY MI SNAIL TRUECICA MIRACLE REPAIR LOW pH GEL CLEANSER 100ml,SOME BY MI,,,,,,
8809647392743,392743,SOME BY MI BETA PANTHENOL GEL CLEANSER 120ml,SOME BY MI,Active,,,,,
8809647393221,393221,SOME BY MI YUJA NIACIN 30 DAYS MIRACLE TONER 150ml,SOME BY MI,Active,,,,,
8809647393078,393078,SOME BY MI YUJA NIACIN ANTI-BLEMISH SERUM 50ml,SOME BY MI,Active,,,,,
8809647393214,393214,SOME BY MI BETA PANTHENOL SERUM 30ml,SOME BY MI,Active,,,,,
8809647393238,393238,SOME BY MI YUJA NIACIN MOISTURE GEL CREAM 100ml,SOME BY MI,Active,,,,,
8809647390275,390275,SOME BY MI SNAIL TRUECICA MIRACLE REPAIR SERUM 50ml,SOME BY MI,,,,,,
8809647390114,390114,SOME BY MI GALACTOMYCES PURE VITAMIN C GLOW SERUM 30ml,SOME BY MI,,,,,,
8809326334224,334224,SOME BY MI AHA-BHA-PHA 30 DAYS MIRACLE CREAM,SOME BY MI,,,,,,
8809647390503,390503,SOME BY MI SNAIL TRUECICA MIRACLE REPAIR CREAM 60g,SOME BY MI,,,,,,
8809647393085,393085,SOME BY MI YUJA NIACIN ANTI-BLEMISH CREAM 60g,SOME BY MI,Active,,,,,
8809647392774,392774,SOME BY MI BETA PANTHENOL CREAM 50ml,SOME BY MI,Active,,,,,
8809625241971,241971,ROMAND JUICY LASTING TINT 16 CORNI SODA,ROMAND,Active,,,ROMAND-LEFT-R3-P3,,
8809625242725,242725,ROMAND JUICY LASTING TINT 19 ALMOND ROSE,ROMAND,,,,ROMAND-LEFT-R3-P3,,
8809625241322,241322,ROMAND GLASTING WATER TINT 02 RED DROP,ROMAND,,,,,,
8809625247973,247973,ROMAND GLASTING WATER TINT 15 NUDY SUNDOWN,ROMAND,,,,,,
8809625241995,241995,ROMAND BETTER THAN FINISH,ROMAND,,,,ROMAND-RIGHT-R1-P1,,
8809625246082,246082,ROMAND GLASTING MELTING BALM 01 COCO NUDE,ROMAND,Active,,,ROMAND-MIDDLE-R3-P1,,
8809625246105,246105,ROMAND GLASTING MELTING BALM 03 SORBET BALM,ROMAND,Active,,,ROMAND-MIDDLE-R3-P1,,
8809625248222,248222,ROMAND GLASTING MELTING BALM 12 VEILED ROSE,ROMAND,,,,ROMAND-MIDDLE-R3-P2,,
8809625248239,248239,ROMAND GLASTING MELTING BALM 13 SCOTCH NUDE,ROMAND,Active,,,ROMAND-MIDDLE-R3-P2,,
8809625248413,248413,ROMAND GLASTING MELTING BALM 14 DEAR APPLE,ROMAND,Active,,,ROMAND-MIDDLE-R3-P2,,
8809625248420,248420,ROMAND GLASTING MELTING BALM 15 PECAN BREW,ROMAND,Active,,,ROMAND-MIDDLE-R3-P2,,
4571501173747,173747,TESTER-MILLEFEE FAIRY MAKE UP BRUSH SET,MILLEFEE,,,,,,
4515061190516,190516,BCL VECUA HONEY TWILIGHT GINNOKUSE,BCL,,,,,,
4550516494870,494870,SHISEIDO TSUBAKI PREMIUM MOIST AND REPAIR SHAMPOO AND CONDITIONER PAIR SET 450ML,SHISEIDO,Active,,,,,
4550516494887,494887,SHISEIDO TSUBAKI VOLUME AND REPAIR SHAMPOO AND CONDITIONER PAIR SET 450ML,SHISEIDO,Active,,,,,
4901301436443,436443,KAO MEGRHYTHM STEAM EYE MASK POKEMON SLEEP UNSCENTED,KAO,Active,,,,,
4901301436467,436467,KAO MEGRHYTHM STEAM EYE MASK POKEMON SLEEP LAVENDER SCENT,KAO,Active,,,,,
4901301438683,438683,KAO MEGRHYTHM STEAM EYE MASK POKEMON SLEEP NEROLI SCENT,KAO,Active,,,,,
4901417788573,788573,KRACIE ICHIKAMI SHAMPOO AND CONDITIONER PAIR SET SMOOTHING,KRACIE,,,,,,
4901417788580,788580,KRACIE ICHIKAMI SHAMPOO AND CONDITIONER PAIR SET MOISTURIZING CARE,KRACIE,,,,,,
4901417788597,788597,KRACIE ICHIKAMI SHAMPOO AND CONDITIONER PAIR SET DAMAGE REPAIR COLOR CARE,KRACIE,,,,,,
4977369632356,632356,DAILY AROMA PEACH REED DIFFUSER 120ML,DAILY AROMA,Noncarry,,,,,
4977369632363,632363,DAILY AROMA FUJISAN GRAPE REED DIFFUSER 120ML,DAILY AROMA,Noncarry,,,,,
4987072058343,058343,KOBAYASHI SAWADAY FRAGRANT STICK SAVON WHITISHSAVON,KOBAYASHI,Active,,,,,
4901301436375,436375,KAO MEGRHYTHM STEAM EYE MASK KINMOKUSEI,KAO,,,,,,
4901301445834,445834,KAO BUB POKEMON SLEEP BATH SALTS NEROLI,KAO,Active,,,,,
4901301445827,445827,KAO BUB POKEMON SLEEP BATH SALTS LAVANDER,KAO,Active,,,,,
4901301445810,445810,KAO BUB POKEMON SLEEP BATH SALTS CHAMOMILE,KAO,Active,,,,,
4987241156337,156337,ROHTO MENTHOLATUM MELTY CREAM LIP BALM UNSCENTED,ROHTO,Active,,,,,
4987241156344,156344,ROHTO MENTHOLATUM MELTY CREAM LIP BALM MILK VANILLA,ROHTO,Active,,,,,
4987241156351,156351,ROHTO MENTHOLATUM MELTY CREAM LIP BALM RICH HONEY,ROHTO,Active,,,,,
4987241171477,171477,ROHTO MENTHOLATUM PREMIUM MELTY CREAM LIP BALM BLOOMING HONEY,ROHTO,Active,,,,,
4987241171460,171460,ROHTO MENTHOLATUM PREMIUM MELTY CREAM LIP BALM UNSCENTED,ROHTO,Active,,,,,
4549660964261,964261,BANDAI BIKKURA EGG FOR BATH ORANGE,BANDAI,,,,,,
4549660963998,963998,BANDAI PRINCESS EGG FOR BATH ORANGE,BANDAI,,,,,,
4549660964001,964001,BANDAI BIKKURA EGG FOR BATH,BANDAI,,,,,,
4549660964094,964094,BANDAI FROZEN EGG FOR BATH,BANDAI,,,,,,
8809576261158,261158,SKIN1004 MADAGASCAR CENTELLA TONING TONER 400ML,SKIN1004,,,,,,
8809576261134,261134,SKIN1004 MADAGASCAR CENTELLA SOOTHING CREAM 75ML,SKIN1004,,,,,,
8809913830191,830191,SKIN1004 MADAGASCAR CENTELLA HYALU-CICA CLOUDY MIST 120ML,SKIN1004,Active,,,,,
8809625242923,242923,ROMAND SEE-THROUGH VEILLIGHTER 01 SUNKISSED VEIL,ROMAND,,,,ROMAND-MIDDLE-R3-P3,,
8809625242930,242930,ROMAND SEE-THROUGH VEILLIGHTER 02 MOONKISSED VEIL,ROMAND,,,,,,
8809625243128,243128,ROMAND BETTER THAN PALETTE 04 DUSTY FOG GARDEN,ROMAND,,,,,,
8809625245221,245221,ROMAND BETTER THAN PALETTE 07 BERRY FUCHSIA GARDEN,ROMAND,,,,,,
8809625245238,245238,ROMAND BETTER THAN PALETTE 08 PEACH DAHLIA GARDEN,ROMAND,,,,ROMAND-RIGHT-R2-P1,,
8809625245443,245443,ROMAND BETTER THAN PALETTE 09 DREAMY LILAC GARDEN,ROMAND,,,,,,
8809625245993,245993,ROMAND DEWY·FUL WATER TINT 12 CANYON,ROMAND,,,,ROMAND-MIDDLE-R3-P1,,
8809625246006,246006,ROMAND DEWY·FUL WATER TINT 13 CUSTARD MAUVE,ROMAND,,,,ROMAND-MIDDLE-R3-P1,,
8809625248406,248406,ROMAND GLASTING MELTING BALM 11 BUFFY CORAL,ROMAND,,,,ROMAND-MIDDLE-R3-P2,,
8809625248802,248802,ROMAND GLASTING COLOR GLOSS 02 NUTTY VAGUE,ROMAND,,,,ROMAND-MIDDLE-R3-P2,,
8809625248819,248819,ROMAND GLASTING COLOR GLOSS 03 ROSE FINCH,ROMAND,,,,ROMAND-MIDDLE-R3-P2,,
8809625248833,248833,ROMAND GLASTING COLOR GLOSS 05 DIM MAUVE,ROMAND,,,,ROMAND-MIDDLE-R3-P2,,
4550516491190,491190,SHISEIDO TSUBAKI PREMIUM EX REPAIR HAIR MASK,SHISEIDO,Active,,,,,
4521121152547,152547,REMENT HAPIDANBUI THEATER BOX,REMENT,,,,,,
4521121152622,152622,REMENT MY MELODY & KUROMI SWEET TEA PARTY,REMENT,,,,,,
4521121251097,251097,REMENT SNOOPY'S LIFE IN A BOTTLE,REMENT,,,,,,
4521121251158,251158,REMENT SNOOPY ANTIQUE DIORAMA COLLECTION,REMENT,,,,,,
4521121206530,206530,REMENT KIRBY SWING KIRBY,REMENT,,,,,,
4521121207117,207117,REMENT KIRBY 30TH ANNIVERSARY POYO COLLECTION,REMENT,,,,,,
4521121207575,207575,REMENT SWING KIRBY IN DREAM LAND,REMENT,,,,,,
4521121206790,206790,REMENT SWING VIGNETTE COLLECTION 2,REMENT,,,,,,
4521121206974,206974,REMENT POCKET BONSAI 2 SMALL STORIES OF THE FOUR SEASONS,REMENT,,,,,,
4521121207551,207551,REMENT GEMSTONE COLLECTION 2.0,REMENT,,,,,,
4521121207971,207971,REMENT OVALTIQUE COLLECTION,REMENT,,,,,,
4521121208114,208114,REMENT POKEMON LITTLE NIGHT COLLECTION,REMENT,,,,,,
4521121207254,207254,REMENT CRAYON SHIN-CHAN EVERYONE GATHER FUTABA KINDERGARTEN,REMENT,,,,,,
4521121207353,207353,REMENT CRAYON SHIN-CHAN TERRARIUM FUN DAYS EVERYDAY,REMENT,,,,,,
4521121207711,207711,REMENT CRAYON SHIN-CHAN CRAYON CAFE,REMENT,,,,,,
4521121207858,207858,REMENT CRAYON SHIN-CHAN PAJAMA BEDTIME SHIN-CHAN,REMENT,,,,,,
4521121152509,152509,REMENT SANRIO HANGYODON ROOM,REMENT,,,,,,
4521121152486,152486,REMENT SANRIO KUROMI’S GOTHIC ROOM,REMENT,,,,,,
4521121207490,207490,REMENT HATSUNE MIKU SERIES EVERYDAY 39 CONVENIENCE STORE LIFE,REMENT,,,,,,
4521121207919,207919,REMENT HATSUNE MIKU SERIES MIKU'S CAFE,REMENT,,,,,,
4549660929673,929673,BANDAI SUMIKKO GURASHI GHOST NIGHT PARK EGG FOR BATH,BANDAI,,,,,,
4549660947967,947967,BANDAI SPY FAMILY EGG FOR BATH,BANDAI,,,,,,
4571501175925,175925,MILLEFEE MEOW PAWS SHADOW PALETTE 06 OMOWASEBURI,MILLEFEE,,,,,,
4571501175833,175833,MAISON DE MILLEFEE AIRY HAND CREAM 01 FLORAL GARDEN,MILLEFEE,,,,,,
4571501175840,175840,MAISON DE MILLEFEE AIRY HAND CREAM 02 GRASS MUSK,MILLEFEE,,,,,,
4571501175857,175857,MAISON DE MILLEFEE AIRY HAND CREAM 03 WHITE TEA,MILLEFEE,,,,,,
4571501176083,176083,MILLEFEE ANTOINETTE MELTING ROUGE LIPSTICK 06 ORANGE SOLEIL,MILLEFEE,Active,,,,,
4571501176076,176076,MILLEFEE ANTOINETTE MELTING ROUGE LIPSTICK 05 APPLE GLAZE,MILLEFEE,Active,,,,,
4571501176069,176069,MILLEFEE ANTOINETTE MELTING ROUGE LIPSTICK 04 PEACH RUBAN,MILLEFEE,Active,,,,,
4571501176052,176052,MILLEFEE ANTOINETTE MELTING ROUGE LIPSTICK 03 SUGAR PETAL,MILLEFEE,Active,,,,,
4571501176045,176045,MILLEFEE ANTOINETTE MELTING ROUGE LIPSTICK 02 MAROON ROSE,MILLEFEE,Active,,,,,
4571501176038,176038,MILLEFEE ANTOINETTE MELTING ROUGE LIPSTICK 01 VANILLA LATTE,MILLEFEE,Active,,,,,
4571501175932,175932,MILLEFEE MEOW PAWS SHADOW PALETTE 07 HITOMISHIRI,MILLEFEE,,,,,,
4571501175918,175918,MILLEFEE MEOW PAWS SHADOW PALETTE 05 IDOL,MILLEFEE,,,,,,
4571501176328,176328,DISPLAY-MILLEFEE ANTOINETTE MELTING ROUGE LIPSTICK,MILLEFEE,,,,,,
4571501176274,176274,DISPLAY-MAISON DE MILLEFEE AIRY HAND CREAM,MILLEFEE,,,,,,
4972422030094,030094,KOWA VANTELIN KNEE SUPPORT M SIZE,KOWA,Active,,,,,
4901604582793,582793,MAPEPE MINI PADDLE BRUSH,MAPEPE,Active,,,,,
4901604572060,572060,MAPEPE MINI DETANGLING BRUSH,MAPEPE,Active,,,,,
88099373610608809937360858,360858,BIODANCE BIO-COLLAGEN REAL DEEP MASK [1PC 8809937360834],BIODANCE,Active,,,,,
88099373606128809937360971,360971,BIODANCE HYDRO CERA-NOL REAL DEEP MASK [1PC 8809937360629],BIODANCE,Active,,,,,
8809937361190,361190,BIODANCE COLLAGEN GEL TONER PADS 60PADS,BIODANCE,,,,,,
8809937361206,361206,BIODANCE CERA-NOL GEL TONER PADS 60 PADS,BIODANCE,,,,,,
8809559626196,626196,VT MILD REEDLE SHOT 50 50ML,VT,,,,,,
8809695678363,678363,VT MILD REEDLE SHOT 100 50ML,VT,,,,,,
8809695678431,678431,VT MILD REEDLE SHOT 300 50ML,VT,,,,,,
8809652582894,582894,FWEE 3D VOLUMING GLOSS 70 05 MOVE CURRANT,FWEE,,,,FWEE-P2-R2,,
8809652582863,582863,FWEE 3D VOLUMING GLOSS 70 02 CORAL SORBET,FWEE,,,,FWEE-P2-R2,,
8809652582870,582870,FWEE 3D VOLUMING GLOSS 70 03 PINK CANDY,FWEE,,,,FWEE-P2-R2,,
8809652582580,582580,FWEE LIP AND CHEEK BLURRY PUDDING POT BABY,FWEE,,,,,,
8809652582597,582597,FWEE LIP AND CHEEK BLURRY PUDDING POT SKIRT,FWEE,,,,,,
8809652582696,582696,FWEE LIP AND CHEEK BLURRY PUDDING POT HURT,FWEE,,,,,,
8809652582733,582733,FWEE LIP AND CHEEK BLURRY PUDDING POT FEELN,FWEE,,,,,,
8809652582740,582740,FWEE LIP AND CHEEK BLURRY PUDDING POT LYRICS,FWEE,,,,,,
8809652582887,582887,FWEE 3D VOLUMING GLOSS 70 04 RED AENGDU,FWEE,,,,FWEE-P2-R2,,
4901604582724,582724,MAPEPE NATURAL MIX BRUSH,MAPEPE,Active,,,,,
4901604570660,570660,MAPEPE DETANGLING BRUSH,MAPEPE,Active,,,,,
6975542270140,270140,LELA LADYBRO FRAGRANCE GIFT BOX,LELA LADYBRO,Active,,,,,
6975542270683,270683,LELA LADYBRO FRAGRANCE AESTHETICS ORANGE BLOSSOM DIFFUSER 200ML,LELA LADYBRO,Active,,,,,
8809625242718,242718,ROMAND JUICY LASTING TINT 18 MULLED PEACH,ROMAND,,,,,,
8809640733659,733659,ANUA HEARTLEAF SUCCINIC MOISTURE CLEANSING FOAM 150ml,ANUA,Active,,,,,
8809640734281,734281,ANUA HEARTLEAF PORE CLAY PACK,ANUA,,,,,,
8809640734595,734595,ANUA NANO RETINOL 0.3 + NIACIN SERUM 30ml,ANUA,Active,,,,,
8809640734373,734373,ANUA PEACH 77 NIACIN ENRICHED CREAM 50ml,ANUA,Active,,,,,
4580748421047,421047,INTO U JP JUICY PUMPING GLOSS LIP WG01,INTO U JP,,,,,,
4580748421054,421054,INTO U JP JUICY PUMPING GLOSS LIP WG02,INTO U JP,,,,,,
4580748421061,421061,INTO U JP JUICY PUMPING GLOSS LIP WG04,INTO U JP,,,,,,
4580748421078,421078,INTO U JP JUICY PUMPING GLOSS LIP WG05,INTO U JP,,,,,,
4580748421085,421085,INTO U JP JUICY PUMPING GLOSS LIP WG06,INTO U JP,,,,,,
4580748421108,421108,INTO U JP GLOW LIPSTICK GL03,INTO U JP,,,,,,
4580748421115,421115,INTO U JP GLOW LIPSTICK GL04,INTO U JP,,,,,,
4580748421122,421122,INTO U JP GLOW LIPSTICK GL05,INTO U JP,,,,,,
4580748421139,421139,INTO U JP GLOW LIPSTICK GL06,INTO U JP,,,,,,
4580748421146,421146,INTO U JP GLOW LIPSTICK GL07,INTO U JP,,,,,,
8809828412024,412024,GOODAL GREEN TANGERINE VITA C SERUM,GOODAL,,,,,,
8809828412048,412048,GOODAL GREEN TANGERINE VITA C CREAM,GOODAL,,,,,,
8809862281235,281235,GOODAL GREEN TANGERINE VITA C CLEANSING FOAM,GOODAL,,,,,,
8809862282850,282850,GOODAL GREEN TANGERINE VITA C CIRCLE EYE CREAM,GOODAL,,,,,,
69733917327586973391733847,733847,INTO YOU CONDENSED FOG LIP MATT C07,INTO YOU,,,,INTOYOU-LEFT-R2-P1,,
6973391733854,733854,INTO YOU CONDENSED FOG LIP MATT C08,INTO YOU,,,,,,
6972220307693,307693,INTO YOU MULTIPLE CONCEALER PALETTE 02 NATURAL,INTO YOU,,,,,,
6973391732031850060497551,497551,INTO YOU SYRUP GLOSSY LIP TINT G08,INTO YOU,,,,INTOYOU-LEFT-R2-P3,,
8809862288234,288234,GOODAL GREEN TANGERINE VITA C TONER,GOODAL,,,,,,
8809625246266,246266,ROMAND BARE WATER CUSHION 01 PORCELAIN17,ROMAND,,,,ROMAND-RIGHT-R2-P3,,
8809625246273,246273,ROMAND BARE WATER CUSHION 02 PURE21,ROMAND,,,,ROMAND-RIGHT-R2-P3,,
8809625246280,246280,ROMAND BARE WATER CUSHION 03 NATURAL21,ROMAND,,,,ROMAND-RIGHT-R2-P3,,
8809625246297,246297,ROMAND BARE WATER CUSHION 04 BEIGE23,ROMAND,,,,ROMAND-RIGHT-R2-P3,,
8809625246303,246303,ROMAND BARE WATER CUSHION 05 SAND25,ROMAND,,,,ROMAND-RIGHT-R2-P3,,
8809625248796,248796,ROMAND GLASTING COLOR GLOSS 01 PEONY BALLET,ROMAND,,,,ROMAND-MIDDLE-R3-P2,,
8809625248826,248826,ROMAND GLASTING COLOR GLOSS 04 GRAPY WAY,ROMAND,,,,ROMAND-MIDDLE-R3-P2,,
8809625248840,248840,ROMAND GLASTING COLOR GLOSS 06 DEEPEN MOOR,ROMAND,,,,ROMAND-MIDDLE-R3-P2,,
8800258080296,080296,ROMAND BARE WATER TINT 01 BARE VANILLA,ROMAND,,,,ROMAND-MIDDLE-R1-P2,,
8800258080302,080302,ROMAND BARE WATER TINT 02 TAFFY FLOAT,ROMAND,,,,ROMAND-MIDDLE-R1-P2,,
8800258080319,080319,ROMAND BARE WATER TINT 03 NUTTY MOVE,ROMAND,,,,ROMAND-MIDDLE-R1-P2,,
8800258080326,080326,ROMAND BARE WATER TINT 04 WATER GRAPE,ROMAND,,,,ROMAND-MIDDLE-R1-P2,,
8800258080333,080333,ROMAND BARE WATER TINT 05 APPLE OOZE,ROMAND,,,,ROMAND-MIDDLE-R1-P2,,
8800258080340,080340,ROMAND BARE WATER TINT 06 BERRY BITE,ROMAND,,,,ROMAND-MIDDLE-R1-P2,,
8800258080357,080357,ROMAND BARE WATER TINT 07 CHILLI RUSH,ROMAND,,,,ROMAND-MIDDLE-R1-P2,,
8800258080364,080364,ROMAND BARE WATER TINT 08 DEEPIN RED,ROMAND,,,,ROMAND-MIDDLE-R1-P2,,
8809625249571,249571,ROMAND SHEER TINTED STICK 01 BARE PUMPKIN,ROMAND,,,,ROMAND-LEFT-R3-P1,,
8809625249588,249588,ROMAND SHEER TINTED STICK 02 BUNNY HOP,ROMAND,,,,,,
8809625249595,249595,ROMAND SHEER TINTED STICK 03 TAFFY BERRY,ROMAND,,,,,,
8809625249601,249601,ROMAND SHEER TINTED STICK 04 CAMEL NUTS,ROMAND,,,,ROMAND-LEFT-R3-P1,,
8809625249618,249618,ROMAND SHEER TINTED STICK 05 DUTCH COCOA,ROMAND,,,,ROMAND-LEFT-R3-P1,,
8809625249625,249625,ROMAND SHEER TINTED STICK 06 IN VINERY,ROMAND,,,,,,
8809625244460,244460,ROMAND BLUR FUDGE TINT 02 ROSIENTAL,ROMAND,,,,ROMAND-LEFT-R2-P1,,
8809625244477,244477,ROMAND BLUR FUDGE TINT 03 MUSKY,ROMAND,,,,ROMAND-LEFT-R2-P1,,
8809625244507,244507,ROMAND BLUR FUDGE TINT 06 MAUVISH,ROMAND,,,,ROMAND-LEFT-R2-P1,,
8809625244514,244514,ROMAND BLUR FUDGE TINT 07 COOL ROSE UP,ROMAND,,,,,,
8809625245252,245252,ROMAND BLUR FUDGE TINT 10 FUDGE RED,ROMAND,,,,ROMAND-LEFT-R2-P1,,
8809625245269,245269,ROMAND BLUR FUDGE TINT 11 FUCHSIA VIBE,ROMAND,,,,ROMAND-LEFT-R2-P1,,
8809625247218,247218,ROMAND BLUR FUDGE TINT 12 WARMING UP,ROMAND,,,,,,
8809625247294,247294,ROMAND LIP MATE PENCIL 03 KAYA BEIGE,ROMAND,,,,ROMAND-MIDDLE-R1-P1,,
8809625247300,247300,ROMAND LIP MATE PENCIL 04 FIG BREEZE,ROMAND,,,,ROMAND-MIDDLE-R1-P1,,
8809625247324,247324,ROMAND LIP MATE PENCIL 06 UNDER CHILI,ROMAND,,,,ROMAND-MIDDLE-R1-P1,,
8809625246099,246099,ROMAND GLASTING MELTING BALM 02 LOVEY PINK,ROMAND,,,,ROMAND-MIDDLE-R3-P1,,
8809625246846,246846,ROMAND GLASTING MELTING BALM 09 PEONIES,ROMAND,,,,ROMAND-MIDDLE-R3-P2,,
8809625248390,248390,ROMAND GLASTING MELTING BALM 10 NU BEIGE,ROMAND,,,,ROMAND-MIDDLE-R3-P2,,
4550516485236,485236,SHISEIDO TSUBAKI PREMIUM MOIST SHAMPOO 450ML,SHISEIDO,Active,,,,,
4550516485250,485250,SHISEIDO TSUBAKI PREMIUM MOIST CONDITIONER 450ML,SHISEIDO,Active,,,,,
4550516485410,485410,SHISEIDO TSUBAKI PREMIUM VOLUME REPAIR SHAMPOO 450ML,SHISEIDO,Active,,,,,
4550516485632,485632,SHISEIDO TSUBAKI PREMIUM VOLUME REPAIR CONDITIONER 450ML,SHISEIDO,Active,,,,,
4550516485830,485830,SHISEIDO TSUBAKI PREMIUM EX DAMADE CARE REPAIR SHAMPOO 450ML,SHISEIDO,Active,,,,,
4550516485977,485977,SHISEIDO TSUBAKI PREMIUM EX DAMAGE CARE REPAIR CONDITIONER 450ML,SHISEIDO,Active,,,,,
4550516492111,492111,SHISEIDO FINO PREMIUM TOUCH HAIR MASK PINK RIBBON,SHISEIDO,,,,,,
4550516494894,494894,SHISEIDO TSUBAKI PREMIUM EX DAMAGE CARE REPAIR SHAMPOO CONDITIONER SET,SHISEIDO,Active,,,,,
4964596702211,702211,SANA NEWBORN PERFECT EYEBROW 01 GRAYISH BROWN,SANA,Active,,,,,
4964596702228,702228,SANA NEWBORN PERFECT EYEBROW 02 ROYAL BROWN,SANA,Active,,,,,
4964596702235,702235,SANA NEWBORN PERFECT EYEBROW 03 NATURAL BROWN,SANA,Active,,,,,
4964596702273,702273,SANA NEWBORN PERFECT EYEBROW 07 PINK BROWN,SANA,Active,,,,,
4987241194827,194827,ROHTO MENTHOLATUM REPAIR ONE NIGHT CARE LIP,ROHTO,Active,,,,,
4987241194964,194964,ROHTO MENTHOLATUM LIP FONDUE BABY PINK,ROHTO,Active,,,,,
4987241194988,194988,ROHTO MENTHOLATUM LIP FONDUE NUDE BEIGE,ROHTO,Active,,,,,
4987241195015,195015,ROHTO MENTHOLATUM CARECERA MOIST BARRIER LIP CREAM,ROHTO,Order,,,,,
4971710588675,588675,KOSE SOFTYMO SPEEDY CLEANSING OIL WITH DISPLAY OSMANTHUS,KOSE,,,,,,
4971710568516,568516,KOSE SOFTYMO CLEANSING FOAM HYALURONIC ACID OSMANTHUS,KOSE,Active,,,,,
4971710594812,594812,KOSE SOFTYMO SPEEDY CLEANSING OIL NIGHT SAKURA WITH DISPLAY,KOSE,Active,,,,,
4971710594829,594829,KOSE SOFTYMO CLEANSING WASH NIGHT SAKURA WITH DISPLAY,KOSE,,,,,,
4548514159402,159402,BATHCLIN CHIIKAWA STRAWBERRY BATH SALT,BATHCLIN,Active,,,,,
4901008613376,613376,COUNTRY & STREAM HONEY HAND CREAM RICH MOIST,COUNTRY & STREAM,,,,,,
4901008613345,613345,COUNTRY & STREAM HAND CREAM HONEY AND KINMOKUSEI,COUNTRY & STREAM,,,,,,
4901008613383,613383,COUNTRY & STREAM HAND CREAM HONEY AND MILK TEA,COUNTRY & STREAM,,,,,,
4901008613574,613574,COUNTRY & STREAM BODY CREAM HM,COUNTRY & STREAM,Active,,,,,
4901008613338,613338,COUNTRY & STREAM HIP PEELING SCRUB,COUNTRY & STREAM,Active,,,,,
8809640734854,734854,ANUA HEARTLEAF 87 LOW PH DEEP CLEANSING WATER 500G,ANUA,,,,,,
8809640735028,735028,ANUA HEARTLEAF PORE CONTROL CLEANSING OIL MILD 200ML,ANUA,,,,,,
8809505547711,547711,JM SOLUTION PINK SNAIL MASK PRIME [1pc 8809505547629],JM SOLUTION,Active,,,,,
8809505547667,547667,JM SOLUTION MOISTURE MASK PRIME [1pc 8809505547650],JM SOLUTION,Active,,,,,
8809505547636,547636,JMSOLUTION JELLYFISH VITAL MASK PRIME [1PC 8809505547612],JM SOLUTION,,,,,,
8809505547698,547698,JM SOLUTION GOLDEN CAVIAR NOURISHING MASK PRIME [1pc 8809505547681],JM SOLUTION,Active,,,,,
8809696351579,351579,JM SOLUTION HEARTLEAF 88 TONER PAD,JM SOLUTION,Active,,,,,
8809696351319,351319,JM SOLUTION FROM ITALY VITA TONER PAD,JM SOLUTION,Active,,,,,
8809711717144,717144,JM SOLUTION RELEAF MILD ACIDIC WORMWOOD TONER PADS,JM SOLUTION,Active,,,,,
8809711718875,718875,JMELLA BLOOMING PEONY TONER PADS,JMELLA,Active,,,,,
8809711718868,718868,JMELLA FEMME FATALE TONER PADS,JMELLA,Active,,,,,
8809416470047,470047,COSRX AHA7 POWER LIQUID,COSRX,Sense,,,,,
8809416470054,470054,COSRX BHA POWER LIQUID,COSRX,,,,,,
8809416470184,470184,COSRX HYALURONIC ACID HYDRA POWER ESSENCE,COSRX,,,,,,
8809416470122,470122,COSRX HYALURONIC ACID INTENSIVE CREAM,COSRX,,,,,,
8809525249565,249565,BEAUTY OF JOSEON DYNASTY CREAM 50ML,BEAUTY OF JOSEON,,,,,,
88099681301238809473195655,195655,BEAUTY OF JOSEON GREEN PLUM REFRESHING TONER AHA + BHA,BEAUTY OF JOSEON,,,,,,
8809738310960,310960,BEAUTY OF JOSEON GINSENG ESSENCE WATER,BEAUTY OF JOSEON,,,,,,
8809738316412,316412,BEAUTY OF JOSEON SERUM GREEN TEA + PANTHENOL,BEAUTY OF JOSEON,,,,,,
8809657114960,114960,BEAUTY OF JOSEON SERUM PROPLIS + NIACINAMIDE,BEAUTY OF JOSEON,,,,,,
8809738316139,316139,BEAUTY OF JOSEON SERUM GINSENG + SNAIL MUCIN,BEAUTY OF JOSEON,,,,,,
8809738312728,312728,BEAUTY OF JOSEON DEEP SEUM RICE + ALPHA ARBUTIN,BEAUTY OF JOSEON,,,,,,
8809606851663,851663,BEAUTY OF JOSEON RADIANCE CLEANSING BALM,BEAUTY OF JOSEON,,,,,,
8809738314678,314678,BEAUTY OF JOSEON GREEN PLUM REFRESHING CLEANSER,BEAUTY OF JOSEON,,,,,,
88099681301308809738315866,315866,BEAUTY OF JOSEON GINSENG CLEANSING OIL,BEAUTY OF JOSEON,,,,,,
8809968130239,130239,BEAUTY OF JOSEON REPLENISHING RICE MILK TONER,BEAUTY OF JOSEON,,,,,,
8809968130246,130246,BEAUTY OF JOSEON GROUND RICE AND HONEY MASK,BEAUTY OF JOSEON,,,,,,
8809954941498,941498,BEAUTY OF JOSEON DYNASTY CREAM 100ML,BEAUTY OF JOSEON,,,,,,
4905580057221,057221,DISCOUNTINUED SKII SET,,,,,,,
4987241194971,194971,ROHTO MENTHOLATUM LIP FONDUE RED,ROHTO,Active,,,,,
4570110290623,290623,OFF&RELAX PURIFYING SCALP CLEANSER,OFF&RELAX,Active,,,,,
4550516494900,494900,TSUBAKI Hair Shampoo & Conditioner Set,,,,,,,
4902806113167,113167,MANDOM BIFESTA MICELLAR CLEANSING WATER SENSITIVE,MANDOM,,,,,,
4902806113112,113112,MANDO BIFESTA MICELLAR CLEANSING WATER BLUE,,,,,,,
4902806113143,113143,MANDO BIFESTA MICELLAR CLEANSING WATER MOIST,,,,,,,
4571501176373,176373,MILLEFEE ANTOINETTE PERLE FACE POWDER 01 PINK CHATEAU,MILLEFEE,,,,,,
4571501176380,176380,MILLEFEE ANTOINETTE PERLE FACE POWDER 02 PURPLE REINE,MILLEFEE,,,,,,
8500604975686938582316117,316117,INTO YOU SHERO SUPER MATTE LIP & CHEEK MUD EM05 CANNED,INTO YOU,,,,,,
6973391734356,734356,INTO YOU LIP BRUSH,INTO YOU,,,,,,
850060497018,497018,INTO YOU PUDDIND POT LIP AND CHEEK CLAY SANDALWOOD ROSE,INTO YOU,,,,,,
850060497049,497049,INTO YOU PUDDING POT LIP AND CHEEK CLAY PAPAYA DREAM,INTO YOU,,,,,,
8809562561903,561903,JMSOLUTION CHERRY BLOSSOM CLEAR TONER PADS,JMSOLUTION,,,,,,
4571501176540,176540,MILLEFEE JUICY VEIL JELLY TINT 01 CHERRY JUICE,MILLEFEE,Active,,,,,
4571501176557,176557,MILLEFEE JUICY VEIL JELLY TINT 02 PINK GRAPEFRUIT,MILLEFEE,Active,,,,,
4571501176564,176564,MILLEFEE JUICY VEIL JELLY TINT 03 PEACH SMOOTHIE,MILLEFEE,Active,,,,,
4571501176571,176571,MILLEFEE JUICY VEIL JELLY TINT 04 GRAPE JELLY,MILLEFEE,Active,,,,,
4571501176588,176588,MILLEFEE SHAPE MAGIC STICK 01 REAL COOL,MILLEFEE,,,,,,
4571501176595,176595,MILLEFEE SHAPE MAGIC STICK 02 REAL WARM,MILLEFEE,,,,,,
4571501176755,176755,MILLEFEE NUANCE GLOW HIGHLIGHTER 01 PEARL WHITE,MILLEFEE,,,,MILLEFEE-R1-P3,,
4571501176762,176762,MILLEFEE NUANCE GLOW HIGHLIGHTER 02 ROSE PINK,MILLEFEE,,,,MILLEFEE-R1-P3,,
4571501176779,176779,MILLEFEE NUANCE GLOW HIGHLIGHTER 03 LAVENDER MOON,MILLEFEE,,,,MILLEFEE-R1-P3,,
4571501176786,176786,MILLEFEE NUANCE GLOW HIGHLIGHTER 04 MATTE SOFT PINK,MILLEFEE,,,,MILLEFEE-R1-P3,,
4571501176489,176489,DISPLAY-MILLEFEE ANTOINETTE PERLE FACE POWDER,MILLEFEE,,,,,,
4571501176915,176915,DISPLAY-MILLEFEE SHAPE MAGIC STICK,MILLEFEE,,,,,,
4571501177035,177035,DISPLAY-MILLEFEE JUICY VEIL JELLY TINT,MILLEFEE,,,,,,
4571501177127,177127,MILLEFEE UNDER EYE GLAM PALETTE 01 SUGAR BEIGE,MILLEFEE,,,,,,
4571501177134,177134,MILLEFEE UNDER EYE GLAM PALETTE 02 STRAWBERRY PINK,MILLEFEE,,,,,,
4571501176953,176953,MILLEFEE MY KITTY EYESHADOW PALETTE 05 SIBERIAN,MILLEFEE,,,,MILLEFEE-R2-P2,,
4571501176960,176960,MILLEFEE MY KITTY EYESHADOW PALETTE 06 SCOTTISH FOLD,MILLEFEE,,,,MILLEFEE-R2-P2,,
4571501176977,176977,MILLEFEE MY KITTY EYESHADOW PALETTE 07 AMERICAN SHORTHAIR,MILLEFEE,,,,,,
4571501176724,176724,DISPLAY-MILLEFEE PAINTING LIQUID EYELINIER,MILLEFEE,,,,,,
4571501177400,177400,DISPLAY-MILLEFEE UNDER EYE GLAM PALETTE,MILLEFEE,,,,,,
8809640734427,734427,ANUA HEARTLEAF QUERCETINOL CLEANSING FOAM,ANUA,,,,,,
8809640735455,735455,ANUA RICE MILKY TONER 250ML,ANUA,Active,,,,,
8809640734861,734861,ANUA RICE CERAMIDE HYDRATING BARRIER SERUM,ANUA,Active,,,,,
8809640735462,735462,ANUA RICE CLEANSING POWDER,ANUA,Active,,,,,
8809913830177,830177,SKIN1004 MADAGASCAR CENTELLA PROBIO-CICA BAKUCHIOL EYE CREAM 20ML,,,,,,,
8809913831679,831679,SKIN1004 MADAGASCAR CENTELLA AMPOULE FOAM SACHET,SKIN1004,,,,,,
8809913830047,830047,SKIN1004 MADAGASCAR CENTELLA TEA-TRICA B5 CREAM,SKIN1004,,,,,,
8809913830146,830146,SKIN1004 MADAGASCAR CENTELLA PROBIO-CICA INTENSIVE AMPOULE,SKIN1004,,,,,,
8809640735608,735608,ANUA RICE INTENSIVE MOISTURIZING MILK,ANUA,Active,,,,,
8809640737251,737251,ANUA CERAMIDE PANTHENOL MOISTURE BARRIER CREAM 100ML,ANUA,,,,,,
8809640736650,736650,ANUA ULTRA THIN PATCH,ANUA,,,,,,
8809640733666,733666,ANUA HEARTLEAF LHA PEELING GEL,ANUA,Active,,,,,
8809784603535,603535,TORRIDEN DIVE IN TONER 300ML AND SERUM 20ML SET,TORRIDEN,Active,,,,,
6976416414738,414738,AMORTALS SOFT EXTRACTION CLEANSING FACE TOWEL CHERRY BLOSSOM,AMORTALS,Active,,,,,
8809416470245,470245,COSRX SPOT MASTER PATCH,COSRX,,,,,,
8809416470726,470726,COSRX ULTIMATE NOURISHING RICE SPA OVERNIGHT MASK,COSRX,,,,,,
8809416470368,470368,COSRX CENTELLA CREAM,COSRX,,,,,,
8809416470085,470085,COSRX CENTELLA WATER ALCOHOL-FREE TONER,COSRX,,,,,,
8809416470559,470559,COSRX OIL FREE ULTRA MOISTURIZING LOTION,COSRX,,,,,,
8809598451902,451902,COSRX AHA BHA VITAMIN C DAILY TONER 150ML,COSRX,,,,,,
8809738316986,316986,BEAUTY OF JOSEON RED BEAN REFRESHING MASK,BEAUTY OF JOSEON,,,,,,
8809505546561,546561,JMSOLUTION JAPAN H9 YALURONIC AMPOULE MASK AQUA [1PC 8809505546547],JMSOLUTION,Active,,,,,
8809505546653,546653,JMSOLUTION P9 PEPTIDE AMPOULE MASK FIRMING [1PC 8809505546646],JMSOLUTION,Active,,,,,
8809505546592,546592,JMSOLUTION V9 VITAMIN AMPOULE MASK [1PC 8809505546585],JMSOLUTION,Active,,,,,
8809505546622,546622,JMSOLUTION C9 COLLAGEN AMPOULE MASK RICH [1PC 8809505546615],JMSOLUTION,Active,,,,,
4582300064648,064648,TADA CLAYGE HAIR SHAMPOO AND TREATMENT SR SET,TADA,Active,,,,,
4571501177592,177592,DISPLAY-MILLEFEE MY KITTY EYESHADOW PALETTE NEW,MILLEFEE,,,,,,
4571501177929,177929,DISPLAY-MILLEFEE STELLA GLITTER LINER VOL.2,MILLEFEE,,,,,,
8809625249090,249090,ROMAND JUICY LASTING TINT 37 MELLOW PEAR,ROMAND,,,,ROMAND-LEFT-R3-P3,,
8809625249106,249106,ROMAND JUICY LASTING TINT 38 BREEZE FIG,ROMAND,,,,ROMAND-LEFT-R3-P3,,
8809625249113,249113,ROMAND JUICY LASTING TINT 39 ODD GRAPE,ROMAND,,,,ROMAND-LEFT-R3-P3,,
8809784601838,601838,TORRIDEN SOLID IN CERAMIDE LIP ESSENCE SET 11ML*2,TORRIDEN,,,,,,
8809640736667,736667,ANUA PDRN HYALURONIC ACID CAPSULE 100 SERUM 30ML,ANUA,Active,,,,,
8809640737190,737190,ANUA AZELAIC HYALURON SOOTHING SERUM 30ML,ANUA,Active,,,,,
4571501176939,176939,FCC PDRN SHOT 1000 TONING ESSENCE,FCC,,,,,,
4571501177219,177219,FCC PDRN SHOT CAPSULE CREAM,FCC,,,,,,
4571501177226,177226,FCC PDRN SHOT LIP ESSENCE,FCC,,,,,,
4571501177233,177233,FCC PDRN SHOT LIP PLUMPER,FCC,,,,,,
4571501177202,177202,FCC NEEDLE SERUM AX4,FCC,,,,,,
4571501176656,176656,FCC NEEDLE SERUM AZ,FCC,,,,,,
4571501176663,176663,FCC NEEDLE PEELING GEL,FCC,,,,,,
4571501176922,176922,FCC MANDELIC SHOT PEEL ESSENCE,FCC,,,,,,
4901008613406,613406,COUNTRY AND STREAM HONEY COFFRET LIP AND HAND CREAM SET,COUNTRY & STREAM,Active,,,,,
6974191223354,223354,ZAUO WOMEN SUN PROTECTION CLOUTH SLIM BLACK S,ZAUO,,,,,,
6974191223361,223361,ZAUO WOMEN SUN PROTECTION CLOUTH SLIM BLACK M,ZAUO,,,,,,
6974191223415,223415,ZAUO WOMEN SUN PROTECTION CLOUTH SLIM BEIGE S,ZAUO,,,,,,
6974191223422,223422,ZAUO WOMEN SUN PROTECTION CLOUTH SLIM BEIGE M,ZAUO,,,,,,
6974191223958,223958,ZAUO COOLING SUN PROTECTION LONG SKIRT BLACK S,ZAUO,,,,,,
6974191223965,223965,ZAUO COOLING SUN PROTECTION LONG SKIRT BLACK M,ZAUO,,,,,,
6974191223972,223972,ZAUO COOLING SUN PROTECTION LONG SKIRT PURPLE S,ZAUO,,,,,,
6974191223989,223989,ZAUO COOLING SUN PROTECTION LONG SKIRT PURPLE M,ZAUO,,,,,,
4521121152523,152523,REMENT LITTLE TWIN STARS PASTEL SWEETS ROOM FIGURES,REMENT,,,,,,
4521121152608,152608,REMENT CINNAMOROLL MARKET FIGURES,REMENT,,,,,,
4521121251219,251219,REMENT PEANUTS SNOOPYS RESTAURANT FIGURES,REMENT,,,,,,
4521121251257,251257,REMENT PEANUTS SNOOPYS DOOR STORY FIGURES,REMENT,,,,,,
4521121207995,207995,REMENT KIRBY OVALTIQUE COLLECTION FIGURES,REMENT,,,,,,
4521121208596,208596,REMENT KIRBY IN POP CITY FIGURES,REMENT,,,,,,
4521121208572,208572,REMENT DESKTOP HUNTER FIGURES 4,REMENT,,,,,,
4521121208671,208671,REMENT DESKTOP HUNTER FIGURES 5,REMENT,,,,,,
4521121208435,208435,REMENT MIFFY LITTLE CAFE FIGURES,REMENT,,,,,,
4521121208350,208350,REMENT CRAYON SHIN CHAN ROOM FIGURES,REMENT,,,,,,
4521121507439,507439,REMENT PETIT SAMPLE LIGHT EVENING DRINK,REMENT,,,,,,
4521121507590,507590,REMENT PETIT SAMPLE MY SWEET CLOSET,REMENT,,,,,,
4521121208312,208312,REMENT POKEMON FRAME DEEP WOOD MYSTERY FIGURES,REMENT,,,,,,
4521121208237,208237,REMENT POKEMON SWING VIGNETTE COLLECTION 3 FIGURES,REMENT,,,,,,
4521121208510,208510,REMENT POKEMON WANOMADO FIGURES,REMENT,,,,,,
4521121208299,208299,REMENT POKEMON TERRARRIUM COLLECTION 14 FIGURES,REMENT,,,,,,
4521121208459,208459,REMENT HATSUNE MIKU THE SPARKLING NIGHT SKY STORY FIGURES,REMENT,,,,,,
4542202662007,662007,SMISKI MINI GLOW FIGURES S1,SMISKI,,,,,,
4542202662175,662175,SMISKI MINI GLOW FIGURES BATH,SMISKI,,,,,,
4542202662182,662182,SMISKI MINI GLOW FIGURES TOILET,SMISKI,,,,,,
4542202662281,662281,SMISKI MINI GLOW FIGURES LIVING,SMISKI,,,,,,
4542202662441,662441,SMISKI MINI GLOW FIGURES BED,SMISKI,,,,,,
4542202662458,662458,SMISKI MINI GLOW FIGURES YOGA,SMISKI,,,,,,
4542202662595,662595,SMISKI MINI GLOW FIGURES CHEER,SMISKI,,,,,,
4542202662670,662670,SMISKI MINI GLOW FIGURES MUSEUM,SMISKI,,,,,,
4542202664018,664018,SMISKI MINI GLOW FIGURES WORK,SMISKI,,,,,,
4542202664117,664117,SMISKI MINI GLOW FIGURES DRESSING,SMISKI,,,,,,
4542202664261,664261,SMISKI MINI GLOW FIGURES EXERCISE,SMISKI,,,,,,
4542202664315,664315,SMISKI MINI GLOW FIGURES MOVING,SMISKI,,,,,,
4542202664377,664377,SMISKI MINI GLOW FIGURES HIPPERS,SMISKI,,,,,,
4542202662298,662298,SMISKI TOOTHBRUSH STAND PROTECTING,SMISKI,,,,,,
4542202662304,662304,SMISKI TOOTHBRUSH STAND HOLDING,SMISKI,,,,,,
4542202662311,662311,SMISKI TOOTHBRUSH STAND HUGGING,SMISKI,,,,,,
4542202662328,662328,SMISKI TOOTHBRUSH STAND CARRYING,SMISKI,,,,,,
4901525010467,010467,COW BOUNCIA BODY WASH SOAP PREMIUM MOIST,COW,,,,,,
8809625249328,249328,ROMAND BETTER THAN CHEEK S01 MANGO CHIP,ROMAND,,,,ROMAND-MIDDLE-R2-P3,,
8809625249335,249335,ROMAND BETTER THAN CHEEK S02 LYCHEE CHIP,ROMAND,,,,ROMAND-MIDDLE-R2-P3,,
8809625249748,249748,ROMAND X INAPSQUARE BETTER THAN CHEEK B01 GINGER NIGHT,ROMAND,,,,ROMAND-RIGHT-R2-P2,,
8809625249762,249762,ROMAND X INAPSQUARE BETTER THAN CHEEK B02 BERRY DAWN,ROMAND,,,,ROMAND-RIGHT-R2-P2,,
8809625249786,249786,ROMAND X INAPSQUARE BETTER THAN CHEEK B03 BLACK BALM,ROMAND,,,,ROMAND-RIGHT-R2-P2,,
8809625241100,241100,ROMAND BETTER THAN EYES M02 DRY BUCKWHEAT FLOWER,ROMAND,,,,ROMAND-MIDDLE-R3-P3,,
8809625242947,242947,ROMAND BETTER THAN EYES N01 DRY WILLOW FLOWER,ROMAND,,,,,,
8809625244040,244040,ROMAND BETTER THAN EYES W03 DRY STRAWBERRY,ROMAND,,,,ROMAND-MIDDLE-R3-P3,,
8809625249663,249663,ROMAND X INAPSQUARE BETTER THAN EYES B01 BUCKWHEAT FLOWER IN BLACK,ROMAND,,,,ROMAND-RIGHT-R2-P2,,
8809625249670,249670,ROMAND X INAPSQUARE BETTER THAN EYES B02 PEONY IN BLACK,ROMAND,,,,ROMAND-RIGHT-R2-P2,,
8809625245689,245689,ROMAND ZERO MATTE LIPSTICK 23 RUDDY NUDE,ROMAND,,,,,,
8809625241940,241940,ROMAND ZERO VELVET TINT 15 RUSK RUSK,ROMAND,,,,,,
8809625242275,242275,ROMAND ZERO VELVET TINT 16 BURNY NUDE,ROMAND,,,,ROMAND-MIDDLE-R2-P1,,
8809625242282,242282,ROMAND ZERO VELVET TINT 17 TOASTY NUDE,ROMAND,,,,ROMAND-MIDDLE-R2-P1,,
8809625242787,242787,ROMAND ZERO VELVET TINT 18 PETAL TASSEL,ROMAND,,,,,,
8809625242770,242770,ROMAND ZERO VELVET TINT 19 EARL GREY SHAWL,ROMAND,,,,,,
8809625249847,249847,ROMAND X INAPSQUARE NU ZERO CUSHION 02 PURE21,ROMAND,,,,ROMAND-RIGHT-R1-P2,,
8809625249854,249854,ROMAND X INAPSQUARE NU ZERO CUSHION 03 NATURAL21,ROMAND,,,,ROMAND-RIGHT-R1-P2,,
8809625249861,249861,ROMAND X INAPSQUARE NU ZERO CUSHION 04 BEIGE23,ROMAND,,,,ROMAND-RIGHT-R1-P2,,
8809625244774,244774,ROMAND NU ZERO CUSHION 01 PORCELAIN 17,ROMAND,,,,,,
8809625244781,244781,ROMAND NU ZERO CUSHION 02 PURE 21,ROMAND,,,,,,
8809625244798,244798,ROMAND NU ZERO CUSHION 03 NATURAL 21,ROMAND,,,,,,
8809625244804,244804,ROMAND NU ZERO CUSHION 04 BEIGE 23,ROMAND,,,,,,
8809625244811,244811,ROMAND NU ZERO CUSHION 05 SAND 25,ROMAND,,,,,,
8809625244453,244453,ROMAND BLUR FUDGE TINT 01 POMELOCO,ROMAND,,,,,,
8809625247966,247966,ROMAND GLASTING WATER TINT 14 MAUVE MOON,ROMAND,,,,,,
8809625247980,247980,ROMAND GLASTING WATER TINT 16 FIGRISE,ROMAND,,,,,,
8809625247997,247997,ROMAND GLASTING WATER TINT 17 WOODY SUNSET,ROMAND,,,,,,
8809970752771,752771,PERIPERA DOUBLE LONGWEAR COVER CONCEALER 0.5 FAIR,PERIPERA,,,,,,
8809970752788,752788,PERIPERA DOUBLE LONGWEAR COVER CONCEALER 0.7 PORCELAIN,PERIPERA,,,,,,
8809691971840,971840,PERIPERA DOUBLE LONGWEAR COVER CONCEALER 01 PURE IVORY,PERIPERA,,,,,,
8809691971857,971857,PERIPERA DOUBLE LONGWEAR COVER CONCEALER 02 NATURAL BEIGE,PERIPERA,,,,,,
8809828413557,413557,PERIPERA PURE BLUSHED SUNSHINE CHEEK 011 PICNIC PINK,PERIPERA,,,,,,
8809828413564,413564,PERIPERA PURE BLUSHED SUNSHINE CHEEK 012 SUNNY PINK,PERIPERA,,,,,,
8809862283888,283888,PERIPERA PURE BLUSHED SUNSHINE CHEEK 016 ACORN BEIGE,PERIPERA,,,,,,
8809900982025,982025,PERIPERA PURE BLUSHED SUNSHINE CHEEK 018 SHY CORAL,PERIPERA,,,,,,
8809970759046,759046,PERIPERA PURE BLUSHED SUNSHINE CHEEK (TTEOK RECIPE) 024 MAUVE CREAM,PERIPERA,,,,,,
8809970759053,759053,PERIPERA PURE BLUSHED SUNSHINE CHEEK (TTEOK RECIPE) 025 MAPLE CREAM,PERIPERA,,,,,,
8809691973745,973745,PERIPERA PURE BLUSHED SUNSHINE CHEEK 01 CALM PINK,PERIPERA,,,,,,
8809751117270,117270,PERIPERA PURE BLUSHED SUNSHINE CHEEK 06 MORNING BLUSH,PERIPERA,,,,,,
8809970752993,752993,PERIPERA PURE BLUSHED CUSTOM CHEEK 002 FLUFFY PEACH (NIGHTPERI),PERIPERA,,,,,,
8809900987983,987983,"PERIPERA MOOD FIT COVER CUSHION 01 PURE FIT SPF50+,PA++++",PERIPERA,,,,,,
8809900987990,987990,"PERIPERA MOOD FIT COVER CUSHION 02 IVORY FIT SPF50+,PA++++",PERIPERA,,,,,,
8809900988003,988003,"PERIPERA MOOD FIT COVER CUSHION 03 NATURAL FIT SPF50+,PA++++",PERIPERA,,,,,,
8809970752795,752795,PERIPERA MOOD FIT PENCIL CONCEALER 001 COVER SALMON,PERIPERA,,,,,,
8809970752801,752801,PERIPERA MOOD FIT PENCIL CONCEALER 002 COVER GREEN,PERIPERA,,,,,,
8809970752818,752818,PERIPERA MOOD FIT PENCIL CONCEALER 003 COVER BEIGE,PERIPERA,,,,,,
8809900981240,981240,PERIPERA V SHADING 001 NATURAL BROWN,PERIPERA,,,,,,
8809900981257,981257,PERIPERA V SHADING 002 DEEP BROWN,PERIPERA,,,,,,
8809900981264,981264,PERIPERA V SHADING 003 GRAYISH COOL,PERIPERA,,,,,,
8809937594826,594826,PERIPERA V SHADING BLENDING STICK 003 GRAYISH COOL,PERIPERA,,,,,,
8809970755550,755550,PERIPERA V HIGHLIGHTER 01 SHINING ON,PERIPERA,,,,,,
8809970755567,755567,PERIPERA V HIGHLIGHTER 02 CLEAR FLASH,PERIPERA,,,,,,
8809544398244,398244,PERIPERA SPEEDY SKINNY BROW 1 GRAY BROWN,PERIPERA,,,,,,
8809544398251,398251,PERIPERA SPEEDY SKINNY BROW 2 DARK BROWN,PERIPERA,,,,,,
8809544398268,398268,PERIPERA SPEEDY SKINNY BROW 3 NATURAL BROWN,PERIPERA,,,,,,
8809786592608,592608,PERIPERA SPEEDY SKINNY BROW 06 COOL GRAY,PERIPERA,,,,,,
8809862284533,284533,PERIPERA SPEEDY SKINNY BROW 08 taupe beige,PERIPERA,,,,,,
8809862284540,284540,PERIPERA SPEEDY SKINNY BROW 09 taupe brown,PERIPERA,,,,,,
8809347975604,975604,PERIFERA SPEEDY EYEBROW AUTO PENCIL 001 BLACK BROWN,PERIPERA,,,,,,
8809347975611,975611,PERIFERA SPEEDY EYEBROW AUTO PENCIL 002 GRAY BROWN,PERIPERA,,,,,,
8809347975628,975628,PERIFERA SPEEDY EYEBROW AUTO PENCIL 003 BROWN,PERIPERA,,,,,,
8809937591733,591733,PERIPERA SPEEDY PENCIL LINER 001 MELLOY BLACK,PERIPERA,,,,,,
8809937591740,591740,PERIPERA SPEEDY PENCIL LINER 002 NEUTRAL BROWN,PERIPERA,,,,,,
8809937591757,591757,PERIPERA SPEEDY PENCIL LINER 003 MILK TEA BROWN,PERIPERA,,,,,,
8809937591764,591764,PERIPERA SPEEDY PENCIL LINER 004 SOFT ASH,PERIPERA,,,,,,
8809937591771,591771,PERIPERA SPEEDY PENCIL LINER 005 UNDER ROSY,PERIPERA,,,,,,
8800255684138,684138,PERIPERA SLIP ON MY LIP M01 OVER THE MOON,PERIPERA,,,,,,
8800255684121,684121,PERIPERA SLIP ON MY LIP M02 COME TRUE,PERIPERA,,,,,,
8800255684114,684114,PERIPERA SLIP ON MY LIP M03 DO WHAT LOVE,PERIPERA,,,,,,
8800255684107,684107,PERIPERA SLIP ON MY LIP M04 THANKS A LOT,PERIPERA,,,,,,
8800255684091,684091,PERIPERA SLIP ON MY LIP M05 DIZZY LOVE,PERIPERA,,,,,,
8800255684084,684084,PERIPERA SLIP ON MY LIP M06 LONG TIME NO SEE,PERIPERA,,,,,,
8800255684077,684077,PERIPERA SLIP ON MY LIP S01 IF YOU MINE,PERIPERA,,,,,,
8800255684060,684060,PERIPERA SLIP ON MY LIP S02 WORK THE BEST,PERIPERA,,,,,,
8800255684053,684053,PERIPERA SLIP ON MY LIP S03 BORN TO BE STAR,PERIPERA,,,,,,
8800255684046,684046,PERIPERA SLIP ON MY LIP S04 MOVE LIKE THIS,PERIPERA,,,,,,
8809970750432,750432,PERIPERA OVER BLUR TINT 001 WARM-BASSADOR,PERIPERA,,,,,,
8809970750449,750449,PERIPERA OVER BLUR TINT 002 COOL STARTER,PERIPERA,,,,,,
8809970750456,750456,PERIPERA OVER BLUR TINT 003 PINK CHECK,PERIPERA,,,,,,
8809970750463,750463,PERIPERA OVER BLUR TINT 004 CORAL-LA-LA,PERIPERA,,,,,,
8809970750470,750470,PERIPERA OVER BLUR TINT 005 VINTAGE ACORN,PERIPERA,,,,,,
8809970757813,757813,PERIPERA OVER BLUR TINT (TTEOK RECIPE) 008 COOL PINK COATING,PERIPERA,,,,,,
8809970757820,757820,PERIPERA OVER BLUR TINT (TTEOK RECIPE) 009 WARM CAN DO IT,PERIPERA,,,,,,
8809970757837,757837,PERIPERA OVER BLUR TINT (TTEOK RECIPE) 01BEST ROSE,PERIPERA,,,,,,
8809786591700,591700,PERIPERA OIL CAPTURE COOLING POWDER,PERIPERA,,,,,,
8809900986214,986214,PERIPERA ALL TAKE MOOD LIKE PALETTE 01 PRESTIGE PINK (PERITAGE),PERIPERA,,,,,,
8809900986221,986221,PERIPERA ALL TAKE MOOD LIKE PALETTE 02 PEACH HEAVEN (PERITAGE),PERIPERA,,,,,,
8809970754478,754478,PERIPERA ALL TAKE MOOD PALETTE 001 WHISPER OF SPRING CORAL,PERIPERA,,,,,,
8809970754485,754485,PERIPERA ALL TAKE MOOD PALETTE 002 A STORYLINE OF SUMMER,PERIPERA,,,,,,
8809970754508,754508,"PERIPERA ALL TAKE MOOD PALETTE 004 IF PINK, CHECK DM PLZ",PERIPERA,,,,,,
8800255680550,680550,PERIPERA ALL TAKE MOOD PALETTE 005 NO ACORN PASSES BY AUTUMN,PERIPERA,,,,,,
8800255680567,680567,PERIPERA ALL TAKE MOOD PALETTE 006 I'M THE MAUVE QUEEN AROUND HERE,PERIPERA,,,,,,
8809900986023,986023,PERIPERA WATER BARE TINT 007 MUTE PARADISE (PERITAGE),PERIPERA,,,,,,
8809900986030,986030,PERIPERA WATER BARE TINT 008 PURE PINK (PERITAGE),PERIPERA,,,,,,
8809900981530,981530,PERIPERA WATER BARE TINT 002 UNIVERSAL CORAL,PERIPERA,,,,,,
8809900981547,981547,PERIPERA WATER BARE TINT 003 EMOTIONAL PINK,PERIPERA,,,,,,
8809900981554,981554,PERIPERA WATER BARE TINT 004 ALL RIGHT PEACH,PERIPERA,,,,,,
8809900981561,981561,PERIPERA WATER BARE TINT 005 RED UPDATE,PERIPERA,,,,,,
8809862286025,286025,PERIPERA INK GLASTING LIP GLOSS 003 CHILLING ROSY,PERIPERA,,,,,,
8809900987068,987068,PERIPERA INK GLASTING LIP GLOSS 06 MADE IT,PERIPERA,,,,,,
8809937591979,591979,PERIPERA INK GLASTING LIP GLOSS 08 LOVE OF FATE,PERIPERA,,,,,,
8809937591986,591986,PERIPERA INK GLASTING LIP GLOSS 09 GROW ON YOU,PERIPERA,,,,,,
8800255680482,680482,PERIPERA INK GLASTING LIP GLOSS 012 COMFY COZY,PERIPERA,,,,,,
8800255680499,680499,PERIPERA INK GLASTING LIP GLOSS 013 GET HAPPY,PERIPERA,,,,,,
8800255680505,680505,PERIPERA INK GLASTING LIP GLOSS 014 FIND JOY,PERIPERA,,,,,,
8800255682349,682349,PERIPERA INK GLASTING LIP GLOSS P01 BE ON FIRE,PERIPERA,,,,,,
8809828411287,411287,PERIPERA INK VELVET 024 MILKY NUDE,PERIPERA,,,,,,
8809828411294,411294,PERIPERA INK VELVET 025 CINNAMON NUDE,PERIPERA,,,,,,
8809828411300,411300,PERIPERA INK VELVET 026 WELL-MADE NUDE,PERIPERA,,,,,,
8809828411317,411317,PERIPERA INK VELVET 027 STRAWBERRY NUDE,PERIPERA,,,,,,
8809862288913,288913,PERIPERA INK VELVET 35 SPRING SALMON,PERIPERA,,,,,,
8809862288920,288920,PERIPERA INK VELVET 36 ACTIVE CORAL,PERIPERA,,,,,,
8809862288937,288937,PERIPERA INK VELVET 37 ENJOY MUTE,PERIPERA,,,,,,
8809862288951,288951,PERIPERA INK VELVET 039 SUNNY ORANGE,PERIPERA,,,,,,
8809828415278,415278,PERIPERA INK VELVET 03CLASSIC NUDE,PERIPERA,,,,,,
8809751116235,116235,PERIPERA INK VELVET 017 ROSY NUDE,PERIPERA,,,,,,
8809751118710,118710,PERIPERA INK VELVET 018 STAR PLUM PINK,PERIPERA,,,,,,
8809644495102,495102,PERIPERA INK VELVET #8 SELLOUT RED,PERIPERA,,,,,,
8809691972076,972076,PERIPERA INK VELVET 16 HEART FUCHSIA PINK,PERIPERA,,,,,,
8809828419719,419719,PERIPERA INK AIRY VELVET 021 FLUFFY PEACH,PERIPERA,,,,,,
8809828419733,419733,PERIPERA INK AIRY VELVET 023 IN THE PEACHLIGHT,PERIPERA,,,,,,
8809970757240,757240,PERIPERA INK AIRY VELVET 031 MILD ROSE,PERIPERA,,,,,,
8809970757257,757257,PERIPERA INK AIRY VELVET 032 REDDISH ROSE,PERIPERA,,,,,,
8809970757271,757271,PERIPERA INK AIRY VELVET 034 PLUM ROSE,PERIPERA,,,,,,
8809970757288,757288,PERIPERA INK AIRY VELVET 035 CHERRY ROSE,PERIPERA,,,,,,
8809900987785,987785,PERIPERA INK AIRY VELVET 026 APRICOT PEACH,PERIPERA,,,,,,
8809900987792,987792,PERIPERA INK AIRY VELVET 027 INSIDE PEACH,PERIPERA,,,,,,
8809900987815,987815,PERIPERA INK AIRY VELVET 029 WHAT ARE YOU FIG?,PERIPERA,,,,,,
8809900987822,987822,PERIPERA INK AIRY VELVET 03WAKE UP CHERRY,PERIPERA,,,,,,
8809644492835,492835,PERIPERA INK AIRY VELVET 007 HEART GRAPEFRUIT,PERIPERA,,,,,,
8809644492828,492828,PERIPERA INK AIRY VELVET 008 PRETTY ORANGE PINK,PERIPERA,,,,,,
8809828414233,414233,PERIPERA INK MOOD GLOWY TINT 02 CORAL INFLUENCER,PERIPERA,,,,,,
8809828414240,414240,PERIPERA INK MOOD GLOWY TINT 03 ROSE IN MIND,PERIPERA,,,,,,
8809828414264,414264,PERIPERA INK MOOD GLOWY TINT 05 CHERRY SO WHAT,PERIPERA,,,,,,
8809937596158,596158,PERIPERA INK MOOD GLOWY TINT 021 COOLING PINK (LUCKY LOTTERY),PERIPERA,,,,,,
8809937596165,596165,PERIPERA INK MOOD GLOWY TINT 022 PINK PRIZE (LUCKY LOTTERY),PERIPERA,,,,,,
8809937596172,596172,PERIPERA INK MOOD GLOWY TINT 023 CORAL CHEMISTRY (LUCKY LOTTERY),PERIPERA,,,,,,
8809970750388,750388,PERIPERA INK MOOD GLOWY TINT (TTEOK RECIPE) 027 JOKING PINK,PERIPERA,,,,,,
8809970750395,750395,PERIPERA INK MOOD GLOWY TINT (TTEOK RECIPE) 028 ROSE STANDARD,PERIPERA,,,,,,
8809970750944,750944,PERIPERA INK MOOD GLOWY TINT (TTEOK RECIPE) 029 HURRY UP PINK,PERIPERA,,,,,,
8809786590383,590383,PERIPERA INK THIN THIN BRUSH LINER 001 BLACK NOIR,PERIPERA,,,,,,
8809786590390,590390,PERIPERA INK THIN THIN BRUSH LINER 002 BROWN FILM,PERIPERA,,,,,,
8809970758155,758155,PERIPERA INK ALL BLACK CARA 01 LONG CURLING,PERIPERA,,,,,,
8809970758162,758162,PERIPERA INK ALL BLACK CARA 02 VOLUME CURLING,PERIPERA,,,,,,
8809862288661,288661,PERIPERA INK POCKET SHADOW PALETTE 001 FANCY SPRING SUNSHINE,PERIPERA,,,,,,
8809862288678,288678,PERIPERA INK POCKET SHADOW PALETTE 002 COOL SUMMER VIBE,PERIPERA,,,,,,
8809862288685,288685,PERIPERA INK POCKET SHADOW PALETTE 003 ROLLING IN THE AUTUMN,PERIPERA,,,,,,
8809862288692,288692,PERIPERA INK POCKET SHADOW PALETTE 004 YOU KNOW WHAT MUTE IS,PERIPERA,,,,,,
8809970757295,757295,"PERIPERA FILTER FIT MILK TONE UP 001 SNOW PEACH SPF30, PA++",PERIPERA,,,,,,
8809970757301,757301,"PERIPERA FILTER FIT MILK TONE UP 002 PURE BLUE SPF30, PA++",PERIPERA,,,,,,
8809970757318,757318,"PERIPERA FILTER FIT MILK TONE UP 003 CLEAR MINT SPF30, PA++",PERIPERA,,,,,,
8800255686880,686880,PERIPERA PURE BLUSHED SUNSHINE CHEEK 27 STRAWBERRY PINK,PERIPERA,,,,,,
8800255686873,686873,PERIPERA PURE BLUSHED SUNSHINE CHEEK 26 FLUFFY BERRY,PERIPERA,,,,,,
8800255685326,685326,PERIPERA INK POCKET SHADOW PALETTE 08 STRAWBERRY IN MUTE,PERIPERA,,,,,,
8800255685333,685333,PERIPERA INK POCKET SHADOW PALETTE 07 SPRING STRAWBERRIES IN THE SUN,PERIPERA,,,,,,
8800255685449,685449,PERIPERA INK MOOD GLOWY TINT 32 GOGO BERRY,PERIPERA,,,,,,
8800255685456,685456,PERIPERA INK MOOD GLOWY TINT 31 HONORABLE BERRY,PERIPERA,,,,,,
8800255685463,685463,PERIPERA INK MOOD GLOWY TINT 30 HAPPY BERRY,PERIPERA,,,,,,
8800255685388,685388,PERIPERA INK GLASTING LIP GLOSS (SOFT BERRY) 017 BERRY BEST,PERIPERA,,,,,,
8800255685395,685395,PERIPERA INK GLASTING LIP GLOSS (SOFT BERRY) 016 ALL THAT BERRY,PERIPERA,,,,,,
8800255685401,685401,PERIPERA INK GLASTING LIP GLOSS (SOFT BERRY) 015 SOFT SWEET,PERIPERA,,,,,,
8809576261301,261301,SKIN1004 MADAGASCAR CENTELLA AIR-FIT SUNCREAM PLUS,SKIN1004,,,,,,
8809913830085,830085,SKIN1004 MADAGASCAR CENTELLA POREMIZING QUICK CLAY STICK MASK,SKIN1004,Active,,,,,
4571501176830,176830,MILLEFEE PAINTING LIQUID EYELINER 01 BLACK,MILLEFEE,,,,,,
4571501176847,176847,MILLEFEE PAINTING LIQUID EYELINER 02 DARK BROWN,MILLEFEE,,,,MILLEFEE-R2-P2,,
4571501176854,176854,MILLEFEE PAINTING LIQUID EYELINER 03 MOCHA BROWN,MILLEFEE,,,,MILLEFEE-R2-P2,,
4571501176861,176861,MILLEFEE PAINTING LIQUID EYELINER 04 PINK PEARL,MILLEFEE,,,,MILLEFEE-R2-P2,,
4901301444271,444271,KAO LIESE CREAMY BUBBLE COLOR ICE BLUEGE,KAO,Active,,,,,
4901301444226,444226,KAO LIESE CREAMY BUBBLE COLOR MILK TEA GREIGE,KAO,Active,,,,,
4901301444196,444196,KAO LIESE CREAMY BUBBLE COLOR DARK CHOCOLATE,KAO,Active,,,,,
4901301444301,444301,KAO LIESE CREAMY BUBBLE COLOR CITRON ASH,KAO,Active,,,,,
4901301444172,444172,KAO LIESE CREAMY BUBBLE COLOR MILK TEA BROWN,KAO,Active,,,,,
4901301444240,444240,KAO LIESE CREAMY BUBBLE COLOR OLIVE ASH,KAO,Active,,,,,
4901301444318,444318,KAO LIESE CREAMY BUBBLE COLOR CHOCOLATE BROWN,KAO,Active,,,,,
4901301444219,444219,KAO LIESE CREAMY BUBBLE COLOR AIRY GREIGE,KAO,Active,,,,,
4901301444264,444264,KAO LIESE CREAMY BUBBLE COLOR DEEP VIOLET,KAO,Active,,,,,
4901301444165,444165,KAO LIESE CREAMY BUBBLE COLOR MARSHMALLOW BROWN,KAO,Active,,,,,
4901301444189,444189,KAO LIESE CREAMY BUBBLE COLOR ROYAL BROWN,KAO,Active,,,,,
4901301444202,444202,KAO LIESE CREAMY BUBBLE COLOR LAVENDER GREIGE,KAO,Active,,,,,
4901301444233,444233,KAO LIESE CREAMY BUBBLE COLOR BLUE GRAY,KAO,Active,,,,,
4901301444257,444257,KAO LIESE CREAMY BUBBLE COLOR COOL PINK,KAO,Active,,,,,
4901301444288,444288,KAO LIESE CREAMY BUBBLE COLOR SMOKY ASH GRAY,KAO,Active,,,,,
4901301444295,444295,KAO LIESE CREAMY BUBBLE COLOR SUGAR PINK,KAO,Active,,,,,
69733917319426938582322477,322477,INTO YOU SHERO SUPER MATTE LIP CHEEK MUD EM25,INTO YOU,,,,,,
69733917327416973391733830,733830,INTO YOU CONDENSED FOG LIP MATT C06,INTO YOU,,,,,,
6973391736466,736466,INTO YOU AIR CUSHION BLUSH CB01,INTO YOU,,,,,,
6973391736473,736473,INTO YOU AIR CUSHION BLUSH CB02,INTO YOU,,,,,,
6973391736480,736480,INTO YOU AIR CUSHION BLUSH CB03,INTO YOU,,,,,,
6973391736497,736497,INTO YOU AIR CUSHION BLUSH CB04,INTO YOU,,,,,,
6973391736503,736503,INTO YOU AIR CUSHION BLUSH CB05,INTO YOU,,,,,,
8809615058688,058688,MEDIHEAL MADECASSOSIDE BLEMISH PAD,MEDIHEAL,,,,,,
8809615059630,059630,MEDIHEAL PHYTO-ENZYME PAD,MEDIHEAL,,,,,,
8809936740583,740583,MEDIHEAL RETINOL COLLAGEN LIFTING PAD,MEDIHEAL,,,,,,
8809615058671,058671,MEDIHEAL TRATREE TROUBLE PAD,MEDIHEAL,,,,,,
8809615059302,059302,MEDIHEAL VITAMIDE PAD,MEDIHEAL,,,,,,
8809615058695,058695,MEDIHEAL WATERMIDE TONER PAD,MEDIHEAL,,,,,,
8809615058701,058701,MEDIHEAL COLLAGEN AMPOULE PAD,MEDIHEAL,,,,,,
6975242800395,800395,JUDYDOLL PRETTY BLUSH POWDER 02,JUDYDOLL,,,,,,
6975242800425,800425,JUDYDOLL PRETTY BLUSH POWDER 06,JUDYDOLL,,,,,,
6975242800401,800401,JUDYDOLL PRETTY BLUSH POWDER 03,JUDYDOLL,,,,,,
6971053255447,255447,JUDYDOLL PRETTY BLUSH POWDER 34,JUDYDOLL,,,,,,
6975242807691,807691,JUDYDOLL PRETTY BLUSH POWDER 41,JUDYDOLL,,,,,,
6975242804157,804157,JUDYDOLL PRETTY BLUSH POWDER 68,JUDYDOLL,,,,,,
6972786995983,995983,JUDYDOLL PRETTY BLUSH POWDER 48,JUDYDOLL,,,,,,
6972786999370,999370,JUDYDOLL PRETTY BLUSH POWDER 52,JUDYDOLL,,,,,,
6976436774225,774225,JUDYDOLL PLAYFUL MULTI FUNCTION FACE PALETTE 02,JUDYDOLL,,,,,,
6975242807028,807028,JUDYDOLL PLAYFUL MULTI FUNCTION FACE PALETTE 15,JUDYDOLL,,,,,,
6976436774478,774478,JUDYDOLL PLAYFUL MULTI FUNCTION FACE PALETTE 16,JUDYDOLL,,,,,,
6976436774485,774485,JUDYDOLL PLAYFUL MULTI FUNCTION FACE PALETTE 17,JUDYDOLL,,,,,,
6976436774201,774201,JUDYDOLL PLAYFUL MULTI FUNCTION FACE PALETTE 26,JUDYDOLL,,,,,,
6976436774492,774492,JUDYDOLL PLAYFUL MULTI FUNCTION FACE PALETTE 28,JUDYDOLL,,,,,,
69764367732116976436772566,772566,JUDYDOLL-2 IN 1 HIGHLIGHTER CONTOUR PALETTE 01,JUDYDOLL,,,,,,
697643677260369752428061206976436772573,772573,JUDYDOLL-2 IN 1 HIGHLIGHTER CONTOUR PALETTE 02 WOOD,JUDYDOLL,,,,,,
6976436772580,772580,JUDYDOLL-2 IN 1 HIGHLIGHTER CONTOUR PALETTE 04,JUDYDOLL,,,,,,
6976436772535,772535,JUDYDOLL BLUSH AND HIGHLIGHT PALETTE 01,JUDYDOLL,,,,,,
69764367725426976436777394,777394,JUDYDOLL BLUSH AND HIGHLIGHT PALETTE 02,JUDYDOLL,,,,,,
6976436772559,772559,JUDYDOLL BLUSH AND HIGHLIGHT PALETTE 03,JUDYDOLL,,,,,,
6976436774430,774430,JUDYDOLL BLUSH AND HIGHLIGHT PALETTE 04,JUDYDOLL,,,,,,
6976436771576,771576,JUDYDOLL SKINNY LIQUID EYELINER 01 BLACK,JUDYDOLL,,,,,,
6976436771583,771583,JUDYDOLL SKINNY LIQUID EYELINER 02 BROWN,JUDYDOLL,,,,,,
6976436771415,771415,JUDYDOLL ULTRA FINE SLIM LIQUID EYELINER 01 BLACK,JUDYDOLL,,,,,,
6976436771422,771422,JUDYDOLL ULTRA FINE SLIM LIQUID EYELINER 02 BROWN,JUDYDOLL,,,,,,
6972786995938,995938,JUDYDOLL 3D CURLING EYELASH IRON MASCARA 01 BLACK (CLASSIC),JUDYDOLL,,,,,,
6972786995945,995945,JUDYDOLL 3D CURLING EYELASH IRON MASCARA 02 BROWN (CLASSIC),JUDYDOLL,,,,,,
6975242806748,806748,JUDYDOLL 3D CURLING EYELASH IRON MASCARA 01 BLACK (CURLING),JUDYDOLL,,,,,,
6975242806755,806755,JUDYDOLL 3D CURLING EYELASH IRON MASCARA 02 BROWN (CURLING),JUDYDOLL,,,,,,
6976436773167,773167,JUDYDOLL VOLUME CURING MASCARA DUO,JUDYDOLL,,,,,,
69764367755986976436777455,777455,JUDYDOLL ICE WATERY LIP GLOSS 2,JUDYDOLL,,,,,,
6976436775604,775604,JUDYDOLL ICE WATERY LIP GLOSS 4,JUDYDOLL,,,,,,
69764367757656976436777509,777509,JUDYDOLL ICE WATERY LIP GLOSS 9,JUDYDOLL,,,,,,
6976436775628,775628,JUDYDOLL ICE WATERY LIP GLOSS 10,JUDYDOLL,,,,,,
69764367757726976436777523,777523,JUDYDOLL ICE WATERY LIP GLOSS 11,JUDYDOLL,,,,,,
6976436775611,775611,JUDYDOLL ICE WATERY LIP GLOSS 7,JUDYDOLL,,,,,,
6976436774645,774645,JUDYDOLL WATERY ESSENCE LIP GLAZE G01,JUDYDOLL,,,,,,
6976436774690,774690,JUDYDOLL WATERY ESSENCE LIP GLAZE G02,JUDYDOLL,,,,,,
6976436774706,774706,JUDYDOLL WATERY ESSENCE LIP GLAZE G03,JUDYDOLL,,,,,,
6976436774713,774713,JUDYDOLL WATERY ESSENCE LIP GLAZE G04,JUDYDOLL,,,,,,
6976436774720,774720,JUDYDOLL WATERY ESSENCE LIP GLAZE G05,JUDYDOLL,,,,,,
6976436774737,774737,JUDYDOLL WATERY ESSENCE LIP GLAZE G06,JUDYDOLL,,,,,,
8809937361466,361466,BIODANCE RADIANT VITA NIACINAMIDE REAL DEEP MASK [1PC 8809937361459],BIODANCE,Active,,,,,
8809937361480,361480,BIODANCE REFRESHING SEA KELP REAL DEEP MASK [1PC 8809937361473],BIODANCE,,,,,,
6974191223385,223385,ZAUO WOMEN SUN PROTECTION CLOUTH SLIM BLACK L,ZAUO,Active,,,,,
6974191223439,223439,ZAUO WOMEN SUN PROTECTION CLOUTH SLIM BEIGE L,ZAUO,,,,,,
6974191225112,225112,ZAUO COOLING SUN PROTECTION LONG SKIRT BLACK L,ZAUO,,,,,,
6974191225129,225129,ZAUO COOLING SUN PROTECTION LONG SKIRT PURPLE L,ZAUO,,,,,,
8809928136189,136189,TIRTIR GLOSSY COATING MIST,TIRTIR,,,,,,
8809679690039,690039,TIRTIR SOS SERUM,TIRTIR,,,,,,
8809928132969,132969,TIRTIR NIACINAMIDE 20 SERUM,TIRTIR,,,,,,
8809679698929,698929,TIRTIR CERAMIC MILK AMPOULE 10ML,TIRTIR,,,,,,
8809928133805,133805,TIRTIR CERAMIC MILK AMPOULE 30ML,TIRTIR,,,,,,
8809679698813,698813,TIRTIR CERAMIC MILK AMPOULE 40ML,TIRTIR,,,,,,
8809679690725,690725,TIRTIR CERAMIC CREAM 100ML,TIRTIR,,,,,,
8809679690015,690015,TIRTIR CERAMIC CREAM 50ML,TIRTIR,,,,,,
8809679697489,697489,TIRTIR MASK FIT RED MINI CUSHION 17C PORCELAIN,TIRTIR,,,,,,
8809679697496,697496,TIRTIR MASK FIT RED MINI CUSHION 21N IVORY,TIRTIR,,,,,,
8809679697502,697502,TIRTIR MASK FIT RED MINI CUSHION 23N SAND,TIRTIR,,,,,,
8809928135595,135595,TIRTIR MASK FIT RED MINI CUSHION 13C FAIR,TIRTIR,,,,,,
8809928135601,135601,TIRTIR MASK FIT RED MINI CUSHION 13N FAIR IVORY,TIRTIR,,,,,,
8809928135618,135618,TIRTIR MASK FIT RED MINI CUSHION 15C FAIR PORCELAIN,TIRTIR,,,,,,
8809928135625,135625,TIRTIR MASK FIT RED MINI CUSHION 17N FAIR VANILLA,TIRTIR,,,,,,
8809928135632,135632,TIRTIR MASK FIT RED MINI CUSHION 17W FRENCH VANILLA,TIRTIR,,,,,,
8809928135649,135649,TIRTIR MASK FIT RED MINI CUSHION 21C COOL IVORY,TIRTIR,,,,,,
8809928135656,135656,TIRTIR MASK FIT RED MINI CUSHION 21W NATURAL IVORY,TIRTIR,,,,,,
8809928133256,133256,TIRTIR MASK FIT RED MINI CUSHION 24N LATTE,TIRTIR,,,,,,
8809928135663,135663,TIRTIR MASK FIT RED MINI CUSHION 24W SOFT BEIGE,TIRTIR,,,,,,
8809928133270,133270,TIRTIR MASK FIT RED MINI CUSHION 25N MOCHA,TIRTIR,,,,,,
8809928133225,133225,TIRTIR MASK FIT RED MINI CUSHION 27N CAMEL,TIRTIR,,,,,,
8809928135670,135670,TIRTIR MASK FIT RED MINI CUSHION 29N NATURAL BEIGE,TIRTIR,,,,,,
8809928135687,135687,TIRTIR MASK FIT RED MINI CUSHION 33C HAZEL,TIRTIR,,,,,,
8809928135694,135694,TIRTIR MASK FIT RED MINI CUSHION 33N MACCHIATO,TIRTIR,,,,,,
8809928135700,135700,TIRTIR MASK FIT RED MINI CUSHION 35N WALNUT,TIRTIR,,,,,,
8809928135717,135717,TIRTIR MASK FIT RED MINI CUSHION 40N CINNAMON,TIRTIR,,,,,,
8809928135724,135724,TIRTIR MASK FIT RED MINI CUSHION 43N DEEP COCOA,TIRTIR,,,,,,
8809928135731,135731,TIRTIR MASK FIT RED MINI CUSHION 27C COOL BEIGE,TIRTIR,,,,,,
8809928135748,135748,TIRTIR MASK FIT RED MINI CUSHION 30N RICH HONEY,TIRTIR,,,,,,
8809928135755,135755,TIRTIR MASK FIT RED MINI CUSHION 31N FRENCH BEIGE,TIRTIR,,,,,,
8809928135762,135762,TIRTIR MASK FIT RED MINI CUSHION 33W GINGER,TIRTIR,,,,,,
8809928135779,135779,TIRTIR MASK FIT RED MINI CUSHION 34C AMBER,TIRTIR,,,,,,
8809928135786,135786,TIRTIR MASK FIT RED MINI CUSHION 34N PECAN,TIRTIR,,,,,,
8809928135793,135793,TIRTIR MASK FIT RED MINI CUSHION 34W TOFFEE,TIRTIR,,,,,,
8809928135809,135809,TIRTIR MASK FIT RED MINI CUSHION 37C ALMOND,TIRTIR,,,,,,
8809928135816,135816,TIRTIR MASK FIT RED MINI CUSHION 51N FUDGE,TIRTIR,,,,,,
8809928135823,135823,TIRTIR MASK FIT RED MINI CUSHION 55N ESPRESSO,TIRTIR,,,,,,
8809928137483,137483,TIRTIR MASK FIT RED CUSHION 10C SHELL(MINI),TIRTIR,,,,,,
8809928137490,137490,TIRTIR MASK FIT RED CUSHION 13W CREAM(MINI),TIRTIR,,,,,,
8809928137506,137506,TIRTIR MASK FIT RED CUSHION 22C PEACH BEIGE(MINI),TIRTIR,,,,,,
8809928137513,137513,TIRTIR MASK FIT RED CUSHION 22N SHELL BEIGE(MINI),TIRTIR,,,,,,
8809928137520,137520,TIRTIR MASK FIT RED CUSHION 22W SHEER BEIGE(MINI),TIRTIR,,,,,,
8809928137537,137537,TIRTIR MASK FIT RED CUSHION 28N OAT(MINI),TIRTIR,,,,,,
8809928137544,137544,TIRTIR MASK FIT RED CUSHION 29C TAUPE BEIGE(MINI),TIRTIR,,,,,,
8809928137551,137551,TIRTIR MASK FIT RED CUSHION 45N SADDLE BROWN(MINI),TIRTIR,,,,,,
8809928137568,137568,TIRTIR MASK FIT RED CUSHION 45W CHESTNUT(MINI),TIRTIR,,,,,,
8809928137575,137575,TIRTIR MASK FIT RED CUSHION 47N EBONY(MINI),TIRTIR,,,,,,
8809679696444,696444,TIRTIR MASK FIT RED CUSHION 17C PORCELAIN,TIRTIR,,,,,,
8809679696451,696451,TIRTIR MASK FIT RED CUSHION 21N IVORY,TIRTIR,,,,,,
8809679696468,696468,TIRTIR MASK FIT RED CUSHION 23N SAND,TIRTIR,,,,,,
8809928134833,134833,TIRTIR MASK FIT RED CUSHION 13C FAIR,TIRTIR,,,,,,
8809928134840,134840,TIRTIR MASK FIT RED CUSHION 13N FAIR IVORY,TIRTIR,,,,,,
8809928134857,134857,TIRTIR MASK FIT RED CUSHION 15C FAIR PORCELAIN,TIRTIR,,,,,,
8809928134864,134864,TIRTIR MASK FIT RED CUSHION 17N VANILLA,TIRTIR,,,,,,
8809928134871,134871,TIRTIR MASK FIT RED CUSHION 17W FRENCH VANILLA,TIRTIR,,,,,,
8809928134888,134888,TIRTIR MASK FIT RED CUSHION 21C COOL IVORY,TIRTIR,,,,,,
8809928133867,133867,TIRTIR MASK FIT RED CUSHION 21W NATURAL IVORY,TIRTIR,,,,,,
8809928133249,133249,TIRTIR MASK FIT RED CUSHION 24N LATTE,TIRTIR,,,,,,
8809928133874,133874,TIRTIR MASK FIT RED CUSHION 24W SOFT BEIGE,TIRTIR,,,,,,
8809928133263,133263,TIRTIR MASK FIT RED CUSHION 25N MOCHA,TIRTIR,,,,,,
8809928133287,133287,TIRTIR MASK FIT RED CUSHION 27N CAMEL,TIRTIR,,,,,,
8809928133881,133881,TIRTIR MASK FIT RED CUSHION 29N NATURAL BEIGE,TIRTIR,,,,,,
8809928134895,134895,TIRTIR MASK FIT RED CUSHION 33C HAZEL,TIRTIR,,,,,,
8809928134901,134901,TIRTIR MASK FIT RED CUSHION 33N MACCHIATO,TIRTIR,,,,,,
8809928134918,134918,TIRTIR MASK FIT RED CUSHION 35N WALNUT,TIRTIR,,,,,,
8809928134925,134925,TIRTIR MASK FIT RED CUSHION 40N CINAMON,TIRTIR,,,,,,
8809928134932,134932,TIRTIR MASK FIT RED CUSHION 43N DEEP COCOA,TIRTIR,,,,,,
8809928135830,135830,TIRTIR MASK FIT RED CUSHION 27C COOL BEIGE,TIRTIR,,,,,,
8809928135847,135847,TIRTIR MASK FIT RED CUSHION 30N RICH HONEY,TIRTIR,,,,,,
8809928135854,135854,TIRTIR MASK FIT RED CUSHION 31N FRENCH BEIGE,TIRTIR,,,,,,
8809928135861,135861,TIRTIR MASK FIT RED CUSHION 33W GINGER,TIRTIR,,,,,,
8809928135878,135878,TIRTIR MASK FIT RED CUSHION 34C AMBER,TIRTIR,,,,,,
8809928135885,135885,TIRTIR MASK FIT REDCUSHION 34N PECAN,TIRTIR,,,,,,
8809928135892,135892,TIRTIR MASK FIT RED CUSHION 34W TOFFEE,TIRTIR,,,,,,
8809928135908,135908,TIRTIR MASK FIT RED CUSHION 37C ALMOND,TIRTIR,,,,,,
8809928135915,135915,TIRTIR MASK FIT RED CUSHION 51N FUDGE,TIRTIR,,,,,,
8809928135922,135922,TIRTIR MASK FIT RED CUSHION 55N ESPRESSO,TIRTIR,,,,,,
8809928137384,137384,TIRTIR MASK FIT RED CUSHION 10C SHELL,TIRTIR,,,,,,
8809928137391,137391,TIRTIR MASK FIT RED CUSHION 13W CREAM,TIRTIR,,,,,,
8809928137407,137407,TIRTIR MASK FIT RED CUSHION 22C PEACH BEIGE,TIRTIR,,,,,,
8809928137414,137414,TIRTIR MASK FIT RED CUSHION 22N SHELL BEIGE,TIRTIR,,,,,,
8809928137421,137421,TIRTIR MASK FIT RED CUSHION 22W SHEER BEIGE,TIRTIR,,,,,,
8809928137438,137438,TIRTIR MASK FIT RED CUSHION 28N OAT,TIRTIR,,,,,,
8809928137445,137445,TIRTIR MASK FIT RED CUSHION 29C TAUPE BEIGE,TIRTIR,,,,,,
8809928137452,137452,TIRTIR MASK FIT RED CUSHION 45N SADDLE BROWN,TIRTIR,,,,,,
8809928137469,137469,TIRTIR MASK FIT RED CUSHION 45W CHESTNUT,TIRTIR,,,,,,
8809928137476,137476,TIRTIR MASK FIT RED CUSHION 47N EBONY,TIRTIR,,,,,,
8809679699612,699612,TIRTIR MASK FIT MAKE UP FIXER,TIRTIR,,,,,,
8809679697434,697434,TIRTIR MASK FIT MINI CUSHION 21N IVORY,TIRTIR,,,,,,
8809679697441,697441,TIRTIR MASK FIT MINI CUSHION 23N SAND,TIRTIR,,,,,,
8809928133089,133089,TIRTIR MASK FIT COOL SUN CUSHION,TIRTIR,,,,,,
8809928130538,130538,TIRTIR MASK FIT TONE UP ESSENCE,TIRTIR,,,,,,
8809928131368,131368,TIRTIR MASK FIT TONE UP ESSENCE LAVENDER,TIRTIR,,,,,,
8809928131351,131351,TIRTIR MASK FIT TONE UP ESSENCE MINT,TIRTIR,,,,,,
8809928132013,132013,TIRTIR MY GLOW LAVENDER LIP OIL,TIRTIR,,,,,,
8809679691104,691104,TIRTIR MY GLOW ROSY LIP OIL,TIRTIR,,,,,,
8809928132006,132006,TIRTIR MY GLOW MINT LIP OIL,TIRTIR,,,,,,
8809679691098,691098,TIRTIR MY GLOW HONEY LIP OIL,TIRTIR,,,,,,
8809928131153,131153,TIRTIR MILK SKIN TONER 150ML,TIRTIR,,,,,,
8809928132488,132488,TIRTIR MILK SKIN TONER 50ML,TIRTIR,,,,,,
8809928134451,134451,TIRTIR MILK SKIN TONER 20ML,TIRTIR,,,,,,
8809928133812,133812,TIRTIR MILK SKIN TONER LIGHT 150ML,TIRTIR,,,,,,
8809928134253,134253,TIRTIR MILK SKIN TONER LIGHT 50ML,TIRTIR,,,,,,
8809928134208,134208,TIRTIR MILK SKIN TONER LIGHT 20ML,TIRTIR,,,,,,
8809679696420,696420,TIRTIR GALACTOMYCES AMPOULE MASK,TIRTIR,,,,,,
8809679696697,696697,TIRTIR TEA TREE CLEAR AMPOULE MASK,TIRTIR,,,,,,
8809679696703,696703,TIRTIR NMF HYDRO AMPOULE MASK,TIRTIR,,,,,,
8809679692514,692514,TIRTIR COLLAGEN LIFTING EYE CREAM,TIRTIR,,,,,,
8809928131184,131184,TIRTIR PURE VITAMIN C24 SERUM,TIRTIR,,,,,,
8809928134352,134352,TIRTIR HYDRO BOOST ENZYME POWDER WASH,TIRTIR,,,,,,
8809928134369,134369,TIRTIR HYDRO BOOST ENZYME POWDER WASH,TIRTIR,,,,,,
8809928134321,134321,TIRTIR HYDRO BOOST ENZYME CLEANSING BALM 120ML,TIRTIR,,,,,,
8809928134338,134338,TIRTIR HYDRO BOOST ENZYME CLEANSING BALM-,TIRTIR,,,,,,
8809928134345,134345,TIRTIR HYDRO BOOST ENZYME CLEANSING BALM,TIRTIR,,,,,,
8809928135397,135397,TIRTIR CERAMIC CREAM LIGHT,TIRTIR,,,,,,
8809928137148,137148,TIRTIR MASK FIT AURA CUSHION 13N FAIR IVORY (MINI),TIRTIR,,,,,,
8809928137155,137155,TIRTIR MASK FIT AURA CUSHION 15C FAIR PORCELAIN(MINI),TIRTIR,,,,,,
8809928137162,137162,TIRTIR MASK FIT AURA CUSHION 17C PORCELAIN(MINI),TIRTIR,,,,,,
8809928137179,137179,TIRTIR MASK FIT AURA CUSHION 17W FRENCH VANILLA(MINI),TIRTIR,,,,,,
8809928137186,137186,TIRTIR MASK FIT AURA CUSHION 21C COOL IVORY(MINI),TIRTIR,,,,,,
8809928137193,137193,TIRTIR MASK FIT AURA CUSHION 21N IVORY(MINI),TIRTIR,,,,,,
8809928137209,137209,TIRTIR MASK FIT AURA CUSHION 21W NATURAL IVORY(MINI),TIRTIR,,,,,,
8809928137216,137216,TIRTIR MASK FIT AURA CUSHION 23N SAND(MINI),TIRTIR,,,,,,
8809928137223,137223,TIRTIR MASK FIT AURA CUSHION 24N LATTE(MINI),TIRTIR,,,,,,
8809928137230,137230,TIRTIR MASK FIT AURA CUSHION 24W SOFT BEIGE(MINI),TIRTIR,,,,,,
8809928137247,137247,TIRTIR MASK FIT AURA CUSHION 25N MOCHA(MINI),TIRTIR,,,,,,
8809928137254,137254,TIRTIR MASK FIT AURA CUSHION 27C COOL BEIGE(MINI),TIRTIR,,,,,,
8809928137261,137261,TIRTIR MASK FIT AURA CUSHION 27N CAMEL(MINI),TIRTIR,,,,,,
8809928137278,137278,TIRTIR MASK FIT AURA CUSHION 29N NATURAL BEIGE(MINI),TIRTIR,,,,,,
8809928137285,137285,TIRTIR MASK FIT AURA CUSHION 31N FRENCH BEIGE(MINI),TIRTIR,,,,,,
8809928137292,137292,TIRTIR MASK FIT AURA CUSHION 33C HAZEL(MINI),TIRTIR,,,,,,
8809928137308,137308,TIRTIR MASK FIT AURA CUSHION 33N MACCHIATO(MINI),TIRTIR,,,,,,
8809928137315,137315,TIRTIR MASK FIT AURA CUSHION 35N WALNUT(MINI),TIRTIR,,,,,,
8809928137322,137322,TIRTIR MASK FIT AURA CUSHION 43N DEEP COCOA(MINI),TIRTIR,,,,,,
8809928137339,137339,TIRTIR MASK FIT AURA CUSHION 51N FUDGE(MINI),TIRTIR,,,,,,
8809928136837,136837,TIRTIR MASK FIT AURA CUSHION 13N FAIR IVORY,TIRTIR,,,,,,
8809928136844,136844,TIRTIR MASK FIT AURA CUSHION 15C FAIR PORCELAIN,TIRTIR,,,,,,
8809928136851,136851,TIRTIR MASK FIT AURA CUSHION 17C PORCELAIN,TIRTIR,,,,,,
8809928136868,136868,TIRTIR MASK FIT AURA CUSHION 17W FRENCH VANILLA,TIRTIR,,,,,,
8809928136554,136554,TIRTIR MASK FIT AURA CUSHION 21C COOL IVORY,TIRTIR,,,,,,
8809928136561,136561,TIRTIR MASK FIT AURA CUSHION 21N IVORY,TIRTIR,,,,,,
8809928136578,136578,TIRTIR MASK FIT AURA CUSHION 21W NATURAL IVORY,TIRTIR,,,,,,
8809928136585,136585,TIRTIR MASK FIT AURA CUSHION 23N SAND,TIRTIR,,,,,,
8809928136592,136592,TIRTIR MASK FIT AURA CUSHION 24N LATTE,TIRTIR,,,,,,
8809928136608,136608,TIRTIR MASK FIT AURA CUSHION 24W SOFT BEIGE,TIRTIR,,,,,,
8809928136875,136875,TIRTIR MASK FIT AURA CUSHION 25N MOCHA,TIRTIR,,,,,,
8809928136882,136882,TIRTIR MASK FIT AURA CUSHION 27C COOL BEIGE,TIRTIR,,,,,,
8809928136615,136615,TIRTIR MASK FIT AURA CUSHION 27N CAMEL,TIRTIR,,,,,,
8809928136622,136622,TIRTIR MASK FIT AURA CUSHION 29N NATURAL BEIGE,TIRTIR,,,,,,
8809928136899,136899,TIRTIR MASK FIT AURA CUSHION 31N FRENCH BEIGE,TIRTIR,,,,,,
8809928136905,136905,TIRTIR MASK FIT AURA CUSHION 33C HAZEL,TIRTIR,,,,,,
8809928136639,136639,TIRTIR MASK FIT AURA CUSHION 33N MACCHIATO,TIRTIR,,,,,,
8809928136912,136912,TIRTIR MASK FIT AURA CUSHION 35N WALNUT,TIRTIR,,,,,,
8809928136929,136929,TIRTIR MASK FIT AURA CUSHION 43N DEEP COCOA,TIRTIR,,,,,,
8809928136936,136936,TIRTIR MASK FIT AURA CUSHION 51N FUDGE,TIRTIR,,,,,,
8809928136943,136943,TIRTIR MASK FIT ALL-COVER CUSHION 13N FAIR IVORY(MINI),TIRTIR,,,,,,
8809928136950,136950,TIRTIR MASK FIT ALL-COVER CUSHION 15C FAIR PORCELAIN(MINI),TIRTIR,,,,,,
8809928136967,136967,TIRTIR MASK FIT ALL-COVER CUSHION 17C PORCELAIN(MINI),TIRTIR,,,,,,
8809928136974,136974,TIRTIR MASK FIT ALL-COVER CUSHION 17W FRENCH VANILLA(MINI),TIRTIR,,,,,,
8809928136981,136981,TIRTIR MASK FIT ALL-COVER CUSHION 21C COOL IVORY(MINI),TIRTIR,,,,,,
8809928136998,136998,TIRTIR MASK FIT ALL-COVER CUSHION 21N IVORY(MINI),TIRTIR,,,,,,
8809928137001,137001,TIRTIR MASK FIT ALL-COVER CUSHION 21W NATURAL IVORY(MINI),TIRTIR,,,,,,
8809928137018,137018,TIRTIR MASK FIT ALL-COVER CUSHION 23N SAND(MINI),TIRTIR,,,,,,
8809928137025,137025,TIRTIR MASK FIT ALL-COVER CUSHION 24N LATTE(MINI),TIRTIR,,,,,,
8809928137032,137032,TIRTIR MASK FIT ALL-COVER CUSHION 24W SOFT BEIGE(MINI),TIRTIR,,,,,,
8809928137049,137049,TIRTIR MASK FIT ALL-COVER CUSHION 25N MOCHA(MINI),TIRTIR,,,,,,
8809928137056,137056,TIRTIR MASK FIT ALL-COVER CUSHION 27C COOL BEIGE(MINI),TIRTIR,,,,,,
8809928137063,137063,TIRTIR MASK FIT ALL-COVER CUSHION 27N CAMEL(MINI),TIRTIR,,,,,,
8809928137070,137070,TIRTIR MASK FIT ALL-COVER CUSHION 29N NATURAL BEIGE(MINI),TIRTIR,,,,,,
8809928137087,137087,TIRTIR MASK FIT ALL-COVER CUSHION 31N FRENCH BEIGE(MINI),TIRTIR,,,,,,
8809928137094,137094,TIRTIR MASK FIT ALL-COVER CUSHION 33C HAZEL(MINI),TIRTIR,,,,,,
8809928137100,137100,TIRTIR MASK FIT ALL-COVER CUSHION 33N MACCHIATO(MINI),TIRTIR,,,,,,
8809928137117,137117,TIRTIR MASK FIT ALL-COVER CUSHION 35N WALNUT(MINI),TIRTIR,,,,,,
8809928137124,137124,TIRTIR MASK FIT ALL-COVER CUSHION 43N DEEP COCOA(MINI),TIRTIR,,,,,,
8809928137131,137131,TIRTIR MASK FIT ALL-COVER CUSHION 51N FUDGE(MINI),TIRTIR,,,,,,
8809928136721,136721,TIRTIR MASK FIT ALL-COVER CUSHION 13N FAIR IVORY,TIRTIR,,,,,,
8809928136738,136738,TIRTIR MASK FIT ALL-COVER CUSHION 15C FAIR PORCELAIN,TIRTIR,,,,,,
8809928136745,136745,TIRTIR MASK FIT ALL-COVER CUSHION 17C PORCELAIN,TIRTIR,,,,,,
8809928136752,136752,TIRTIR MASK FIT ALL-COVER CUSHION 17W FRENCH VANILLA,TIRTIR,,,,,,
8809928136462,136462,TIRTIR MASK FIT ALL-COVER CUSHION 21C COOL IVORY,TIRTIR,,,,,,
8809928136479,136479,TIRTIR MASK FIT ALL-COVER CUSHION 21N IVORY,TIRTIR,,,,,,
8809928136486,136486,TIRTIR MASK FIT ALL-COVER CUSHION 21W NATURAL IVORY,TIRTIR,,,,,,
8809928136493,136493,TIRTIR MASK FIT ALL-COVER CUSHION 23N SAND,TIRTIR,,,,,,
8809928136509,136509,TIRTIR MASK FIT ALL-COVER CUSHION 24N LATTE,TIRTIR,,,,,,
8809928136516,136516,TIRTIR MASK FIT ALL-COVER CUSHION 24W SOFT BEIGE,TIRTIR,,,,,,
8809928136769,136769,TIRTIR MASK FIT ALL-COVER CUSHION 25N MOCHA,TIRTIR,,,,,,
8809928136776,136776,TIRTIR MASK FIT ALL-COVER CUSHION 27C COOL BEIGE,TIRTIR,,,,,,
8809928136523,136523,TIRTIR MASK FIT ALL-COVER CUSHION 27N CAMEL,TIRTIR,,,,,,
8809928136530,136530,TIRTIR MASK FIT ALL-COVER CUSHION 29N NATURAL BEIGE,TIRTIR,,,,,,
8809928136783,136783,TIRTIR MASK FIT ALL-COVER CUSHION 31N FRENCH BEIGE,TIRTIR,,,,,,
8809928136790,136790,TIRTIR MASK FIT ALL-COVER CUSHION 33C HAZEL,TIRTIR,,,,,,
8809928136547,136547,TIRTIR MASK FIT ALL-COVER CUSHION 33N MACCHIATO,TIRTIR,,,,,,
8809928136806,136806,TIRTIR MASK FIT ALL-COVER CUSHION 35N WALNUT,TIRTIR,,,,,,
8809928136813,136813,TIRTIR MASK FIT ALL-COVER CUSHION 43N DEEP COCOA,TIRTIR,,,,,,
8809928136820,136820,TIRTIR MASK FIT ALL-COVER CUSHION 51N FUDGE,TIRTIR,,,,,,
8809928135977,135977,TIRTIR WATERISM GLOW MELTING BALM 01 MAUVE ROSE BALM,TIRTIR,,,,,,
8809928135984,135984,TIRTIR WATERISM GLOW MELTING BALM 02 MERRY CORAL BALM,TIRTIR,,,,,,
8809928135991,135991,TIRTIR WATERISM GLOW MELTING BALM 03 SAND MOND BALM,TIRTIR,,,,,,
8809928136004,136004,TIRTIR WATERISM GLOW MELTING BALM 04 FIG PEACH BALM,TIRTIR,,,,,,
8809928136011,136011,TIRTIR WATERISM GLOW MELTING BALM 05 SCOTCH SHOT BALM,TIRTIR,,,,,,
8809928136028,136028,TIRTIR WATERISM GLOW MELTING BALM 06 HONEY NUT BALM,TIRTIR,,,,,,
8809928136035,136035,TIRTIR WATERISM GLOW MELTING BALM 07 CASSIS PLUM BALM,TIRTIR,,,,,,
8809928136042,136042,TIRTIR WATERISM GLOW MELTING BALM 08 SUMMER PUMPKIN BALM,TIRTIR,,,,,,
8809928136059,136059,TIRTIR WATERISM GLOW MELTING BALM 09 SALMON SYRUP BALM,TIRTIR,,,,,,
8809928136066,136066,TIRTIR WATERISM GLOW TINT 01 MAUVE ROSE,TIRTIR,,,,,,
8809928136073,136073,TIRTIR WATERISM GLOW TINT 02 MERRY CORAL,TIRTIR,,,,,,
8809928136080,136080,TIRTIR WATERISM GLOW TINT 03 SAND MOND,TIRTIR,,,,,,
8809928136097,136097,TIRTIR WATERISM GLOW TINT 04 FIG PEACH,TIRTIR,,,,,,
8809928136103,136103,TIRTIR WATERISM GLOW TINT 05 SCOTCH SHOT,TIRTIR,,,,,,
8809928136110,136110,TIRTIR WATERISM GLOW TINT 06 HONEY NUT,TIRTIR,,,,,,
8809928136127,136127,TIRTIR WATERISM GLOW TINT 07 CASSIS PLUM,TIRTIR,,,,,,
8809928136134,136134,TIRTIR WATERISM GLOW TINT 08 SUMMER PUMPKIN,TIRTIR,,,,,,
8809928136141,136141,TIRTIR WATERISM GLOW TINT 09 SALMON SYRUP,TIRTIR,,,,,,
8809928136158,136158,TIRTIR WATERISM LIP PLUMPER,TIRTIR,,,,,,
8809928132051,132051,TIRTIR HYDRO SHIELD CREAM,TIRTIR,,,,,,
8809928137957,137957,TIRTIR VITACHIOL GEL MASK,TIRTIR,,,,,,
8809928138695,138695,TIRTIR WATERISM GLOW TINT 01 MAUVE ROSE,TIRTIR,,,,,,
8809928139067,139067,TIRTIR WATERISM GLOW TINT 02 MERRY CORAL,TIRTIR,,,,,,
8809928138701,138701,TIRTIR WATERISM GLOW TINT 03 SAND MOND,TIRTIR,,,,,,
8809928139074,139074,TIRTIR WATERISM GLOW TINT 04 FIG PEACH,TIRTIR,,,,,,
8809928139081,139081,TIRTIR WATERISM GLOW TINT 05 SCOTCH SHOT,TIRTIR,,,,,,
8809928138718,138718,TIRTIR WATERISM GLOW TINT 06 HONEY NUT,TIRTIR,,,,,,
8809928139098,139098,TIRTIR WATERISM GLOW TINT 07 CASSIS PLUM,TIRTIR,,,,,,
8809928139104,139104,TIRTIR WATERISM GLOW TINT 08 SUMMER PUMPKIN,TIRTIR,,,,,,
8809928139111,139111,TIRTIR WATERISM GLOW TINT 09 SALMON SYRUP,TIRTIR,,,,,,
8809928139128,139128,TIRTIR WATERISM GLOW TINT 10 HEART BERRY,TIRTIR,,,,,,
8809928139135,139135,TIRTIR WATERISM GLOW TINT 11 APPLUM,TIRTIR,,,,,,
8809928139142,139142,TIRTIR WATERISM GLOW TINT 12 RICH RUSH,TIRTIR,,,,,,
8809928139159,139159,TIRTIR WATERISM GLOW TINT 13 LIKELY,TIRTIR,,,,,,
8809928139166,139166,TIRTIR WATERISM GLOW TINT 14 ROSE BELL,TIRTIR,,,,,,
8809928139173,139173,TIRTIR WATERISM GLOW TINT 15 GRAPEN,TIRTIR,,,,,,
8809928138879,138879,TIRTIR WATERISM GLOW TINT 16 TANGERING,TIRTIR,,,,,,
8809928138886,138886,TIRTIR WATERISM GLOW TINT 17 ALIVEN,TIRTIR,,,,,,
8809928138893,138893,TIRTIR WATERISM GLOW TINT 18 CHERRID,TIRTIR,,,,,,
8809928138909,138909,TIRTIR WATERISM GLOW TINT 19 BAD ROSY,TIRTIR,,,,,,
8809928138916,138916,TIRTIR WATERISM GLOW TINT 20 FEVER RED,TIRTIR,,,,,,
8809928138923,138923,TIRTIR WATERISM GLOW TINT 21 FIG ME,TIRTIR,,,,,,
8809928138930,138930,TIRTIR WATERISM GLOW TINT 22 SNOWY PEACH,TIRTIR,,,,,,
8809928138947,138947,TIRTIR WATERISM GLOW TINT 23 PEACHRICOT,TIRTIR,,,,,,
8809928138954,138954,TIRTIR WATERISM GLOW TINT 24 LOVABLY,TIRTIR,,,,,,
8809928138961,138961,TIRTIR WATERISM GLOW TINT 25 NUTTY PINK,TIRTIR,,,,,,
8809928138978,138978,TIRTIR WATERISM GLOW TINT 26 BAREBLE,TIRTIR,,,,,,
8809928138985,138985,TIRTIR WATERISM GLOW TINT 27 MUTY ROSE,TIRTIR,,,,,,
8809928138992,138992,TIRTIR WATERISM GLOW TINT 28 WINTERY,TIRTIR,,,,,,
8809928139005,139005,TIRTIR WATERISM GLOW TINT 29 EVENY,TIRTIR,,,,,,
8809928139012,139012,TIRTIR WATERISM GLOW TINT 30 MAUVE BLUSH,TIRTIR,,,,,,
8809928137711,137711,TIRTIR WATER MELLOW LIP BALM 01 ICY BLUE,TIRTIR,,,,,,
8809928137728,137728,TIRTIR WATER MELLOW LIP BALM 02 MAUVE BERRY,TIRTIR,,,,,,
8809928137735,137735,TIRTIR WATER MELLOW LIP BALM 03 PEACH LEMONY,TIRTIR,,,,,,
8809928137742,137742,TIRTIR WATER MELLOW LIP BALM 04 GREENY APPLE,TIRTIR,,,,,,
8800288640439,640439,TIRTIR MASK FIT AI FILTER MINI CUSHION 4.5G 13N FAIR IVORY,TIRTIR,,,,,,
8800288640453,640453,TIRTIR MASK FIT AI FILTER MINI CUSHION 4.5G 15C FAIR PORCELAIN,TIRTIR,,,,,,
8800288640477,640477,TIRTIR MASK FIT AI FILTER MINI CUSHION 4.5G 17C PORCELAIN,TIRTIR,,,,,,
8800288640484,640484,TIRTIR MASK FIT AI FILTER MINI CUSHION 4.5G 17N VANILLA,TIRTIR,,,,,,
8800288640491,640491,TIRTIR MASK FIT AI FILTER MINI CUSHION 4.5G 19C PETAL,TIRTIR,,,,,,
8800288640521,640521,TIRTIR MASK FIT AI FILTER MINI CUSHION 4.5G 21C COOL IVORY,TIRTIR,,,,,,
8800288640538,640538,TIRTIR MASK FIT AI FILTER MINI CUSHION 4.5G 21N IVORY,TIRTIR,,,,,,
8800288640545,640545,TIRTIR MASK FIT AI FILTER MINI CUSHION 4.5G 22N SHELL BEIGE,TIRTIR,,,,,,
8800288640552,640552,TIRTIR MASK FIT AI FILTER MINI CUSHION 4.5G 23N SAND,TIRTIR,,,,,,
8800288640569,640569,TIRTIR MASK FIT AI FILTER MINI CUSHION 4.5G 24N LATTE,TIRTIR,,,,,,
8800288640576,640576,TIRTIR MASK FIT AI FILTER MINI CUSHION 4.5G 29N NATURAL BEIGE,TIRTIR,,,,,,
8800288640286,640286,TIRTIR MASK FIT AI FILTER CUSHION 18G 13N FAIR IVORY,TIRTIR,,,,,,
8800288640309,640309,TIRTIR MASK FIT AI FILTER CUSHION 18G 15C FAIR PORCELAIN,TIRTIR,,,,,,
8800288640323,640323,TIRTIR MASK FIT AI FILTER CUSHION 18G 17C PORCELAIN,TIRTIR,,,,,,
8800288640330,640330,TIRTIR MASK FIT AI FILTER CUSHION 18G 17N VANILLA,TIRTIR,,,,,,
8800288640347,640347,TIRTIR MASK FIT AI FILTER CUSHION 18G 19C PETAL,TIRTIR,,,,,,
8800288640378,640378,TIRTIR MASK FIT AI FILTER CUSHION 18G 21C COOL IVORY,TIRTIR,,,,,,
8800288640385,640385,TIRTIR MASK FIT AI FILTER CUSHION 18G 21N IVORY,TIRTIR,,,,,,
8800288640392,640392,TIRTIR MASK FIT AI FILTER CUSHION 18G 22N SHELL BEIGE,TIRTIR,,,,,,
8800288640408,640408,TIRTIR MASK FIT AI FILTER CUSHION 18G 23N SAND,TIRTIR,,,,,,
8800288640415,640415,TIRTIR MASK FIT AI FILTER CUSHION 18G 24N LATTE,TIRTIR,,,,,,
8800288640422,640422,TIRTIR MASK FIT AI FILTER CUSHION 18G 29N NATURAL BEIGE,TIRTIR,,,,,,
8809928135373,135373,TIRTIR PHA15 SERUM,TIRTIR,,,,,,
8809784600817,600817,TORRIDEN DIVE IN TRIAL KIT,TORRIDEN,,,,,,
8809784601043,601043,TORRIDEN BALANCEFUL TRIAL KIT,TORRIDEN,,,,,,
8809598453135,453135,COSRX ALL ABOUT SNAIL KIT,COSRX,,,,,,
8809598452183,452183,COSRX FULL FIT HONEY GLOW KIT,COSRX,,,,,,
88095067078938809506705042,705042,COLORGRAM FRUITY GLASS TINT 00 PEARL GLOSS,COLORGRAM,,,,,,
8809506707909,707909,COLORGRAM FRUITY GLASS TINT 01 FLASHING APRICOT,COLORGRAM,,,,COLORGRAM-R1-P1,,
88095067079168809506705066,705066,COLORGRAM FRUITY GLASS TINT 02 DEWY GRAPEFRUIT,COLORGRAM,,,,COLORGRAM-R1-P1,,
88095067079308809506705080,705080,COLORGRAM FRUITY GLASS TINT 04 ADORABLE BERRY,COLORGRAM,,,,,,
88095067079618809506705332,705332,COLORGRAM FRUITY GLASS TINT 07 SHY GUAVA,COLORGRAM,,,,,,
88095067080298809506705608,705608,COLORGRAM FRUITY GLASS TINT 1004 PINK GLOSS,COLORGRAM,,,,,,
88095067080368809506706872,706872,COLORGRAM FRUITY GLASS TINT 13 SHY PEAR,COLORGRAM,,,,COLORGRAM-R2-P1,,
88095067080438809506706889,706889,COLORGRAM FRUITY GLASS TINT 14 SULKY LYCHEE,COLORGRAM,,,,,,
88095067080508809506706896,706896,COLORGRAM FRUITY GLASS TINT 15 SATISFIED FIG,COLORGRAM,,,,COLORGRAM-R2-P1,,
8809506706292,706292,COLORGRAM TINTIN DORY LIP JAM 01 SHINE MUSCAT JAM,COLORGRAM,,,,COLORGRAM-R2-P1,,
8809506706308,706308,COLORGRAM TINTIN DORY LIP JAM 02 SODA JAM,COLORGRAM,,,,COLORGRAM-R2-P1,,
8809506706315,706315,COLORGRAM TINTIN DORY LIP JAM 03 PEACH JAM,COLORGRAM,,,,COLORGRAM-R2-P1,,
8809506706322,706322,COLORGRAM TINTIN DORY LIP JAM 04 GRAPEFRUIT JAM,COLORGRAM,,,,COLORGRAM-R2-P1,,
8809506706339,706339,COLORGRAM TINTIN DORY LIP JAM 05 WATERMELON JAM,COLORGRAM,,,,COLORGRAM-R2-P1,,
8809506706346,706346,COLORGRAM TINTIN DORY LIP JAM 06 CHERRY JAM,COLORGRAM,,,,COLORGRAM-R2-P1,,
8809469473927,473927,COLORGRAM PIN POINT EYESHADOW PALETTE 01 PEACH CORAL,COLORGRAM,,,,COLORGRAM-R1-P3,,
8809526841492,841492,COLORGRAM PIN POINT EYESHADOW PALETTE 02 PINK MAUVE,COLORGRAM,,,,COLORGRAM-R1-P3,,
8809526842277,842277,COLORGRAM PIN POINT EYESHADOW PALETTE 03 PINK LAVENDER,COLORGRAM,,,,COLORGRAM-R1-P3,,
8809526842659,842659,COLORGRAM PIN POINT EYESHADOW PALETTE 05 BLOSSOM CORAL,COLORGRAM,,,,COLORGRAM-R1-P3,,
8809526842666,842666,COLORGRAM PIN POINT EYESHADOW PALETTE 06 BUTTERCUP BROWN,COLORGRAM,,,,COLORGRAM-R1-P3,,
8809526844912,844912,COLORGRAM PIN POINT EYESHADOW PALETTE 07 NUDE GEEK,COLORGRAM,,,,,,
8809581331037,331037,COLORGRAM MILK BLING HEARTLIGHTER 01 PEACH HEART,COLORGRAM,,,,COLORGRAM-R1-P1,,
8809581331044,331044,COLORGRAM MILK BLING HEARTLIGHTER 02 PINK HEART,COLORGRAM,,,,COLORGRAM-R1-P1,,
8809581331051,331051,COLORGRAM MILK BLING HEARTLIGHTER 05 SPRING PINK BLOSSOM,COLORGRAM,,,,COLORGRAM-R1-P1,,
8809581331068,331068,COLORGRAM MILK BLING HEARTLIGHTER 06 BUBBLES BLUE,COLORGRAM,,,,COLORGRAM-R1-P1,,
8809581331075,331075,COLORGRAM MILK BLING HEARTLIGHTER 07 BUTTERCUP IVORY,COLORGRAM,,,,COLORGRAM-R1-P1,,
8809581331297,331297,COLORGRAM MILK BLING HEARTLIGHTER 08 ALL LIGHT PINK,COLORGRAM,,,,COLORGRAM-R1-P1,,
8809526846107,846107,COLORGRAM FRUITY GLASS TINT MILK 01 BERRY AMAZING,COLORGRAM,,,,,,
8809526846121,846121,COLORGRAM FRUITY GLASS TINT MILK 03 MERRY PEACH,COLORGRAM,,,,,,
8809526846138,846138,COLORGRAM FRUITY GLASS TINT MILK 04 PROUD GRAPE,COLORGRAM,,,,,,
8809526846152,846152,COLORGRAM FRUITY GLASS TINT MILK 06 OOLONG LYECHEE,COLORGRAM,,,,,,
8809526846169,846169,COLORGRAM FRUITY GLASS TINT MILK 07 PLOP FIG,COLORGRAM,,,,,,
4571501177585,177585,MILLEFEE CINDERELLA POWDERED SETTING MIST SPRAY PLUS,MILLEFEE,,,,,,
8809611862579,862579,LAKA DREAMBEAM HIGHLIGHTER 01 NATURAL BEAM,LAKA,,,,,,
8809611862586,862586,LAKA DREAMBEAM HIGHLIGHTER 02 PINK BEAM,LAKA,,,,,,
8809611862593,862593,LAKA DREAMBEAM HIGHLIGHTER 03 WATER BEAM,LAKA,,,,,,
8809611862074,862074,LAKA LOVE SILK BLUSH 701 HARICO,LAKA,,,,,,
8809611862081,862081,LAKA LOVE SILK BLUSH 702 FANTASY,LAKA,,,,,,
8809611862098,862098,LAKA LOVE SILK BLUSH 703 ICON,LAKA,,,,,,
8809611862104,862104,LAKA LOVE SILK BLUSH 704 NUNNU,LAKA,,,,,,
8809611862111,862111,LAKA LOVE SILK BLUSH 705 ANGEL,LAKA,,,,,,
8809611862128,862128,LAKA LOVE SILK BLUSH 706 LOVER,LAKA,,,,,,
8809611862135,862135,LAKA LOVE SILK BLUSH 707 SWEET,LAKA,,,,,,
8809611862142,862142,LAKA LOVE SILK BLUSH 708 POEM,LAKA,,,,,,
8809611862159,862159,LAKA LOVE SILK BLUSH 709 DOLCE,LAKA,,,,,,
8809611862241,862241,LAKA MONO EYESHADOW 901 TEDDY,LAKA,,,,,,
8809611862234,862234,LAKA MONO EYESHADOW 902 EARTH,LAKA,,,,,,
8809611862319,862319,LAKA MONO EYESHADOW 903 TULIP,LAKA,,,,,,
8809611862265,862265,LAKA MONO EYESHADOW 904 PEONY,LAKA,,,,,,
8809611862258,862258,LAKA MONO EYESHADOW 905 MODERNIST,LAKA,,,,,,
8809611862180,862180,LAKA MONO EYESHADOW 906 TAWNY,LAKA,,,,,,
8809611862326,862326,LAKA MONO EYESHADOW 907 GINGER,LAKA,,,,,,
8809611862333,862333,LAKA MONO EYESHADOW 908 VANILLA,LAKA,,,,,,
8809611862357,862357,LAKA MONO EYESHADOW 909 SOAP,LAKA,,,,,,
8809611862340,862340,LAKA MONO EYESHADOW 910 FOG,LAKA,,,,,,
8809611862173,862173,LAKA MONO EYESHADOW 911 TERRAPEACH,LAKA,,,,,,
8809611862197,862197,LAKA MONO EYESHADOW 912 SANDALWOOD,LAKA,,,,,,
8809611862203,862203,LAKA MONO EYESHADOW 913 CINNAMON,LAKA,,,,,,
8809611862227,862227,LAKA MONO EYESHADOW 914 COCOA,LAKA,,,,,,
8809611862210,862210,LAKA MONO EYESHADOW 915 HAZEL,LAKA,,,,,,
8809611862272,862272,LAKA MONO EYESHADOW 916 BEBE,LAKA,,,,,,
8809611862289,862289,LAKA MONO EYESHADOW 917 MAY,LAKA,,,,,,
8809611862296,862296,LAKA MONO EYESHADOW 918 FLORIST,LAKA,,,,,,
8809611862302,862302,LAKA MONO EYESHADOW 919 SUMMER,LAKA,,,,,,
8809611862364,862364,LAKA MONO EYESHADOW 920 CANNA,LAKA,,,,,,
8809611862388,862388,LAKA MONO EYESHADOW 921 ALLURE,LAKA,,,,,,
8809611862395,862395,LAKA MONO EYESHADOW 922 SNOW,LAKA,,,,,,
8809611862401,862401,LAKA MONO EYESHADOW 923 CHANCE,LAKA,,,,,,
8809611862418,862418,LAKA MONO EYESHADOW 924 CLIFF,LAKA,,,,,,
8809611862425,862425,LAKA MONO EYESHADOW 925 GLORY,LAKA,,,,,,
8809611862432,862432,LAKA MONO EYESHADOW 926 LIBERTY,LAKA,,,,,,
8809611863002,863002,LAKA BULKY MATTE LIPSTICK 401 LOW PINK,LAKA,,,,LAKA-P1-R2,,
8809611863019,863019,LAKA BULKY MATTE LIPSTICK 402 TO ROSE,LAKA,,,,,,
8809611863026,863026,LAKA BULKY MATTE LIPSTICK 403 FIG SOUNDS,LAKA,,,,,,
8809611863033,863033,LAKA BULKY MATTE LIPSTICK 404 OFF SALMON,LAKA,,,,,,
8809611863040,863040,LAKA BULKY MATTE LIPSTICK 405 SO PEACH,LAKA,,,,,,
8809611863057,863057,LAKA BULKY MATTE LIPSTICK 406 NEW PASSION,LAKA,,,,,,
8809611863064,863064,LAKA BULKY MATTE LIPSTICK 407 CHILLI LOCK,LAKA,,,,,,
8809611863071,863071,LAKA BULKY MATTE LIPSTICK 408 BEBE ALMOND,LAKA,,,,,,
8809611863088,863088,LAKA BULKY MATTE LIPSTICK 409 MAUVE GEM,LAKA,,,,,,
8809611863095,863095,LAKA BULKY MATTE LIPSTICK 410 BOLD BERRY,LAKA,,,,LAKA-P1-R2,,
8809611862463,862463,LAKA BONDING GLOW LIPSTICK 201 MIRO,LAKA,,,,,,
8809611862470,862470,LAKA BONDING GLOW LIPSTICK 202 BOY,LAKA,,,,,,
8809611862487,862487,LAKA BONDING GLOW LIPSTICK 203 MARK,LAKA,,,,,,
8809611862494,862494,LAKA BONDING GLOW LIPSTICK 204 HAVE,LAKA,,,,,,
8809611862500,862500,LAKA BONDING GLOW LIPSTICK 205 MULLED,LAKA,,,,,,
8809611862517,862517,LAKA BONDING GLOW LIPSTICK 206 LILI,LAKA,,,,,,
8809611862524,862524,LAKA BONDING GLOW LIPSTICK 207 DEPTH,LAKA,,,,,,
8809611862531,862531,LAKA BONDING GLOW LIPSTICK 208 POSH,LAKA,,,,,,
8809611862548,862548,LAKA BONDING GLOW LIPSTICK 209 NEAR,LAKA,,,,,,
8809611862555,862555,LAKA BONDING GLOW LIPSTICK 210 HARRY,LAKA,,,,,,
8809611862623,862623,LAKA BONDING GLOW LIPSTICK 211 EVE,LAKA,,,,LAKA-P1-R1,,
8809611862630,862630,LAKA BONDING GLOW LIPSTICK 212 PAPAYA,LAKA,,,,LAKA-P1-R1,,
8809611862647,862647,LAKA BONDING GLOW LIPSTICK 213 JEFF,LAKA,,,,LAKA-P1-R1,,
8809611862654,862654,LAKA BONDING GLOW LIPSTICK 214 MINGO,LAKA,,,,LAKA-P1-R1,,
8809611862661,862661,LAKA BONDING GLOW LIPSTICK 215 LENNA,LAKA,,,,LAKA-P1-R1,,
8809611862678,862678,LAKA BONDING GLOW LIPSTICK 216 WINTER,LAKA,,,,,,
8809611861268,861268,LAKA SOUL VEGAN LIP BALM ROSY,LAKA,,,,LAKA-P2-R3,,
8809611861275,861275,LAKA SOUL VEGAN LIP BALM MAUVE,LAKA,,,,,,
8809611861282,861282,LAKA SOUL VEGAN LIP BALM BERRY,LAKA,,,,LAKA-P2-R3,,
8809611861251,861251,LAKA SOUL VEGAN LIP BALM CLEAR,LAKA,,,,LAKA-P2-R3,,
8809611861985,861985,LAKA SOOTHING VEGAN LIP OIL NOURISHING YELLOW,LAKA,,,,,,
8809611861978,861978,LAKA SOOTHING VEGAN LIP OIL CALMING PURPLE,LAKA,,,,,,
8809611861183,861183,LAKA WILD BROW SHAPER BALANCE,LAKA,,,,,,
8809611861176,861176,LAKA WILD BROW SHAPER VOLUME,LAKA,,,,,,
8809611861169,861169,LAKA WILD BROW SHAPER STRONG,LAKA,,,,,,
8809611862012,862012,LAKA JELLING NUDE GLOSS 301 FIG RING,LAKA,,,,LAKA-P1-R1,,
8809611862036,862036,LAKA JELLING NUDE GLOSS 302 GRAPE RING,LAKA,,,,LAKA-P1-R1,,
8809611862043,862043,LAKA JELLING NUDE GLOSS 303 PEACH RING,LAKA,,,,LAKA-P1-R1,,
8809611862050,862050,LAKA JELLING NUDE GLOSS 304 GINGER RING,LAKA,,,,LAKA-P1-R1,,
8809611862067,862067,LAKA JELLING NUDE GLOSS 305 TANGERINE RING,LAKA,,,,LAKA-P1-R1,,
8809611862371,862371,LAKA JELLING NUDE GLOSS 306 ANGEL RING,LAKA,,,,LAKA-P2-R1,,
8809611862746,862746,LAKA JELLING NUDE GLOSS 307 COCO RING,LAKA,,,,LAKA-P2-R1,,
8809611862753,862753,LAKA JELLING NUDE GLOSS 308 ROSA RING,LAKA,,,,LAKA-P2-R1,,
8809611862760,862760,LAKA JELLING NUDE GLOSS 309 HEART RING,LAKA,,,,LAKA-P2-R1,,
8809611862777,862777,LAKA JELLING NUDE GLOSS 310 MELBA RING,LAKA,,,,LAKA-P2-R1,,
8809611862609,862609,LAKA FOREVER6 EYE PALETTE 01 BEGINNING,LAKA,,,,,,
8809611862616,862616,LAKA FOREVER6 EYE PALETTE 02 ATTENTION,LAKA,,,,,,
8809611862814,862814,LAKA FOREVER6 EYE PALETTE 03 PRIM ROSE,LAKA,,,,LAKA-P2-R2,,
8809611862821,862821,LAKA FOREVER6 EYE PALETTE 04 TAN PEACH,LAKA,,,,LAKA-P2-R2,,
8809611861664,861664,LAKA FRUITY GLAM TINT 101 JOYFUL,LAKA,,,,,,
8809611861671,861671,LAKA FRUITY GLAM TINT 102 DEWY,LAKA,,,,,,
8809611861688,861688,LAKA FRUITY GLAM TINT 103 HUMMING,LAKA,,,,,,
8809611861695,861695,LAKA FRUITY GLAM TINT 104 CHERRY,LAKA,,,,,,
8809611861701,861701,LAKA FRUITY GLAM TINT 105 COLD,LAKA,,,,,,
8809611861718,861718,LAKA FRUITY GLAM TINT 106 JUICY,LAKA,,,,,,
8809611861725,861725,LAKA FRUITY GLAM TINT 107 SUGAR,LAKA,,,,,,
8809611861732,861732,LAKA FRUITY GLAM TINT 108 SALTY,LAKA,,,,,,
8809611861763,861763,LAKA FRUITY GLAM TINT 109 FRESH,LAKA,,,,,,
8809611861770,861770,LAKA FRUITY GLAM TINT 110 SODA,LAKA,,,,,,
8809611861787,861787,LAKA FRUITY GLAM TINT 111 MELLOW,LAKA,,,,,,
8809611861794,861794,LAKA FRUITY GLAM TINT 112 PING-PONG,LAKA,,,,,,
8809611861800,861800,LAKA FRUITY GLAM TINT 113 PLEASURE,LAKA,,,,,,
8809611861817,861817,LAKA FRUITY GLAM TINT 114 HARMONY,LAKA,,,,,,
8809611861923,861923,LAKA FRUITY GLAM TINT 115 ENVY,LAKA,,,,,,
8809611861930,861930,LAKA FRUITY GLAM TINT 116 CANDID,LAKA,,,,,,
8809611861947,861947,LAKA FRUITY GLAM TINT 117 ZETTA,LAKA,,,,,,
8809611861954,861954,LAKA FRUITY GLAM TINT 118 ADORE,LAKA,,,,,,
8809611861961,861961,LAKA FRUITY GLAM TINT 119 DREAMING,LAKA,,,,,,
8809611862166,862166,LAKA FRUITY GLAM TINT 120 CAFFEINE ROSE,LAKA,,,,,,
8809611862562,862562,LAKA FRUITY GLAM TINT 121 ASH NUT,LAKA,,,,,,
8809611862739,862739,LAKA FRUITY GLAM TINT 122 ROSY ROSE,LAKA,,,,,,
8809611862999,862999,LAKA FRUITY GLAM TINT 123 UNSWEET BERRY,LAKA,,,,,,
8809611862852,862852,LAKA FRUITY GLAM TINT MINI DUO AUTUMN-TONE EDITION,LAKA,,,,,,
8809611862869,862869,LAKA FRUITY GLAM TINT MINI DUO WINTER-TONE EDITION,LAKA,,,,,,
8809611862968,862968,LAKA FRUITY GLAM TINT MINI DUO NUTTY EDITION,LAKA,,,,,,
8809611862951,862951,LAKA FRUITY GLAM TINT MINI DUO ROSY EDITION,LAKA,,,,,,
8809611862838,862838,LAKA FRUITY GLAM TINT MINI DUO SPRING-TONE EDITION,LAKA,,,,,,
8809611862845,862845,LAKA FRUITY GLAM TINT MINI DUO SUMMER-TONE EDITION,LAKA,,,,,,
8809968130475,130475,LAKA POPPING BALLOON TINT 501 FIZZING,LAKA,,,,,,
8809968130482,130482,LAKA POPPING BALLOON TINT 502 SPUNKY,LAKA,,,,,,
8809968130499,130499,LAKA POPPING BALLOON TINT 503 SPARKLING,LAKA,,,,LAKA-P1-R3,,
8809968130505,130505,LAKA POPPING BALLOON TINT 504 POPPING,LAKA,,,,LAKA-P1-R3,,
8809968130512,130512,LAKA POPPING BALLOON TINT 505 CHEWY,LAKA,,,,LAKA-P1-R3,,
8809968130529,130529,LAKA POPPING BALLOON TINT 506 TANGY,LAKA,,,,LAKA-P1-R3,,
8809968130536,130536,LAKA POPPING BALLOON TINT 507 PLAYFUL,LAKA,,,,,,
8809968130543,130543,LAKA POPPING BALLOON TINT 508 BOUNCY,LAKA,,,,LAKA-P1-R3,,
8809968130550,130550,LAKA POPPING BALLOON TINT 509 DELIGHTFUL,LAKA,,,,,,
8809968130567,130567,LAKA POPPING BALLOON TINT 510 BREEZY,LAKA,,,,,,
8809968130574,130574,LAKA POPPING BALLOON TINT 511 SPRITZY,LAKA,,,,,,
8809968130581,130581,LAKA POPPING BALLOON TINT 512 SIZZLING,LAKA,,,,,,
4513750102222,102222,MOFUSAND FIGURE EIKOH VOL.1,MOFUSAND,,,,,,
4513750105230,105230,MOFUSAND FIGURE SEA ANIMAL VOL.2,MOFUSAND,,,,,,
4513750119459,119459,MOFUSAND FIGURE SPRING ANIMALS VOL.3,MOFUSAND,,,,,,
4513750138955,138955,MOFUSAND FIGURE VOL.4,MOFUSAND,,,,,,
4550451239536,239536,SANRIO HAIR BRUSH KUROMI,MOFUSAND,,,,,,
4550451239543,239543,SANRIO HAIR BRUSH HELLO KITTY,SANRIO,,,,,,
4550451239550,239550,SANRIO HAIR BRUSH CINNAMOROLL,MOFUSAND,,,,,,
4550451239567,239567,SANRIO HAIR BRUSH MY MELODY,MOFUSAND,,,,,,
4548387244427,244427,NAGANO CHIIKAWA LIP CREAM STRAWBERRY,MOFUSAND,,,,,,
4548387244434,244434,NAGANO HACHIWARE LIP CREAM BLUEBERRY,MOFUSAND,,,,,,
4548387244441,244441,NAGANO USAGI LIP CREAM LEMON,MOFUSAND,,,,,,
4548387244458,244458,NAGANO MOMONGA LIP CREAM RASPBERRY,MOFUSAND,,,,,,
4521121208770,208770,REMENT PICNIC WITH MIFFY,MOFUSAND,,,,,,
4521121208374,208374,REMENT POKEMON DRAGON TYPE,MOFUSAND,,,,,,
4550516495549,495549,SHISEIDO TSUBAKI PREMIUM VOLUME SHAMPOO CONDITIONER SET 450ML+450ML,SHISEIDO,,,,,,
4550516495532,495532,SHISEIDO TSUBAKI PREMIUM MOIST SHAMPOO CONDITIONER SET 450ML+450ML,SHISEIDO,,,,,,
4901301451316,451316,KAO BIORE U FOAM HAND SOAP PAW 240ML,KAO,Active,,,,,
4964596702242,702242,SANA NEWBORN PERFECT EYEBROW 04 GREIGE BROWN,SANA,Active,,,,,
4964596702259,702259,SANA NEWBORN PERFECT EYEBROW 05 CAMEL BROWN,SANA,Active,,,,,
4964596702266,702266,SANA NEWBORN PERFECT EYEBROW 06 HONEY BROWN,SANA,Active,,,,,
4964596702280,702280,SANA NEWBORN PERFECT EYEBROW 08 LAVENDER BROWN,SANA,Active,,,,,
4570110290425,290425,OFF&RELAX SAKURA HAIR SET,OFF&RELAX,,,,,,
8809625249823,249823,ROMAND X INAPSQUARE JUICY LASTING TINT 25 BARE GRAPE,ROMAND,,,,,,
8809625243210,243210,ROMAND HAN ALL FLAT BROW W3 MERRY BLONDY,ROMAND,,,,ROMAND-RIGHT-R3-P1,,
4580748420866,420866,INTO U ROTATIONAL EYESHADOW PALETTE SP01,INTO U JP,,,,,,
4580748420873,420873,INTO U ROTATIONAL EYESHADOW PALETTE SA01,INTO U JP,,,,,,
4580748420941,420941,INTO U MULTIFUNCTIONAL HIGHLIGHT PALETTE HP H01,INTO U JP,,,,,,
4580748420958,420958,INTO U MULTIFUNCTIONAL HIGHLIGHT PALETTE HP H02,INTO U JP,,,,,,
4580748420965,420965,INTO U MULTIFUNCTIONAL HIGHLIGHT PALETTE HP H03,INTO U JP,,,,,,
4580748421320,421320,INTO U SUPER MATTE LIP CHEEK MUD EM-J01,INTO U JP,,,,,,
4580748421337,421337,INTO U SUPER MATTE LIP CHEEK MUD EM-J02,INTO U JP,,,,,,
4580748421375,421375,INTO U GLOW LIP TINT GW01,INTO U JP,,,,INTOYOU-RIGHT-R1-P2,,
4580748421382,421382,INTO U GLOW LIP TINT GW04,INTO U JP,,,,,,
4580748421399,421399,INTO U GLOW LIP TINT GW05,INTO U JP,,,,,,
4580748421405,421405,INTO U GLOW LIP TINT GW06,INTO U JP,,,,INTOYOU-RIGHT-R1-P2,,
4580748421412,421412,INTO U VELVET LIP MUD VT01,INTO U JP,,,,,,
4550516494412,494412,SHISEIDO SENKA ALL CLEAR DOUBLE WASH FOAM CLEANSER,SHISEIDO,Active,,,,,
062400275921,275921,KAO CA BIORE UV AQUA RICH SUNCREAM 50ML,KAO CA,,,,,,
194523212313,212313,SHISEIDO ULTRA SUN PROTECTOR LOTION,SHISEIDO CA,,,,,,
062400275907,275907,KAO CA BIORE UV AQUA RICH SPF 30 50ML,KAO CA,,,,,,
4549660929680,929680,BANDAI NAMCO BATH BALL VICHILES,BANDAI,,,,,,
4521121208558,208558,REMENT BATTLE ON DESK POKEMON,REMENT,,,,,,
4521121208473,208473,REMENT MIFFY NATURAL KITCHEN,REMENT,,,,,,
4901301411792,411792,KAO LAURIER SANITARY NAPKIN L,KAO,Active,,,,,
4979006116465,116465,SKII GENOPTICS INFINITAURA ESSENCE 50ML,SKII,Active,,,,,
6976416418194,418194,AMORTALS CLEANSING SOFT TOWEL MAPLE EDITION 180PCS,AMORTALS,Active,,,,,
69385823161626973391737944,737944,INTO YOU SHERO SUPER MATTE LIP CHEEK MUD PD01 CANNED,INTO YOU,,,,,,
6973391737128,737128,INTO YOU BARE TINT LIP BALM BT03,INTO YOU,,,,,,
6973391737135,737135,INTO YOU BARE TINT LIP BALM BT04,INTO YOU,,,,,,
6973391737142,737142,INTO YOU BARE TINT LIP BALM BT05,INTO YOU,,,,,,
6973391737159,737159,INTO YOU BARE TINT LIP BALM BT06,INTO YOU,,,,,,
6973391737104,737104,INTO YOU BARE TINT LIP BALM BT01,INTO YOU,,,,,,
6973391737111,737111,INTO YOU BARE TINT LIP BALM BT02,INTO YOU,,,,,,
6973391737227,737227,INTO YOU FROZEN GLOW LIP BALM FB01,INTO YOU,,,,,,
6973391737234,737234,INTO YOU FROZEN GLOW LIP BALM FB02,INTO YOU,,,,,,
6973391737241,737241,INTO YOU FROZEN GLOW LIP BALM FB03,INTO YOU,,,,,,
6973391737258,737258,INTO YOU FROZEN GLOW LIP BALM FB04,INTO YOU,,,,,,
6973391737265,737265,INTO YOU FROZEN GLOW LIP BALM FB05,INTO YOU,,,,,,
6973391737272,737272,INTO YOU FROZEN GLOW LIP BALM FB06,INTO YOU,,,,,,
4891450001231,001231,DISPLAY - INTO U ROTATIONAL EYESHADOW PALETTE,INTO U,,,,,,
4891450001255,001255,DISPLAY - INTO U GLOW LIPSTICK GL03 04 05 06 07,INTO U,,,,,,
4891450001286,001286,DISPLAY - INTO U SUPER MATTE LIP & CHEEK MUD EM03 05 07 08 09 10 11 12 17 19 24 525,INTO U,,,,,,
4891450001316,001316,DISPLAY - INTO U VELVET LIP MATTE VT01 03 06 & GLOW LIP TINT GW01 04 05 06-,INTO U,,,,,,
4891450001347,001347,DISPLAY - INTO U MULTIFUNCTIONAL HIGHLIGHT PALETTE HP H01 02 03,INTO U,,,,,,
8809611863415,863415,LAKA FRUITY GLAM TINT 124 MARO,LAKA,,,,,,
8809611864160,864160,LAKA POPPING BALLOON TINT 990 SMOKY,LAKA,,,,,,
8809611864177,864177,LAKA POPPING BALLOON TINT 991 HAZY,LAKA,,,,LAKA-P2-R1,,
8809611864184,864184,LAKA POPPING BALLOON TINT 992 ATTITUDE,LAKA,,,,,,
8809611864191,864191,LAKA POPPING BALLOON TINT 993 HARSH,LAKA,,,,,,
8809611863484,863484,LAKA PIXI BROW CARA 00 BASIC SHAPER,LAKA,,,,,,
8809611863491,863491,LAKA PIXI BROW CARA 01 PEANUT BROWN,LAKA,,,,,,
8809611863507,863507,LAKA PIXI BROW CARA 02 WOOD BROWN,LAKA,,,,LAKA-P2-R2,,
8809611863514,863514,LAKA PIXI BROW CARA 03 CHESTNUT,LAKA,,,,,,
8809611863521,863521,LAKA PIXI BROW CARA 04 SMOKY PINK,LAKA,,,,LAKA-P2-R2,,
8809611863538,863538,LAKA PIXI BROW CARA 05 ASH BROWN,LAKA,,,,LAKA-P2-R2,,
8809611863545,863545,LAKA PIXI BROW CARA 06 ROSE BURGUNDY,LAKA,,,,LAKA-P2-R2,,
8809611864115,864115,LAKA SKIN 4 CORRECTOR 01 CORRECTONG POT,LAKA,,,,LAKA-P2-R3,,
8809611864122,864122,LAKA SKIN 4 CORRECTOR 02 HEALTHY POT,LAKA,,,,LAKA-P2-R3,,
8809640732508,732508,ANUA HEARTLEAF AMPOULE MASK 27ML 1PCS,ANUA,,,,,,
693858237400169385823228596973391737470,737470,INTO YOU SHERO SUPER MATTE LIP CHEEK MUD EM06,INTO YOU,,,,,,
69385823740186973391737579,737579,INTO YOU SHERO SUPER MATTE LIP CHEEK MUD EM07,INTO YOU,,,,,,
69733917300686973391737487,737487,INTO YOU SHERO SUPER MATTE LIP CHEEK MUD EM09,INTO YOU,,,,,,
69733917319666973391737432,737432,INTO YOU SHERO SUPER MATTE LIP CHEEK MUD EM24,INTO YOU,,,,,,
4901301444325,444325,KAO LIESE CREAMY BUBBLE COLOR NATURAL BLACK,KAO,Active,,,,,
4901301444332,444332,KAO LIESE CREAMY BUBBLE COLOR NATURAL BROWN,KAO,Active,,,,,
8809625240462,240462,ROMAND BETTER THAN EYES 01 DRY MANGO TULIP,ROMAND,,,,,,
8809625240479,240479,ROMAND BETTER THAN EYES 02 DRY ROSE,ROMAND,,,,,,
8809625240486,240486,ROMAND BETTER THAN EYES 03 DRY RAGRAS,ROMAND,,,,,,
8809625241094,241094,ROMAND BETTER THAN EYES M01 DRY APPLE BLOSSOM,ROMAND,,,,,,
8809625241698,241698,ROMAND BETTER THAN EYES W01 DRY LAVENDER,ROMAND,,,,ROMAND-MIDDLE-R3-P3,,
8809625242954,242954,ROMAND BETTER THAN EYES N02 DRY VIOLET,ROMAND,,,,,,
8809625249687,249687,ROMAND X INAPSQUARE BETTER THAN EYES B03 GLITZ IN BLACK,ROMAND,,,,,,
8809625241483,241483,ROMAND BETTER THAN SHAPE 01 OAT GRAIN,ROMAND,,,,,,
8809625241490,241490,ROMAND BETTER THAN SHAPE 02 WALNUT GRAIN,ROMAND,,,,,,
8809625242060,242060,ROMAND ZERO MATTE LIPSTICK 01 DUSTY PINK,ROMAND,,,,,,
8809625242077,242077,ROMAND ZERO MATTE LIPSTICK 02 ALL THAT JAZZ,ROMAND,,,,,,
8809625242091,242091,ROMAND ZERO MATTE LIPSTICK 04 BEFORE SUNSET,ROMAND,,,,,,
8809625242107,242107,ROMAND ZERO MATTE LIPSTICK 05 EVENING,ROMAND,,,,,,
8809625242152,242152,ROMAND ZERO MATTE LIPSTICK 10 PINK SAND,ROMAND,,,,,,
8809625242183,242183,ROMAND ZERO MATTE LIPSTICK 13 RED CARPET,ROMAND,,,,,,
8809625242190,242190,ROMAND ZERO MATTE LIPSTICK 14,ROMAND,,,,,,
8809625242206,242206,ROMAND ZERO MATTE LIPSTICK 15 MIDNIGHT,ROMAND,,,,,,
8809625242213,242213,ROMAND ZERO MATTE LIPSTICK 16 DAZZLE RED,ROMAND,,,,,,
8809625242220,242220,ROMAND ZERO MATTE LIPSTICK 17 RED HEAT,ROMAND,,,,,,
8809625242237,242237,ROMAND ZERO MATTE LIPSTICK 18 TANNING RED,ROMAND,,,,,,
8809625242244,242244,ROMAND ZERO MATTE LIPSTICK 19 RED SURFER,ROMAND,,,,,,
8809625242251,242251,ROMAND ZERO MATTE LIPSTICK 20 RED DIVE,ROMAND,,,,,,
8809625245665,245665,ROMAND ZERO MATTE LIPSTICK 21 SMOKED BEIGE,ROMAND,,,,,,
8809625245672,245672,ROMAND ZERO MATTE LIPSTICK 22 MAUVE BEANS,ROMAND,,,,,,
8809625241131,241131,ROMAND JUICY LASTING TINT 11 PINK PUMPKIN,ROMAND,,,,ROMAND-LEFT-R2-P3,,
8809625241988,241988,ROMAND JUICY LASTING TINT 17 PLUM COKE,ROMAND,,,,,,
8809625242732,242732,ROMAND JUICY LASTING TINT 20 DARK COCONUT,ROMAND,,,,ROMAND-LEFT-R3-P3,,
8809625242749,242749,ROMAND JUICY LASTING TINT 21 DEEP SANGRIA,ROMAND,,,,,,
8809625244057,244057,ROMAND JUICY LASTING TINT 26 VERY BERRY PINK,ROMAND,,,,ROMAND-LEFT-R3-P3,,
8809625244064,244064,ROMAND JUICY LASTING TINT 27 PINK POPSICLE,ROMAND,,,,ROMAND-LEFT-R3-P3,,
8809625249144,249144,ROMAND JUICY LASTING TINT 36 PEACH HONEY B,ROMAND,,,,,,
8800258080043,080043,ROMAND THE JUICY LASTING TINT 01 POMELO SKIN,ROMAND,,,,ROMAND-LEFT-R1-P2,,
8800258080050,080050,ROMAND THE JUICY LASTING TINT 02 NUCADAMIA,ROMAND,,,,ROMAND-LEFT-R1-P2,,
8800258080074,080074,ROMAND THE JUICY LASTING TINT 03 BARE GRAPE,ROMAND,,,,ROMAND-LEFT-R1-P2,,
8800258080081,080081,ROMAND THE JUICY LASTING TINT 04 FIG FIG,ROMAND,,,,ROMAND-LEFT-R1-P2,,
8800258080098,080098,ROMAND THE JUICY LASTING TINT 05 JUJUBE,ROMAND,,,,ROMAND-LEFT-R1-P2,,
8800258080104,080104,ROMAND THE JUICY LASTING TINT 06 PEELING ANGDOO,ROMAND,,,,ROMAND-LEFT-R1-P2,,
8800258080111,080111,ROMAND THE JUICY LASTING TINT 07 CHERRY BOMB,ROMAND,,,,ROMAND-LEFT-R1-P2,,
8800258080135,080135,ROMAND THE JUICY LASTING TINT 08 PINK PUMPKIN,ROMAND,,,,ROMAND-LEFT-R1-P2,,
8800258080142,080142,ROMAND THE JUICY LASTING TINT 09 MULLED PEACH,ROMAND,,,,ROMAND-LEFT-R1-P2,,
8800258080166,080166,ROMAND THE JUICY LASTING TINT 10 BARE APRICOT,ROMAND,,,,ROMAND-LEFT-R1-P2,,
8800258080180,080180,ROMAND THE JUICY LASTING TINT 11 PAPAYA JAM,ROMAND,,,,ROMAND-LEFT-R2-P2,,
8800258080197,080197,ROMAND THE JUICY LASTING TINT 12 APPLE BROWN,ROMAND,,,,ROMAND-LEFT-R2-P2,,
8800258080173,080173,ROMAND THE JUICY LASTING TINT 13 EAT DOTORI,ROMAND,,,,ROMAND-LEFT-R2-P2,,
8800258080159,080159,ROMAND THE JUICY LASTING TINT 14 ALMOND ROSE,ROMAND,,,,ROMAND-LEFT-R2-P2,,
8800258080128,080128,ROMAND THE JUICY LASTING TINT 15 BARE FIG,ROMAND,,,,ROMAND-LEFT-R2-P2,,
8800258080067,080067,ROMAND THE JUICY LASTING TINT 16 PLUM COKE,ROMAND,,,,ROMAND-LEFT-R2-P2,,
8800258080036,080036,ROMAND THE JUICY LASTING TINT 17 DARK COCONUT,ROMAND,,,,ROMAND-LEFT-R2-P2,,
8800258080654,080654,ROMAND THE JUICY LASTING TINT 19 SUMMER SCENT,ROMAND,,,,ROMAND-LEFT-R2-P2,,
8800258080661,080661,ROMAND THE JUICY LASTING TINT 20 JUJU FIG,ROMAND,,,,ROMAND-LEFT-R2-P2,,
8800258080678,080678,ROMAND THE JUICY LASTING TINT 21 GRAPE BOMB,ROMAND,,,,ROMAND-LEFT-R2-P2,,
8800258080685,080685,ROMAND THE JUICY LASTING TINT 22 DOTORI BOMB,ROMAND,,,,ROMAND-LEFT-R3-P2,,
8800258080692,080692,ROMAND THE JUICY LASTING TINT 23 PEACH PEACH ME,ROMAND,,,,ROMAND-LEFT-R3-P2,,
8800258080708,080708,ROMAND THE JUICY LASTING TINT 24 BARE JUICY OH,ROMAND,,,,ROMAND-LEFT-R3-P2,,
8809625240172,240172,ROMAND ZERO VELVET TINT 02 JOYFUL,ROMAND,,,,,,
8809625240189,240189,ROMAND ZERO VELVET TINT 03 PERSIRED,ROMAND,,,,,,
8809625240196,240196,ROMAND ZERO VELVET TINT 04 BURNT HEART,ROMAND,,,,,,
8809625240202,240202,ROMAND ZERO VELVET TINT 05 WITTY,ROMAND,,,,,,
8809625240219,240219,ROMAND ZERO VELVET TINT 06 DEEPSOUL,ROMAND,,,,,,
8809625240493,240493,ROMAND ZERO VELVET TINT 07 FIZZ,ROMAND,,,,,,
8809625240509,240509,ROMAND ZERO VELVET TINT 08 ICY,ROMAND,,,,,,
8809625241919,241919,ROMAND ZERO VELVET TINT 12 ANNE SHIRLEY,ROMAND,,,,,,
8809625241926,241926,ROMAND ZERO VELVET TINT 13 BERRY CAKE,ROMAND,,,,,,
8809625241933,241933,ROMAND ZERO VELVET TINT 14 PECAN TARTE,ROMAND,,,,,,
8809625242763,242763,ROMAND ZERO VELVET TINT 20 BERRY KNIT,ROMAND,,,,,,
8809625242756,242756,ROMAND ZERO VELVET TINT 21 VILLAIN VEST,ROMAND,,,,,,
8809625243739,243739,ROMAND ZERO VELVET TINT 22 GRAIN NUDE,ROMAND,,,,,,
8809625243746,243746,ROMAND ZERO VELVET TINT 23 VINTAGE TAUPE,ROMAND,,,,,,
8809625243753,243753,ROMAND ZERO VELVET TINT 24 FADE RED,ROMAND,,,,,,
8809625243760,243760,ROMAND ZERO VELVET TINT 25 NERD PINK,ROMAND,,,,,,
8809625244705,244705,ROMAND MILK TEA VELVET TINT 05 VANILLA TEA,ROMAND,,,,,,
8809625244712,244712,ROMAND MILK TEA VELVET TINT 06 JASMINE TEA,ROMAND,,,,,,
8809625244743,244743,ROMAND MILK TEA VELVET TINT 07 ROSE TEA,ROMAND,,,,,,
8809625244750,244750,ROMAND MILK TEA VELVET TINT 08 EARL GREY TEA,ROMAND,,,,,,
8809625244767,244767,ROMAND MILK TEA VELVET TINT 09 BLACK TEA,ROMAND,,,,,,
8809625241551,241551,ROMAND BEST TINT EDITION 01 WRAMTONE PICK,ROMAND,,,,,,
8809625241568,241568,ROMAND BEST TINT EDITION 02 COOLTONE PICK,ROMAND,,,,,,
8809625244828,244828,ROMAND NU ZERO CUSHION 01 PORCELAIN17 (REFILL),ROMAND,,,,,,
8809625244903,244903,ROMAND NU ZERO CUSHION 02 PURE21 (REFILL),ROMAND,,,,,,
8809625244910,244910,ROMAND NU ZERO CUSHION 03 NATURAL21 (REFILL),ROMAND,,,,,,
8809625244927,244927,ROMAND NU ZERO CUSHION 04 BEIGE23 (REFILL),ROMAND,,,,,,
8809625244934,244934,ROMAND NU ZERO CUSHION 05 SAND25 (REFILL),ROMAND,,,,,,
8809625245030,245030,ROMAND NU ZERO PUFF 2P,ROMAND,,,,,,
8809030732934,732934,ROMAND LIP MATTER,ROMAND,,,,,,
8809292441438,441438,ROMAND BACK ME TONE UP CREAM,ROMAND,,,,,,
8809625243135,243135,ROMAND HAN ALL FIX MASCARA L01 LONG BLACK,ROMAND,,,,,,
8809625243142,243142,ROMAND HAN ALL FIX MASCARA V01 VOLUME BLACK,ROMAND,,,,,,
8809625244088,244088,ROMAND HAN ALL FIX MASCARA L02 LONG ASH,ROMAND,,,,,,
8809625244095,244095,ROMAND HAN ALL FIX MASCARA L03 LONG HAZEL,ROMAND,,,,,,
8809625243166,243166,ROMAND HAN ALL FLAT BROW C1 CLASSIC GRAY,ROMAND,,,,ROMAND-RIGHT-R3-P1,,
8809625243173,243173,ROMAND HAN ALL FLAT BROW C2 GRACE TAUPE,ROMAND,,,,ROMAND-RIGHT-R3-P1,,
8809625243180,243180,ROMAND HAN ALL FLAT BROW C3 MODERN BEIGE,ROMAND,,,,ROMAND-RIGHT-R3-P1,,
8809625243197,243197,ROMAND HAN ALL FLAT BROW W1 GENTLE BROWN,ROMAND,,,,ROMAND-RIGHT-R3-P1,,
8809625243203,243203,ROMAND HAN ALL FLAT BROW W2 MILD WOODY,ROMAND,,,,ROMAND-RIGHT-R3-P1,,
8809625243241,243241,ROMAND HAN ALL SHARP BROW C3 MODERN BEIGE,ROMAND,,,,ROMAND-RIGHT-R3-P1,,
8809625243265,243265,ROMAND HAN ALL SHARP BROW W2 MILD WOODY,ROMAND,,,,ROMAND-RIGHT-R3-P1,,
8809625243289,243289,ROMAND HAN ALL BROW FIXER,ROMAND,,,,,,
8809625248208,248208,ROMAND BETTER THAN PALETTE 11 CHEEKY CHEEKY GARDEN,ROMAND,,,,,,
8809625249120,249120,ROMAND BETTER THAN PALETTE 12 SANDED BREEZE GARDEN,ROMAND,,,,,,
8809625249137,249137,ROMAND BETTER THAN PALETTE 13 BREEZE GARDEN,ROMAND,,,,,,
8800258081248,081248,ROMAND SLIDE IN SINGLE M01 WARM VOLUMER,ROMAND,,,,,,
8800258081262,081262,ROMAND SLIDE IN SINGLE M02 COOL VOLUMER,ROMAND,,,,,,
8800258081286,081286,ROMAND SLIDE IN SINGLE M03 YOGURT CREAM,ROMAND,,,,,,
8800258081293,081293,ROMAND SLIDE IN SINGLE M04 JUICY MANGO,ROMAND,,,,,,
8800258081323,081323,ROMAND SLIDE IN SINGLE M05 MELON DEW,ROMAND,,,,,,
8800258081347,081347,ROMAND SLIDE IN SINGLE M06 SODA POP,ROMAND,,,,,,
8800258081361,081361,ROMAND SLIDE IN SINGLE M07 SPRING LAVENDER,ROMAND,,,,,,
8800258081378,081378,ROMAND SLIDE IN SINGLE M08 PALE PEONY,ROMAND,,,,,,
8800258081392,081392,ROMAND SLIDE IN SINGLE M09 BE HAZY,ROMAND,,,,,,
8800258081415,081415,ROMAND SLIDE IN SINGLE M10 TOFFEE LATTE,ROMAND,,,,,,
8800258081422,081422,ROMAND SLIDE IN SINGLE M11 CUSTARD,ROMAND,,,,,,
8800258081446,081446,ROMAND SLIDE IN SINGLE M12 MARGARET,ROMAND,,,,,,
8800258081460,081460,ROMAND SLIDE IN SINGLE M13 GRAPE CREAM,ROMAND,,,,,,
8800258081477,081477,ROMAND SLIDE IN SINGLE M14 TOE SHOES,ROMAND,,,,,,
8800258081491,081491,ROMAND SLIDE IN SINGLE M15 NOTHING PEACH,ROMAND,,,,,,
8800258081514,081514,ROMAND SLIDE IN SINGLE M16 FIG WHIPPING,ROMAND,,,,,,
8800258081521,081521,ROMAND SLIDE IN SINGLE M17 PONY,ROMAND,,,,,,
8800258081545,081545,ROMAND SLIDE IN SINGLE M18 PLAIN MOCHA,ROMAND,,,,,,
8800258081569,081569,ROMAND SLIDE IN SINGLE M19 MAUVE DOUGH,ROMAND,,,,,,
8800258081576,081576,ROMAND SLIDE IN SINGLE M20 DAILY BUCKWHEAT,ROMAND,,,,,,
8800258081590,081590,ROMAND SLIDE IN SINGLE M21 WARM CARAMEL,ROMAND,,,,,,
8800258081613,081613,ROMAND SLIDE IN SINGLE M22 MID MARRON,ROMAND,,,,,,
8800258081620,081620,ROMAND SLIDE IN SINGLE M23 RED BEANS,ROMAND,,,,,,
8800258081644,081644,ROMAND SLIDE IN SINGLE M24 DUST,ROMAND,,,,,,
8800258081651,081651,ROMAND SLIDE IN SINGLE M25 CHUBBY CHOCO,ROMAND,,,,,,
8800258081675,081675,ROMAND SLIDE IN SINGLE M26 BLENDING COCO,ROMAND,,,,,,
8800258081699,081699,ROMAND SLIDE IN SINGLE M27 COLD BREW,ROMAND,,,,,,
8800258081217,081217,ROMAND SLIDE IN SINGLE S01 GLAZE,ROMAND,,,,,,
8800258081224,081224,ROMAND SLIDE IN SINGLE S02 RICH LEMON,ROMAND,,,,,,
8800258081231,081231,ROMAND SLIDE IN SINGLE S03 BLUE VEIL,ROMAND,,,,,,
8800258081255,081255,ROMAND SLIDE IN SINGLE S04 BARE TARO,ROMAND,,,,,,
8800258081279,081279,ROMAND SLIDE IN SINGLE S05 BUBBLY,ROMAND,,,,,,
8800258081309,081309,ROMAND SLIDE IN SINGLE S06 SORBET WHIP,ROMAND,,,,,,
8800258081316,081316,ROMAND SLIDE IN SINGLE S07 PORCELAIN,ROMAND,,,,,,
8800258081330,081330,ROMAND SLIDE IN SINGLE S08 PINK SHA,ROMAND,,,,,,
8800258081354,081354,ROMAND SLIDE IN SINGLE S09 SALTY VANILLA,ROMAND,,,,,,
8800258081385,081385,ROMAND SLIDE IN SINGLE S10 JAMBON PINK,ROMAND,,,,,,
8800258081408,081408,ROMAND SLIDE IN SINGLE S11 MASHED GRAPEFRUIT,ROMAND,,,,,,
8800258081439,081439,ROMAND SLIDE IN SINGLE S12 CAPRI VIOLET,ROMAND,,,,,,
8800258081453,081453,ROMAND SLIDE IN SINGLE S13 LAZY MAGENTA,ROMAND,,,,,,
8800258081705,081705,ROMAND SLIDE IN SINGLE S14 BADDIE,ROMAND,,,,,,
8800258081682,081682,ROMAND SLIDE IN SINGLE S15 GINGER,ROMAND,,,,,,
8800258081668,081668,ROMAND SLIDE IN SINGLE S16 EARL GREY,ROMAND,,,,,,
8800258081637,081637,ROMAND SLIDE IN SINGLE S17 FUDGE,ROMAND,,,,,,
8800258081606,081606,ROMAND SLIDE IN SINGLE G01 SNOWY,ROMAND,,,,,,
8800258081583,081583,ROMAND SLIDE IN SINGLE G02 BUTTER RING,ROMAND,,,,,,
8800258081552,081552,ROMAND SLIDE IN SINGLE G03 BUNNY CHAT,ROMAND,,,,,,
8800258081538,081538,ROMAND SLIDE IN SINGLE G04 PURPLE LIT,ROMAND,,,,,,
8800258081507,081507,ROMAND SLIDE IN SINGLE G05 NU METEOR,ROMAND,,,,,,
8800258081484,081484,ROMAND SLIDE IN SINGLE G06 CLOUD,ROMAND,,,,,,
8809625244002,244002,ROMAND ZERO SUN CLEAN 01 FRESH,ROMAND,,,,,,
8809625244019,244019,ROMAND ZERO SUN CLEAN 02 TONE UP,ROMAND,,,,,,
8809625244187,244187,ROMAND DEWY·FUL WATER TINT 05 TAFFY,ROMAND,,,,ROMAND-MIDDLE-R2-P1,,
8809625244194,244194,ROMAND DEWY·FUL WATER TINT 06 THULIAN,ROMAND,,,,ROMAND-MIDDLE-R3-P1,,
8809625244217,244217,ROMAND DEWY·FUL WATER TINT 08 BERRY DIVINE,ROMAND,,,,ROMAND-MIDDLE-R3-P1,,
8809625245290,245290,ROMAND DEWY·FUL WATER TINT 09 COTTON MELBA,ROMAND,,,,ROMAND-MIDDLE-R3-P1,,
8809625245306,245306,ROMAND DEWY·FUL WATER TINT 10 MURMUR PINK,ROMAND,,,,ROMAND-MIDDLE-R3-P1,,
8809625245450,245450,ROMAND DEWY·FUL WATER TINT 11 LILAC CREAM,ROMAND,,,,ROMAND-MIDDLE-R3-P1,,
8809625244484,244484,ROMAND BLUR FUDGE TINT 04 RADWOOD,ROMAND,,,,,,
8809625244491,244491,ROMAND BLUR FUDGE TINT 05 BIBI CANDY,ROMAND,,,,,,
8809625247225,247225,ROMAND BLUR FUDGE TINT 13 COOLING UP,ROMAND,,,,ROMAND-LEFT-R2-P1,,
8809625247232,247232,ROMAND BLUR FUDGE TINT 14 UNROSE,ROMAND,,,,ROMAND-LEFT-R2-P1,,
8809625247249,247249,ROMAND BLUR FUDGE TINT 15 BERRY FIZZ,ROMAND,,,,,,
8809625247256,247256,ROMAND BLUR FUDGE TINT 16 BURNT ORANGE,ROMAND,,,,ROMAND-LEFT-R2-P1,,
8809625249793,249793,ROMAND X INAPSQUARE BLUR FUDGE TINT 17 PEACH DOWN,ROMAND,,,,,,
8809625249809,249809,ROMAND X INAPSQUARE BLUR FUDGE TINT 18 BAD BERRY,ROMAND,,,,,,
8809625244354,244354,ROMAND NAIL REMOVER,ROMAND,,,,,,
8809625244422,244422,ROMAND HAN ALL EYELASH CURLER,ROMAND,,,,,,
8809625244392,244392,ROMAND HAN ALL EYELASH SERUM,ROMAND,,,,,,
8809625245900,245900,ROMAND HAN ALL SHADE LINER 01 EBONY TAUPE,ROMAND,,,,,,
8809625245917,245917,ROMAND HAN ALL SHADE LINER 02 MUTED BROWN,ROMAND,,,,,,
8809625245924,245924,ROMAND HAN ALL SHADE LINER 03 HAZEL MAROON,ROMAND,,,,,,
8809625245931,245931,ROMAND HAN ALL SHADE LINER 04 COATED ROSY,ROMAND,,,,,,
8809625245948,245948,ROMAND HAN ALL SHADE LINER 05 SHADE BEIGE,ROMAND,,,,,,
8809625245955,245955,ROMAND HAN ALL SHADE LINER 06 FADE ASH,ROMAND,,,,,,
8809625245962,245962,ROMAND HAN ALL SHADE LINER 07 CREAMY BEIGE,ROMAND,,,,,,
8809625246839,246839,ROMAND GLASTING MELTING BALM 08 CORALIA,ROMAND,,,,ROMAND-MIDDLE-R3-P2,,
8809625249731,249731,ROMAND X INAPSQUARE GLASTING MELTING BALM 06 KAYA FIG,ROMAND,,,,,,
8809625249755,249755,ROMAND X INAPSQUARE GLASTING MELTING BALM 16 KITTEN PEACH,ROMAND,,,,,,
8809625249779,249779,ROMAND X INAPSQUARE GLASTING MELTING BALM 17 BERRY IN BLACK,ROMAND,,,,,,
8809625246358,246358,ROMAND BARE WATER CUSHION 01 PORCELAIN17 (REFILL),ROMAND,,,,,,
8809625246341,246341,ROMAND BARE WATER CUSHION 02 PURE21 (REFILL),ROMAND,,,,,,
8809625246334,246334,ROMAND BARE WATER CUSHION 03 NATURAL21 (REFILL),ROMAND,,,,,,
8809625246327,246327,ROMAND BARE WATER CUSHION 04 BEIGE23 (REFILL),ROMAND,,,,,,
8809625246310,246310,ROMAND BARE WATER CUSHION 05 SAND25 (REFILL),ROMAND,,,,,,
8809625246709,246709,ROMAND BACK ME TONE UP SUN CUSHION,ROMAND,,,,,,
8809625246884,246884,ROMAND TWINKLE PEN LINER 01 SILVER FLAKE,ROMAND,,,,,,
8809625246891,246891,ROMAND TWINKLE PEN LINER 02 GOLDEN WAVE,ROMAND,,,,,,
8809625246907,246907,ROMAND TWINKLE PEN LINER 03 ROSY SPARKLE,ROMAND,,,,,,
8809625246914,246914,ROMAND TWINKLE PEN LINER 04 MIDNIGHT ASH,ROMAND,,,,,,
8809625246921,246921,ROMAND TWINKLE PEN LINER 05 SUNSET HAZEL,ROMAND,,,,,,
8809625245436,245436,ROMAND HAN ALL FLAT BROW 1+1 SET C1 CLASSIC GRAY,ROMAND,,,,,,
8809625245467,245467,ROMAND HAN ALL FLAT BROW 1+1 SET C2 GRACE TAUPE,ROMAND,,,,,,
8809625245474,245474,ROMAND HAN ALL FLAT BROW 1+1 SET W1 GENTLE BROWN,ROMAND,,,,,,
8809625245610,245610,ROMAND BETTER THAN PALETTE DUAL BRUSH SET PACKAGE 03 ROSEBUD GARDEN,ROMAND,,,,,,
8809625245627,245627,ROMAND BETTER THAN PALETTE DUAL BRUSH SET PACKAGE 05 SHADE AND SHADOW GARDEN,ROMAND,,,,,,
8809625245634,245634,ROMAND BETTER THAN PALETTE DUAL BRUSH SET PACKAGE 06 PEONY NUDE GARDEN,ROMAND,,,,,,
8809625245641,245641,ROMAND BETTER THAN PALETTE DUAL BRUSH SET PACKAGE 09 DREAMY LILAC GARDEN,ROMAND,,,,,,
8809625245979,245979,ROMAND JUICY LASTING TINT A MOOD PEBBLE NAIL SET 01 PINK GRAPE SET,ROMAND,,,,,,
8809625245801,245801,ROMAND JUICY LASTING TINT A MOOD PEBBLE NAIL SET 02 NUDE BROWN SET,ROMAND,,,,,,
8809625247270,247270,ROMAND LIP MATE PENCIL 01 TENDERLY PEACH,ROMAND,,,,ROMAND-MIDDLE-R1-P1,,
8809625247287,247287,ROMAND LIP MATE PENCIL 02 DOVEY PINK,ROMAND,,,,ROMAND-MIDDLE-R1-P1,,
8809625247317,247317,ROMAND LIP MATE PENCIL 05 TAUPEY SHADE,ROMAND,,,,ROMAND-MIDDLE-R1-P1,,
8809625249281,249281,ROMAND GLASTING COLOR GLOSS 07 SPRING FEVER,ROMAND,,,,ROMAND-MIDDLE-R3-P2,,
8809625249298,249298,ROMAND GLASTING COLOR GLOSS 08 CHERRY UP,ROMAND,,,,ROMAND-MIDDLE-R3-P2,,
8809625248659,248659,ROMAND THE UNIVERSE LIQUID GLITTER 05 LOVEY FLARE,ROMAND,,,,,,
8809625248666,248666,ROMAND THE UNIVERSE LIQUID GLITTER 06 LITTLE METEOR,ROMAND,,,,ROMAND-RIGHT-R3-P2,,
8809625248673,248673,ROMAND THE UNIVERSE LIQUID GLITTER 07 MYSTIC MOON,ROMAND,,,,,,
8809625248680,248680,ROMAND THE UNIVERSE LIQUID GLITTER 08 MINTY WAY,ROMAND,,,,,,
8809625242084,242084,ROMAND ZERO MATTE LIPSTICK 03 SILHOUETTE,ROMAND,,,,,,
4992440037738,037738,ISHIZAWA LABS KEANA BAKING SODA SHIKUWASA FACE FOAM,ISHIZAWA,Active,,,,,
4992440037646,037646,ISHIZAWA LABS NADESHIKO KEANA BAKING SODA CORN BODY WASH SCRUB,ISHIZAWA,,,,,,
4992440034492,034492,ISHIZAWA LABS ORANGE SCALP TREATMENT,ISHIZAWA,,,,,,
test1,test1,test1,,,,,,,
test2,test2,test2,,,,,,,
6976416414721,414721,AMORTALS CLEANSING SOFT TOWEL MAPLE EDITION 70PCS,AMORTALS,,,,,,
4582547933516,933516,LOVISIA KIRBY HAND CREAM HEART SERIES 01,LOVISIA,,,,,,
4582547933523,933523,LOVISIA KIRBY HAND CREAM HEART SERIES 02 PEACH TEA,LOVISIA,,,,,,
4582547933530,933530,LOVISIA KIRBY HAND CREAM HEART SERIES 03 MILK TEA,LOVISIA,,,,,,
4582547933851,933851,LOVISIA KIRBY LIP BALM 01 MILK,LOVISIA,,,,,,
4582547933868,933868,LOVISIA KIRBY LIP BALM 02 PEACH,LOVISIA,,,,,,
4582547933875,933875,LOVISIA KIRBY LIP BALM 03 MANGO,LOVISIA,,,,,,
4582547934216,934216,LOVISIA KIRBY LIP GLOSS 01 GREEN,LOVISIA,,,,,,
4582547934223,934223,LOVISIA KIRBY LIP GLOSS 02 PEACH,LOVISIA,,,,,,
4582547934230,934230,LOVISIA KIRBY LIP GLOSS 03 MILK,LOVISIA,,,,,,
4582547933561,933561,DISPLAY-LOVISIA 1,LOVISIA,,,,,,
4582547933882,933882,DISPLAY-LOVISIA 2,LOVISIA,,,,,,
4582547934247,934247,DISPLAY-LOVISIA 3,LOVISIA,,,,,,
4582547933578,933578,TESTER-LOVISIA HAND CREAM,LOVISIA,,,,,,
4582547933899,933899,TESTER-LOVISIA LIP BALM,LOVISIA,,,,,,
4582547934254,934254,TESTER-LOVISIA LIP GLOSS,LOVISIA,,,,,,
4582300067007,067007,TADA CLAYGE CARE SPA SHAMPOO TREATMENT LIMITED SET WHITE PEACH,TADA,Active,,,,,
4570110291385,291385,OFF&RELAX SHAMPOO TREATMENT EARL GREY CUCUMBER LIMITED SET,OFF&RELAX,Active,,,,,
4570110291521,291521,OFF&RELAX SHAMPOO TREATMENT LEMON MAGNOLIA LIMITED SET,OFF&RELAX,Active,,,,,
4570110291613,291613,OFF&RELAX SHAMPOO TREATMENT LYCHEE ROSE LIMITED SET,OFF&RELAX,Active,,,,,
4571501178117,178117,DISPLAY-MILLEFEE POWDERED SETTING MIST SPRAY KEEP PLUS,MILLEFEE,,,,,,
6978135751187,751187,LELA LADYBRO LITCHI DIFFUSER 200ML,LELA LADYBRO,,,,,,
6978135751194,751194,LELA LADYBRO BLUE BELL DIFFUSER 200ML,LELA LADYBRO,,,,,,
6978135751200,751200,LELA LADYBRO GREEN TEA DIFFUSER 200ML,LELA LADYBRO,,,,,,
4589546891182,891182,VICREA &HONEY HERB SMOOTH SHAMPOO,VICREA,Active,,,,,
4589546891199,891199,VICREA &HONEY HERB SMOOTH TREATMENT,VICREA,Active,,,,,
8809625249212,249212,ROMAND BETTER THAN CONTOUR 01 NEUTRAL WARM,ROMAND,,,,,,
8809625249229,249229,ROMAND BETTER THAN CONTOUR 02 GRAY COOL,ROMAND,,,,,,
8809625244248,244248,ROMAND MOOD PEBBLE NAIL 02 ROSY SYRUP,ROMAND,,,,,,
4550516502827,502827,SHISEIDO TSUBAKI PREMIUM VOLUME SHAMPOO CONDITIONER SET 450ML*2,SHISEIDO,,,,,,
697339173104169385823223546973391737715,737715,INTO YOU SHERO SUPER MATTE LIP CHEEK MUD EM21,INTO YOU,,,,,,
4901417824998,824998,KRACIE TABINOYADO PREMIUM HOT SPRING BATH SALT CLEAR,KRACIE,,,,,,
4901417825001,825001,KRACIE TABINOYADO PREMIUM HOT SPRING BATH SALT MILKY,KRACIE,,,,,,
4550516494627,494627,SHISEIDO UNO FACE WASH MOIST,SHISEIDO,,,,,,
4550516494603,494603,SHISEIDO UNO FACE WASH SCRUB,SHISEIDO,,,,,,
4550516494597,494597,SHISEIDO UNO FACE WASH BLACK,SHISEIDO,Active,,,,,
4550516494634,494634,SHISEIDO UNO FACE WASH FORM SPEEDY,SHISEIDO,Active,,,,,
4550516493651,493651,SHISEIDO HAND CREAM,SHISEIDO,Active,,,,,
8809738312872,312872,BEAUTY OF JOSEON APRICOT BLOSSOM PEELING GEL,BEAUTY OF JOSEON,,,,,,
88095252460148809525246021,246021,BEAUTY OF JOSEON CENTELLA ASIATICA CALMING MASK 1SHEET,BEAUTY OF JOSEON,,,,,,
8809738316146,316146,BEAUTY OF JOSEON REVIVE EYE SERUM GINSENG RETINAL,BEAUTY OF JOSEON,,,,,,
88096857971738809803504300,504300,LANEIGE LIP SLEEPING MASK EX,LANEIGE,,,,,,
4571501177530,177530,MILLEFEE GLAMOROUS LIP PLUMPER 06 SWEET FIG,MILLEFEE,,,,MILLEFEE-R2-P3,,
4571501177547,177547,MILLEFEE GLAMOROUS LIP PLUMPER 07 SUGAR RASPBERRY,MILLEFEE,,,,MILLEFEE-R2-P3,,
4571501177554,177554,MILLEFEE GLAMOROUS LIP PLUMPER 08 MILK TEA ROSE,MILLEFEE,,,,MILLEFEE-R2-P3,,
4571501178056,178056,MILLEFEE PERFECT CONTOUR PALETTE 03 BLOOM PINK,MILLEFEE,,,,,,
4571501178124,178124,MILLEFEE PERFECT CONTOUR PALETTE 04 WISPER BEIGE,MILLEFEE,,,,,,
4571501178599,178599,MILLEFEE UNDER EYE GLAM PALETTE 03 SWEET LAVENDER,MILLEFEE,,,,,,
4571501178223,178223,MILLEFEE SHAKE DROP BLUSH 01 PEACH SOUFFLE,MILLEFEE,,,,,,
4571501178230,178230,MILLEFEE SHAKE DROP BLUSH 02 MOCHA MOUSSE,MILLEFEE,,,,,,
4571501178247,178247,MILLEFEE SHAKE DROP BLUSH 03 FIG LATTE,MILLEFEE,,,,,,
4571501178254,178254,MILLEFEE SHAKE DROP BLUSH 04 BLUEBERRY MILK,MILLEFEE,,,,,,
4571501178490,178490,MILLEFEE DEWY FIT GLOSS 01 BUNNY PINK,MILLEFEE,,,,,,
4571501178506,178506,MILLEFEE DEWY FIT GLOSS 02 APRICOT SYRUP,MILLEFEE,,,,,,
4571501178513,178513,MILLEFEE DEWY FIT GLOSS 03 MISTY GRAPE,MILLEFEE,,,,,,
4571501178520,178520,MILLEFEE DEWY FIT GLOSS 04 CREAMY NUDE,MILLEFEE,,,,,,
4571501178537,178537,MILLEFEE DEWY FIT GLOSS 05 BERRY FONDUE,MILLEFEE,,,,,,
4571501178544,178544,MILLEFEE MOISTURE REPAIR LIP MASK,MILLEFEE,,,,,,
6977116130300,130300,MSQ CREAM LARGE EYESHADOW BRUSH 1 PIECE,MSQ,,,,,,
6977116130416,130416,MSQ CREAM SCYTHE NOSE SHADOW BRUSH 1 PIECE,MSQ,,,,,,
6937467652579,652579,WOW KODS FIRST SIGHT CLEANSING BALM 15G,WOW KODS,,,,,,
6977116130409,130409,MSQ CREAM CONTOUR BRUSH 1 PIECE,MSQ,,,,,,
6971304583961,583961,MSQ QINGLUO MAKEUP BRUSH SET 10 PIECES,MSQ,,,,,,
6971304586429,586429,MSQ CLOUD BLUE MAKEUP BRUSH SET 11PIECE,MSQ,,,,,,
6971304584586,584586,MSQ MORANDI MAKEUP BRUSH SET 5 PIECES,MSQ,,,,,,
6974297725097,725097,LISHU GIRL GROUP ACE FALSE EYELASHES 2.0 48 CLUSTERS - GLUE-FREE VERSION,LISHU,,,,,,
6976526717026,717026,WOW COLOUR PLAIN EXTRACTABLE FACIAL TOWELS 80 PULLS,WOW COLOUR,,,,,,
6977116130652,130652,WOW KOS MASTER SERIES MAKEUP TOOL SET,WOW KOS,,,,,,
6937765249891,249891,TELLDO GINSENG TEA TREE PURE DEW SHAMPOO 50ML BAG,TELLDO,,,,,,
6937765249976,249976,TELLDO CAVIAR INTENSIVE CARE HAIR MASK 50ML POUCH,TELLDO,,,,,,
6974297725295,725295,LISHU TOWN SERIES - TOMATO SCRAMBLED EGGS POWDER PUFF - PACK OF 2,LISHU,,,,,,
6974297725233,725233,LISHU TOWN SERIES - BLACK PINEAPPLE UPGRADE VERSION 2.0 POWDER PUFF - SET OF 3 2 BLACK PINEAPPLE POWDER PUFFS + 1 MINI BOUNCY POWDER PUFF,LISHU,,,,,,
6974297725301,725301,LISHU TOWN SERIES - COOKIE POWDER PUFF - SET OF 4,LISHU,,,,,,
6974297724014,724014,LISHU LIMITED EDITION SET - 2 PIECES INCLUDING STORAGE,LISHU,,,,,,
6974297722454,722454,LISHU - RICHE DAY SERIES POWDER PUFF SET5PIECES,LISHU,,,,,,
6973613010121,010121,ILSO BLACKHEAD EXTRACTION KIT BLACKHEAD EXTRACTION LIQUID 150ML + BLACKHEAD SCRAPER + 50 WET COMPRESS COTTON PADS,ILSO,,,,,,
6937765250446,250446,TELLDO GINGER OIL CONTROL SHAMPOO 450ML/BOTTLE,TELLDO,,,,,,
6937765249969,249969,TELLDO BOUNCE FISH ROE AMINO ACID SHAMPOO 5.0 50ML POUCH,TELLDO,,,,,,
6976193760530,760530,BEFE AVOCADO WASH TRAVEL SET OIL CONTROL FLUFFY FOAMING SHAMPOO 45ML REPAIR HAIR MASK 50G WITH HAIR CLIP,BEFE,,,,,,
6976193760295,760295,BEFE - POLYPEPTIDE ANTI-HAIRLOSS VOLUMIZING SHAMPOO 45ML,BEFE,,,,,,
6976193760462,760462,BEFE - OIL-CONTROL CLEANING SHAMPOO 330ML,BEFE,,,,,,
6976193761223,761223,BEFE YURE FRAGRANT HAIR ESSENTIAL OIL RAIN MOSS 120ML,BEFE,,,,,,
6976193761384,761384,BEFE SOFT BRIGHT FRAGRANT HAIR OIL SUNSET GARDEN 120ML,BEFE,,,,,,
6976193761247,761247,BEFE STRONG AND RESILIENT FRAGRANCE HAIR OIL ELECTRIC CHERRY 120ML,BEFE,,,,,,
6976193761186,761186,BEFE COLOR LOCKING STRONG NOURISHING HAIR MASK 240G,BEFE,,,,,,
6976193760813,760813,BEFE AVOCADO HAIR MASK 240G,BEFE,,,,,,
6976193761155,761155,BEFE TEA TREE VOLUMIZING HAIR MASK 240G,BEFE,,,,,,
8107022550641,550641,WOW COLOUR CLASSIC SERIES CRESCENT MOON EYELINER BRUSH,WOW COLOUR,,,,,,
6974297724885,724885,LISHU CAT SERIES FALSE EYELASHES 48 CLUSTERS,LISHU,,,,,,
6973598242770,242770,ROOPY FRAGRANT FRUIT ACID ESSENTIAL OIL HAND MASK- CITRUS SINGLE PIECE 38G + 0.5G ESSENTIAL OIL,ROOPY,,,,,,
6972598242817,242817,ROOPY FRAGRANT FRUIT ACID ESSENTIAL OIL HAND MASK-WOODY SINGLE PIECE 38G + 0.5G ESSENTIAL OIL,ROOPY,,,,,,
6972598242794,242794,ROOPY FRAGRANT FRUIT ACID ESSENTIAL OIL HAND MASK-FOUGERE SINGLE PIECE 38G + 0.5G ESSENTIAL OIL,ROOPY,,,,,,
6976526717231,717231,WOW COLOUR DISPOSABLE SMALL HAIR TIES PACK OF 140,WOW COLOUR,,,,,,
6976526717224,717224,WOW COLOUR DUAL COLOR TELEPHONE WIRE HAIR TIES SET OF 3,WOW COLOUR,,,,,,
6977057251836,251836,MLEN DIARY MI GIA MLEN DIARY TU DINH - BABY COMIC 56CLUSTERS,MLEN DIARY,,,,,,
6974297723437,723437,LISHU 3+1 BLUSH PUFF & BRUSH SET,LISHU,,,,,,
6977162492568,492568,TELLDO WITCH HAZEL NO-RINSE OIL CONTROL SHAMPOO 80G/TUBE,TELLDO,,,,,,
6972914579931,579931,WOW KOS MASTER SERIES BULLET LIP BRUSH,WOW KOS,,,,,,
6972914579863,579863,WOW KOS MASTER SERIES ANGLED CONTOUR BRUSH,WOW KOS,,,,,,
6972914579894,579894,WOW KOS MASTER SERIES ANGLED NOSE SHADOW BRUSH,WOW KOS,,,,,,
6972914579917,579917,WOW KOS MASTER SERIES SMALL EYESHADOW BRUSH,WOW KOS,,,,,,
6972914579924,579924,WOW KOS MASTER SERIES DUAL-HEAD EYEBROW AND EYELASH BRUSH,WOW KOS,,,,,,
6972914579887,579887,WOW KOS MASTER SERIES FLAME BLENDING BRUSH,WOW KOS,,,,,,
6972914579856,579856,WOW KOS MASTER SERIES DOT BLUSH BRUSH,WOW KOS,,,,,,
6972914579900,579900,WOW KOS MASTER SERIES LARGE EYESHADOW BRUSH,WOW KOS,,,,,,
6974297722478,722478,LISHU - RECORD SERIES BLACK PINEAPPLE PUFF PACK OF 3,LISHU,,,,,,
6976526718061,718061,WOW KOS MASTER SERIES BLUSH CREAM AND POWDER DUAL USE SET,WOW KOS,,,,,,
6976526718078,718078,WOW KOS MASTER SERIES BLADE BRUSH POWDER FOUNDATION SET,WOW KOS,,,,,,
6976526717996,717996,WOW KOS MASTER SERIES FLAT TONGUE BRIGHTENING CONCEALER MAKEUP BRUSHES SET OF 3,WOW KOS,,,,,,
6977663540249,540249,MR WISH'S NON-STICK ANIMAL SERIES - BIRD SERIES WITH BIG EYES,MR WISH,,,,,,
6976526710256,710256,WOW COLOUR PENGUIN DDUN DDUN EDGE-PRESSED SKIN-FRIENDLY ROUND MAKEUP COTTON PADS 80 PIECES,WOW COLOUR,,,,,,
6977663540232,540232,MR WISH ANIMAL SERIES GLUE-FREE FALSE EYELASHES SQUIRREL,MR WISH,,,,,,
6977663542038,542038,MR WISH GLUE-FREE FALSE EYELASHES INNOCENT BIG EYES STYLE 36 CLUSTERS,MR WISH,,,,,,
6977663542021,542021,MR WISH MODERN TIME GLUE-FREE FALSE EYELASHES MEOW QIANJIN 48CLUSTERS,MR WISH,,,,,,
6977663540225,540225,MR WISH GLUE-FREE SEGMENTED SINGLE CLUSTER EYELASHES PLUS,MR WISH,,,,,,
6974297724106,724106,LISHU TRACELESS FOUNDATION BRUSH 1 PIECE TRACELESS STRAIGHT,LISHU,,,,,,
6976526716951,716951,WOW KOS MASTER SERIES BLADE FOUNDATION BRUSH,WOW KOS,,,,,,
6974297724991,724991,LISHU EYELASH TOOL SET TWEEZERS 1 + FALSE EYELASH GLUE 7G,LISHU,,,,,,
6974297722867,722867,LISHU FOX SERIES FAUX MINK EYELASHES - SU DAJI 42 CLUSTERS,LISHU,,,,,,
6976526715503,715503,WOW KOS CRAFTSMANSHIP SERIES SMALL EYESHADOW BRUSH,WOW KOS,,,,,,
6976526715497,715497,WOW KOS CRAFTSMANSHIP SERIES FAN SHAPED EYESHADOW BRUSH,WOW KOS,,,,,,
6976526715510,715510,WOW KOS CRAFTSMANSHIP SERIES POINTED DETAIL BRUSH,WOW KOS,,,,,,
6976526718047,718047,WOW ACKC BEGINNER EYEBROW SHAPING SET EYEBROW RAZOR + EYEBROW SCISSORS 2 PIECES,WOW ACKC,,,,,,
6976526718023,718023,WOW ACKC ADJUSTABLE EYEBROW SCISSORS 3 PACK,WOW ACKC,,,,,,
6976193761179,761179,BEFE COLOR LOCK NOURISHING SHAMPOO 450ML,BEFE,,,,,,
6976193760318,760318,BEFE TEA TREE OIL CONTROL SHAMPOO 450ML,BEFE,,,,,,
6976193761193,761193,BEFE BLACK TRUFFLE VOLUMIZING OIL CONTROL SHAMPOO 450ML,BEFE,,,,,,
6977057251034,251034,MLEN DIARY NO GLUE SERIES - SUNFLOWER 56 CLUSTERS UPGRADED VERSION BLACK ADHESIVE ENGLISH EDITION,MLEN DIARY,,,,,,
6977057251041,251041,MLEN DIARY ADHESIVE-FREE SERIES -DANDELION 35 CLUSTERS BLACK ADHESIVE ENGLISH VERSION,MLEN DIARY,,,,,,
6973532442713,442713,ARREBOL NATURAL SKIN COLOR DOUBLE EYELID TAPE - SLANTED CUT OLIVE SHAPE 120 PIECES,TAOYOUYE,,,,,,
6973532442751,442751,"ARREBOL NATURAL SKIN COLOR DOUBLE EYELID TAPE - OLIVE SHAPE, 108 PIECES",TAOYOUYE,,,,,,
6973532442720,442720,"ARREBOL NATURAL SKIN COLOR DOUBLE EYELID TAPE - SIZE S, 120 PIECES",TAOYOUYE,,,,,,
6973532442737,442737,"ARREBOL NATURAL SKIN COLOR DOUBLE EYELID TAPE - SIZE M, 120 PIECES",TAOYOUYE,,,,,,
6973532442850,442850,"ARREBOL NATURAL SKIN COLOR DOUBLE EYELID TAPE - SIZE L, 120 PIECES",TAOYOUYE,,,,,,
6976526718351,718351,WOW KOS CRAFTSMANSHIP SERIES DOT COLOR CONTOURING BRUSH,WOW KOS,,,,,,
6976526718320,718320,WOW KOS MASTER SERIES HEART-SHAPED GRADIENT HIGHLIGHTER BRUSH,WOW KOS,,,,,,
6977116130621,130621,MSQ MILK COFFEE EYE BRUSH SET 3 PIECES,MSQ,,,,,,
6977116130607,130607,MSQ LATTE COFFEE BLENDING BRUSH SET 3 PIECES,MSQ,,,,,,
6977116130614,130614,MSQ MILK COFFEE MAKEUP BRUSH SET 5 PIECES,MSQ,,,,,,
6976526717033,717033,WOW COLOUR CREAM WITH BLUSH BRUSH,WOW COLOUR,,,,,,
6976526717118,717118,WOW KOS MASTER SERIES FISH TAIL FOUNDATION BRUSH,WOW KOS,,,,,,
6976526717378,717378,WOW COLOUR MIDSUMMER SERIES LONG VELVET POWDER PUFF,WOW COLOUR,,,,,,
6976526717354,717354,WOW COLOUR MIDSUMMER COLLECTION DOUBLE-SIDED TRIANGLE POWDER PUFF,WOW COLOUR,,,,,,
6976526717934,717934,WOW COLOUR MID-SUMMER SERIES SHORT VELVET POWDER PUFF SET OF 2,WOW COLOUR,,,,,,
6976526715695,715695,WOW COLOUR CLASSIC SERIES SOFT COTTON CANDY POWDER PUFF XL 1 PIECE PACK,WOW COLOUR,,,,,,
6976526715701,715701,WOW COLOUR CLASSIC SERIES WATER-SOAKED CUSHION PUFF PACK OF 2,WOW COLOUR,,,,,,
6976526715718,715718,WOW COLOUR CLASSIC SERIES BLACK VELVET FINGER PUFF SET OF 3,WOW COLOUR,,,,,,
6976526715725,715725,WOW COLOUR CLASSIC SERIES BLACK AND PINK COTTON CANDY PUFF 1 PIECE,WOW COLOUR,,,,,,
6976526715688,715688,WOW COLOUR CLASSIC SERIES ULTRA SOFT BLACK POWDER PUFF 1 PIECE,WOW COLOUR,,,,,,
6976526715671,715671,WOW COLOUR DOPAMINE SERIES DOUBLE-SIDED PUFF 1 PIECE,WOW COLOUR,,,,,,
6976526717064,717064,WOW COLOUR ANIMAL SERIES SETTING POWDER PUFF 1 PIECE,WOW COLOUR,,,,,,
6976526717057,717057,WOW COLOUR ANIMAL SERIES FLAT COTTON CANDY PUFF 1 PIECE,WOW COLOUR,,,,,,
6977479780082,780082,JUWEI CUTE GIRLFRIEND FALSE EYELASHES - 36 CLUSTERS 30 CLUSTERS FOR UPPER EYELASHES + 6 CLUSTERS FOR LOWER EYELASHES,JUWEI,,,,,,
6977479780075,780075,JUWEI MERMAID FALSE EYELASHES - 42 CLUSTERS 36 CLUSTERS OF UPPER EYELASHES + 6 CLUSTERS OF FALSE EYELASHES,JUWEI,,,,,,
6977479780068,780068,JUWEI HEART EXPANSION SERIES MOONLIGHT FAIRY FALSE EYELASHES - 36 CLUSTERS 30 CLUSTERS FOR UPPER EYELASHES + 6 CLUSTERS FOR LOWER EYELASHES,JUWEI,,,,,,
6976136050674,050674,THE CATS WHISPER EYELASH 48CLUSTERS,THE CATS WHISPER,,,,,,
6976136050476,050476,THE CATS WHISPER GLUE-FREE FALSE EYELASHES 40CLUSTERS,THE CATS WHISPER,,,,,,
6976136050407,050407,THE CATS WHISPER GLUE-GEL FALSE EYELASHES SHAKE LIGHT EYELASHES 40 CLUSTERS,THE CATS WHISPER,,,,,,
6976136050902,050902,THE CATS WHISPER GLUE-GEL FALSE EYELASHES TILTED SHINE 32 CLUSTERS,THE CATS WHISPER,,,,,,
6976136050469,050469,THE CATS WHISPER GLUE-FREE FAKE EYELASHES QIAN YU LASHES 48 CLUSTERS,THE CATS WHISPER,,,,,,
6976136050681,050681,THE CATS WHISPER XIAOHUA FEIJIE SERIES GLUE-FREE LOWER EYELASHES 48 CLUSTERS,THE CATS WHISPER,,,,,,
6976136052456,052456,THE CATS WHISPER LIGHTLY CONDENSES INTO 32 CLUSTERS OF SWALLOWTAIL EYELASHES.,THE CATS WHISPER,,,,,,
6976136052449,052449,THE CATS WHISPER LIGHTLY CONDENSES THE STARLIGHT LASHES.,THE CATS WHISPER,,,,,,
6976136052463,052463,THE CATS WHISPER LIGHTLY CONDENSES THE PINE SHADOW EYELASHES INTO 40 CLUSTERS.,THE CATS WHISPER,,,,,,
6974297724175,724175,LISHU CHEONGSAM POWDER PUFF SET 2 FOUNDATION SPONGES + 1 SETTING POWDER PUFF,LISHU,,,,,,
6974297723321,723321,LISHU TASSEL CAT EAR FALSE EYELASHES 48 CLUSTERS,LISHU,,,,,,
6971921640580,640580,YAOZHI LIMITED EDITION DEMON EGG YOLK PIE SET 4 PIECES WITH A STORAGE BOX INCLUDED,YAOZHI,,,,,,
6949213617497,617497,WANXUE FRAGRANCE NIACINAMIDE ESSENCE HAND CREAM MID-SUMMER BREEZE 50G,WANXUE,,,,,,
6949213617480,617480,WANXUE FRAGRANCE NIACINAMIDE ESSENCE HAND CREAM SOFA WHITE DREAM 50G,WANXUE,,,,,,
6972914579979,579979,WANXUE FRAGRANCE NIACINAMIDE HAND CREAM JAPANESE DRY LANDSCAPE 50G,WANXUE,,,,,,
6976526710249,710249,WOW COLOUR PENGUIN DUNDA DOUBLE COMBINATION MULTI-FUNCTIONAL MAKEUP COTTON 510 PIECES,WOW COLOUR,,,,,,
6976136050841,050841,THE CATS WHISPER XIAOXIAO SERIES QIANYU EYELASHES 120 CLUSTERS,THE CATS WHISPER,,,,,,
6937467651503,651503,WOW KODS INITIAL CLEANSING HONEY 30ML,WOW KODS,,,,,,
6937467652562,652562,WOW KODS FIRST ENCOUNTER CLEANSING BALM 15G + 3G*4,WOW KODS,,,,,,
6972598244507,244507,ROOPY MOISTURIZING FRAGRANCE BODY LOTION MOISTURIZING MOISTURIZING FRAGRANCE SKIN CARE 150ML,ROOPY,,,,ROMAND-LEFT-R2-P1,,
6972598244521,244521,ROOPY FUQIXIANGFEN PLANT ESSENCE BODY LOTION TIME OF MELTING SNOW 150ML,ROOPY,,,,,,
6931583603965,603965,WOW KODS INITIAL CLEANSING OIL 100ML,WOW KODS,,,,,,
6940079096877,096877,WOW KODS FIRST ENCOUNTER CLEAR AND PURE MAKEUP REMOVER OIL SET 30ML*2,WOW KODS,,,,,,
6972598247881,247881,ROOPY FUZHI FRAGRANCE PLANT ESSENCE HAND CREAM SET SNOW MELTING TIME 75G + 25G,ROOPY,,,,,,
6972598247898,247898,ROOPY FUZHI FRAGRANCE PLANT ESSENCE HAND CREAM SET DUSK GRAPEFRUIT DREAM 75G + 25G,ROOPY,,,,,,
6935407837178,837178,WOW KODS HYALURONIC ACID SMOOTHING SUPREME HAIR MASK BLUE ORANGE WOOD TEA 200G,WOW KODS,,,,,,
6935407834207,834207,WOW KODS HYALURONIC ACID SMOOTH PERFECT HAIR MASK JAPANESE ZEN GARDEN 200G VERSION 2.0,WOW KODS,,,,,,
6938713753460,753460,WANXUE PLANT EXTRACT MOISTURIZING BLACKHEAD REMOVAL NOSE PATCHES TWO-PART SET VERSION 2.0 6 PAIRS PACK,WANXUE,,,,,,
6938713755518,755518,WANXUEBLACKHEAD CLEAR ESSENCE 150ML,WANXUE,,,,,,
6935407834191,834191,WOW KODS SQUALANE WATER-FEELING ANTI-BREAKAGE HAIR OIL 100ML,WOW KODS,,,,,,
6931583605952,605952,WOW KODS INITIAL CLEAR AND MOISTURIZING MAKEUP REMOVER OIL SET 30ML + 3ML*5,WOW KODS,,,,,,
6937467653040,653040,WOW KODS CENTELLA ASIATICA SOFT CLEANSING FACIAL CLEANSER GIFT SET 20G CLEANSING FOAM + 15G CLEANSING BALM,WOW KODS,,,,,,
6937467653057,653057,WOW KODS CENTELLA CLOUD SOFT CLEANSING FACIAL CLEANSER LIMITED EDITION GIFT SET FACIAL CLEANSER 100G + 20G + MAKEUP REMOVER 15G,WOW KODS,,,,,,
6976526717187,717187,WOW COLOUR MIXED COLOR COTTON SWABS 240 PIECES,WOW COLOUR,,,,,,
6976526717170,717170,WOW COLOUR DISPOSABLE INDIVIDUALLY WRAPPED DOUBLE-ENDED COTTON SWABS 180 PCS,WOW COLOUR,,,,,,
8011012550646,550646,WOW KODS FIRST IMPRESSION TRANSPARENT CLEANSING BALM 3G*6,WOW KODS,,,,,,
6940079000805,000805,WOW KODS INITIAL CLEANSING OIL 30ML,WOW KODS,,,,,,
6935407836867,836867,WOW KODS HYALURONIC ACID SMOOTH AND NOURISHING HAIR MASK SINGLE PACK,WOW KODS,,,,,,
6937467652760,652760,WOW KODS CENTELLA ASIATICA SOFT CLEANSING MILK 20G,WOW KODS,,,,,,
6974297724984,724984,LISHU CHERRY COTTON CANDY POWDER PUFF 1 DROPLET SHAPE + 1 TRIANGLE SHAPE,LISHU,,,,,,
6976526717156,717156,WOW COLOUR SOFT SKIN-FRIENDLY EDGE MAKEUP COTTON PADS 270 PIECES,WOW COLOUR,,,,,,
6937765252242,252242,TELLDO CAVIAR INTENSIVE CARE HAIR MASK 260ML/PER TUBE,TELLDO,,,,,,
6977208193909,193909,WOW ACKC LINE WILD EYEBROW EASY SHARPENING EYEBROW PENCIL 01 ASH GRAY,WOW ACKC,,,,,,
6977208193916,193916,WOW ACKC LINE WILD EYEBROW PENCIL 02 ASH BROWN,WOW ACKC,,,,,,
6937765250750,250750,TELLDO BOUNCE FISH ROE AMINO ACID SHAMPOO 5.0 520ML/BOTTLE,TELLDO,,,,,,
6943182316214,316214,TELLDO BOUNCING PINK CITY PERFUME SHOWER GEL 450ML/BOTTLE,TELLDO,,,,,,
6943182316238,316238,TELLDO BOUNCING WAVE TIME PERFUME SHOWER GEL 450ML/BOTTLE,TELLDO,,,,,,
6943182316221,316221,TELLDO BOUNCING NORTH ISLAND GARDEN PERFUMED SHOWER GEL 450ML/BOTTLE,TELLDO,,,,,,
6974780740699,740699,WANXUE TEA EXTRACT FRUIT ACID WET COMPRESS WATER 400ML,WANXUE,,,,,,
6976526714667,714667,WOW ACKC GLUE-FREE AND EASY-TO-REMOVE FAKE EYELASHES PLUS SUNFLOWER 120 CLUSTERS,WOW ACKC,,,,,,
6977208191271,191271,WOW ACKC GOOD GOOD GOOD THREE-DIMENSIONAL DOUBLE-HEADED SLEEPING WORM PEN 02 SHATTERED GOLD,WOW ACKC,,,,,,
6977208192803,192803,WOW ACKC CURLED LASH DUAL-HEAD MASCARA #NATURAL BLACK,WOW ACKC,,,,,,
6973100530910,530910,AARYE PLANT EXTRACT HAND CREAM - CEDARWOOD AND VANILLA 75G,AARYE,,,,,,
6973100530903,530903,AARYE PLANT ESSENCE FRAGRANT HAND CREAM - LIGHT ROSE AND GINGER SUGAR 75G,AARYE,,,,,,
6973100530897,530897,AARYE FRAGRANCE HAND CREAM ALUMINUM TUBE EBONY & CEDAR 75G,AARYE,,,,,,
6973100530972,530972,AARYE ESSENTIAL OIL AROMA HAND CREAM - SAINT MOUNTAIN WENGE HAND CREAM 90G,AARYE,,,,,,
6973100530965,530965,AARYE ESSENTIAL OIL FRAGRANCE HAND CREAM - CHIBA PEACH MYRTUS HAND CREAM 90G,AARYE,,,,,,
6973100530958,530958,AARYE ESSENTIAL OIL HAND CREAM - KYOTO CANGLAN HAND CREAM 90G,AARYE,,,,,,
6971304584081,584081,MSQ 10-PIECE MOCHA MAKEUP BRUSH SET,MSQ,,,,,,
6949213641171,641171,WANXUE VASELINE ULTRA MOISTURIZING HAND CREAM 60G,WANXUE,,,,,,
6972914572802,572802,WOW COLOUR ROOT VOLUMIZING CLIP SET PACK OF 4 GRAPEFRUIT COLOR,WOW COLOUR,,,,,,
6976526715473,715473,WOW KOS CRAFTSMANSHIP SERIES SLOPING BLUSH BRUSH,WOW KOS,,,,,,
6976526715466,715466,WOW KOS CRAFTSMANSHIP SERIES BULB-SHAPED POWDER BRUSH,WOW KOS,,,,,,
6975491812149,812149,MOMOS WORKSHOP BENTO SERIES POWDER PUFF-SUNNY SIDE EGG MARSHMALLOW PUFF 2 PCS,MOMOS WORKSHOP,,,,,,
6975491812217,812217,MOMOS WORKSHOP ANIMAL SERIES MAKEUP-SHEEP PUFF 2 PCS,MOMOS WORKSHOP,,,,,,
6975491812194,812194,MOMOS WORKSHOP ANIMAL SERIES MAKEUP-CHUBBY MARMOT,MOMOS WORKSHOP,,,,,,
6975491812200,812200,MOMOS WORKSHOP ANIMAL SERIES MAKEUP-EAR PUPPY,MOMOS WORKSHOP,,,,,,
6975491812156,812156,MOMOS WORKSHOP BENTO SERIES POWDER PUFF -TOMATO MARSHMALLOW PUFF 2 PCS,MOMOS WORKSHOP,,,,,,
6977663541772,541772,MR WISH HANDY SERIES WHITE MOONLIGHT EYELASHES INCLUDES TWEEZERS,MR WISH,,,,,,
6976526715060,715060,WOW COLOUR DISPOSABLE ELASTIC BANDS PACK OF 140,WOW COLOUR,,,,,,
6976526717217,717217,WOW COLOUR HIGH ELASTICITY BLACK HAIR TIES PACK OF 5,WOW COLOUR,,,,,,
6976526716418,716418,WOW COLOUR INVISIBLE POWDER PURPLE HAIR CLIPS SET OF 4,WOW COLOUR,,,,,,
6976526717071,717071,WOW COLOUR MEDIUM VOLUME ROOT STYLING CLIPS PACK OF 10,WOW COLOUR,,,,,,
6976526716425,716425,WOW COLOUR ROOT VOLUMIZING LARGE COLOR STYLING CLIPS SET OF 4,WOW COLOUR,,,,,,
6972914572826,572826,WOW COLOUR MULTI-EFFECT VOLUMIZING CURLING RODS SET OF 4 GRAPEFRUIT COLOR,WOW COLOUR,,,,,,
6972914577173,577173,WOW COLOUR SILICONE HEADBAND LIP BRUSH,WOW COLOUR,,,,,,
6974297721129,721129,LISHU BLACK PHOENIX MAKEUP PUFF 2PCS,LISHU,,,,,,
6974297721938,721938,LISHU CAT EAR COMIC EYE FALSE EYELASHES LONG 72 CLUSTERS,LISHU,,,,,,
6974297721341,721341,LISHU CAT EAR COMIC EYE FALSE EYELASHES SHORT 72 CLUSTERS,LISHU,,,,,,
6974297724946,724946,LISHU CHERRY COTTON CANDY POWDER PUFF WATER DROPLET SHAPE *2 + TRIANGLE SHAPE *2,LISHU,,,,,,
6972914579573,579573,WOW COLOUR PEARL PATTERN DISPOSABLE FACIAL TOWEL 40 SHEETS 3 PACK,WOW COLOUR,,,,,,
6977116133035,133035,MSQ POCKET EYE BRUSH SET 5 PIECES,MSQ,,,,,,
6976821893265,893265,LEEMEMBER MYSTERIOUS SERIES NON-TRANSFER DOUBLE-ENDED LIP GLOSS SLP05 DEEPLY OPEN DISPLAY,LEEMEMBER,,,,,,
6974297725486,725486,LISHU BLACK PINEAPPLE 3.0 MAKEUP SPONGE - PUNK LIMITED EDITION 2 MAKEUP SPONGES + 2 EAR HOOPS,LISHU,,,,,,
6976526710607,710607,WOW ACKC HIGH PRECISION SLANTED EYEBROW CLAMP 1 PIECE,WOW ACKC,,,,,,
6923651607593,607593,OSITREE GLACIER MUD CLEANSING FACIAL MASK130G,OSITREE,,,,,,
6923651611323,611323,OSITREE TREMELLA POLYSACCHARIDE MOISTURIZING AND HYDRATING FACE MASK 25ML*5 PIECES,OSITREE,,,,,,
6923651611330,611330,OSITREE SODIUM HYALURONATE HYDRATING AND MOISTURIZING FACE MASK 25ML*5 PIECES,OSITREE,,,,,,
6923651611347,611347,OSITREE BLACK TEA SOOTHING AND HYDRATING FACE MASK 25ML*5 SHEETS,OSITREE,,,,,,
6976526716364,716364,WOW COLOUR PALM ELASTIC COMB LARGE PINK,WOW COLOUR,,,,,,
6976526717347,717347,WOW COLOUR SCALP MASSAGE CLEANSING SHAMPOO BRUSH,WOW COLOUR,,,,,,
6972598242725,242725,ROOPY FRAGRANT PLANT ESSENCE HAND CREAM GIFT SET MELTING SNOW TIME 75G + SANDALWOOD LILY 12G + JUNE ROSE 12G,ROOPY,,,,ROMAND-LEFT-R3-P3,,
6972598242718,242718,ROOPY FRAGRANCE PLANT ESSENCE HAND CREAM GIFT BOX JUNE ROSE 75G + SANDALWOOD LILY 12G + TIME OF MELTING SNOW 12G,ROOPY,,,,,,
6976526716036,716036,WOW COLOUR SCALP MASSAGE SIX FINGER COMB INCLUDES STORAGE BAG,WOW COLOUR,,,,,,
6972598248468,248468,ROOPY FUJIK FRAGRANT PLANT ESSENCE HAND CREAM GIFT BOX TEA DYES LONG NIGHT 75G + TIME OF MELTING SNOW 12G + SUNSET GRAPEFRUIT THOUGHTS 12G,ROOPY,,,,,,
6937467652791,652791,WOW KODS FIRST ENCOUNTER CLEANSING BALM 48G + HEART-SHAPED STAND,WOW KODS,,,,,,
6937467651923,651923,WOW KODS FIRST SIGHT CLEANSING BALM 48G,WOW KODS,,,,,,
6935407828893,828893,WOW KODS AIRY AROMA SHAMPOO JAPANESE DRY LANDSCAPE 100G,WOW KODS,,,,,,
6935407828886,828886,WOW KODS FRUIT ACID MOISTURIZING FRAGRANCE SHOWER GEL JAPANESE DRY LANDSCAPE 100G,WOW KODS,,,,,,
6955704444800,444800,WANXUE SOFTENING NAIL ESSENCE OIL CHERRY BLOSSOM SCENT 4ML,WANXUE,,,,,,
6955704444817,444817,WANXUE SOFTENING NAIL ESSENCE OIL FIG SCENT 4ML,WANXUE,,,,,,
6955704437659,437659,WANXUE NIACINAMIDE DUAL NOURISHING FOOT MASK 1 PAIR,WANXUE,,,,,,
6976526717774,717774,WOW COLOUR VERTICAL GREEN TABLE MIRROR,WOW COLOUR,,,,,,
6976526717781,717781,WOW COLOUR VERTICAL PINK SMALL TABLE MIRROR,WOW COLOUR,,,,,,
8110012550574,550574,WOW COLOUR VERTICAL PURPLE SMALL TABLE MIRROR,WOW COLOUR,,,,,,
6973274305499,305499,FENBI DREAM WATERPROOF EYELINER PEN 02 NATURAL BROWN,FENBI DREAM,,,,,,
6973274305482,305482,FENBI DREAM WATERPROOF LIQUID EYELINER PENCIL 01 BLACK,FENBI DREAM,,,,,,
6958697903972,903972,FENBI DREAM WATERPROOF DUAL-HEAD DIAMOND BROW PENCIL 02 NATURAL BROWN,FENBI DREAM,,,,,,
6958697903989,903989,FENBI DREAM WATERPROOF DOUBLE-ENDED DIAMOND EYEBROW PENCIL 01 ASH BROWN,FENBI DREAM,,,,,,
6958697904177,904177,FENBI DREAM WATERPROOF FINE EYEBROW POWDER PENCIL 02 NATURAL BROWN,FENBI DREAM,,,,,,
6958697904160,904160,FENBI DREAM WATERPROOF FINE BROW POWDER PENCIL 01 ASH BROWN,FENBI DREAM,,,,,,
6973100531139,531139,AARYE FRAGRANCE HAND CREAM - BAMBOO MIST FOREST 60G,AARYE,,,,,,
6973100531122,531122,AARYE FRAGRANCE HAND CREAM - MAGNOLIA MOUNTAIN HALL 60G,AARYE,,,,,,
6973100531115,531115,AARYE FRAGRANCE HAND CREAM - FULL GARDEN TEA OSMANTHUS 60G,AARYE,,,,,,
6971483740780,740780,DEEYEO BRAND HANGING PULL-OUT FACIAL TISSUE 60 SHEETS,DEEYEO,,,,,,
6974926782187,782187,FLORAL FRAGRANCE MOISTURIZING PRIMER CREAM,HUAJIANSONG,,,,,,
6937765251153,251153,TELLDO GINSENG PURE ESSENCE LUXURY NOURISHING REPAIR HAIR MASK 3.0 260ML/PER,TELLDO,,,,,,
6923651610180,610180,OSITREE BLACK TEA PLANT EXTRACT CLEANSER OIL 225ML,OSITREE,,,,,,
6923651610227,610227,OSITREE BLACK TEA SOOTHING CLEANSING OIL 225ML,OSITREE,,,,,,
6923651610203,610203,OSITREE BLACK TEA CLEANSING OIL 225ML,OSITREE,,,,,,
6976526717453,717453,WOW KOS MASTER SERIES DUAL-HEAD PORTABLE MAKEUP BRUSH SET 5 PIECES,WOW KOS,,,,,,
6956653480451,480451,JEWELRY MATTE TEXTURE SHAPING HAIR MUD 80G,JEWELRYRY,,,,,,
6938713750513,750513,WANXUE PLANT EXTRACT CLEANSING AND MOISTURIZING BLACKHEAD NOSE PATCH TWO-STEP SINGLE PIECE PACK,WANXUE,,,,,,
6976821893258,893258,LEEMEMBER MYSTERIOUS SERIES NON-TRANSFER DOUBLE-ENDED LIP GLOSS SLP04 INSOMNIA GROUP,LEEMEMBER,,,,,,
6976821893241,893241,LEEMEMBER'S MYSTERIOUS AESTHETICS SERIES NON-STICK CUP DUAL-HEAD LIP GLAZE SLP03 DIM DOWNWARD,LEEMEMBER,,,,,,
6976821893234,893234,LEEMEMBER'S MYSTERIOUS AESTHETICS SERIES NON-CONTACT DOUBLE-HEAD LIP GLAZE SLP02,LEEMEMBER,,,,,,
6976821893227,893227,LEEMEMBER MYSTERIOUS SERIES NON-TRANSFER DOUBLE-ENDED LIP GLOSS SLP01 INEFFECTIVE SLEEP,LEEMEMBER,,,,,,
6976821893067,893067,LYCHEE MONSTER BEAR WALTZ SERIES MOISTURIZING CONCEALER 05,LEEMEMBER,,,,,,
6976821893050,893050,LEEMEMBER BEAR WALTZ SERIES SOFT HIGHLIGHT04,LEEMEMBER,,,,,,
6976821893043,893043,LEEMEMBER BEAR WALTZ SERIES SOFT HIGHLIGHT03,LEEMEMBER,,,,,,
6976821893036,893036,LEEMEMBER BEAR WALTZ SERIES SOFT HIGHLIGHT02,LEEMEMBER,,,,,,
6976821893326,893326,LEEMEMBER BEAR SERIES WATER GLOW BLUSH CREAM LG10,LEEMEMBER,,,,,,
6976821893319,893319,LEEMEMBER BEAR SERIES WATER GLOW BLUSH CREAM LG09,LEEMEMBER,,,,,,
6976821893302,893302,LEEMEMBER BEAR SERIES WATER GLOW BLUSH CREAM LG08,LEEMEMBER,,,,,,
6976821893296,893296,LEEMEMBER BEAR SERIES WATER GLOW BLUSH CREAM LG07,LEEMEMBER,,,,,,
6976821892619,892619,LEEMEMBER MAGIC LITTLE BEAR WATER GLOW MULTIPURPOSE CREAM 06,LEEMEMBER,,,,,,
6976821892572,892572,LEEMEMBER MAGIC LITTLE BEAR WATER GLOW MULTIPURPOSE CREAM 02,LEEMEMBER,,,,,,
6976821894019,894019,LEEMEMBER LIMO LITTLE BEAR SERIES WATER LIGHT BLUSH CREAM LG14 RED LYCHEE JELLY,LEEMEMBER,,,,,,
6976821894002,894002,LEEMEMBER LIMO LITTLE BEAR SERIES WATER GLOW BLUSH CREAM LG13 DREAMY LITCHI,LEEMEMBER,,,,,,
6976821893999,893999,LEEMEMBER LIMO LITTLE BEAR SERIES WATER GLOW BLUSH CREAM LG12 PINK LYCHEE EGG,LEEMEMBER,,,,,,
6976821893982,893982,LEEMEMBER LIMO LITTLE BEAR SERIES WATER LIGHT BLUSH CREAM LG11 SUGAR-FREE LITCHI,LEEMEMBER,,,,,,
6972763513315,513315,OUT-OF-OFFICE DUALENDED SCULPT LIQUID BRONZER,OUT-OF-OFFICE,,,,,,
6972763513681,513681,OUT-OF-OFFICE NATURAL RADIENT LASTING PRIMER 03 GREEN 35G,OUT-OF-OFFICE,,,,,,
6972763513674,513674,OUT-OF-OFFICE NATURAL RADIENT LASTING PRIMER 02 PURPLE 35G,OUT-OF-OFFICE,,,,,,
6972763513667,513667,OUT-OF-OFFICE NATURAL RADIENT LASTING PRIMER 01 NATURAL 35G,OUT-OF-OFFICE,,,,,,
6972763512844,512844,OUT-OF-OFFICE DUAL-ENDED SCULPTING LIP LINER LP703 CREAM APRICOT 1G+300MG,OUT-OF-OFFICE,,,,,,
6972763512547,512547,OUT-OF-OFFICE DUAL-ENDED SCULPTING LIP LINER LP702 SMOKY ROSE PINK,OUT-OF-OFFICE,,,,,,
6972763513582,513582,OUT-OF-OFFICE DUAL-HEAD FIBER SCULPTING SERUM LIP GLOSS - 310,OUT-OF-OFFICE,,,,,,
6972763513575,513575,OUT-OF-OFFICE DUAL-HEAD FIBER SCULPTING SERUM LIP GLOSS -309,OUT-OF-OFFICE,,,,,,
6972763513568,513568,OUT-OF-OFFICE DUAL-HEAD FIBER SCULPTING SERUM LIP GLOSS -306,OUT-OF-OFFICE,,,,,,
6972763513520,513520,OUT-OF-OFFICE DUAL-HEAD FIBER SCULPTING SERUM LIP GLOSS -305,OUT-OF-OFFICE,,,,,,
6976526716340,716340,WOW ACKC SWEETHEART SERIES GLUE-FREE FAKE EYELASHES THAI SMALL DAISY 48 CLUSTERS,WOW ACKC,,,,,,
6976526716333,716333,WOW ACKC SWEETHEART SERIES GLUE-FREE FALSE EYELASHES LIGHTWEIGHT KOREAN STYLE 64 CLUSTERS,WOW ACKC,,,,,,
6976526716357,716357,WOW ACKC SWEETHEART SERIES GLUE-FREE FALSE EYELASHES CUTE CAT STYLE 64 CLUSTERS,WOW ACKC,,,,,,
6972763513513,513513,OUT-OF-OFFICE DUAL-HEAD FIBER SCULPTING ESSENCE LIP GLOSS - 304,OUT-OF-OFFICE,,,,,,
6972598242435,242435,ROOPY POETIC SERIES FOUGERE PLANT ESSENTIAL OIL FRAGRANT BODY LOTION - THAW OF SNOW250G,ROOPY,,,,,,
6977116132441,132441,MSQ CREAM DOUBLE-HEAD CONCEALER BRUSH 1 PIECE,MSQ,,,,,,
6977116130393,130393,MSQ CREAM SMALL EYESHADOW BRUSH 1 PIECE,MSQ,,,,,,
6977116130379,130379,MSQ CREAMUNDER-EYE DETAIL BRUSH 1 PIECE,MSQ,,,,,,
6977116130331,130331,MSQ CREAMSCYTHE EYELINER BRUSH 1 PIECE,MSQ,,,,,,
6976526714025,714025,WOW COLOUR DUAL-HEAD ALL-PURPOSE EYESHADOW BRUSH,WOW COLOUR,,,,,,
6974297725387,725387,LISHU DOUBLE EYELID TAPE THROUGH MY SERIES - SLANTED CUT OLIVE STYLE 180 PIECES,LISHU,,,,,,
6974297725400,725400,LISHU DOUBLE EYELID TAPE TRANSPARENT ME SERIES - CUT-OFF STYLE 320 TAPES,LISHU,,,,,,
6976526718283,718283,WOW COLOUR POPPY DOG SERIES WATER DROP COTTON CANDY PUFF BLUE,WOW COLOUR,,,,,,
6976526718276,718276,WOW COLOUR POPPY DOG SERIES WATER DROP COTTON CANDY PUFF BROWN,WOW COLOUR,,,,,,
6976526718306,718306,WOW COLOUR PAPA DOG SERIES POINTED COTTON CANDY MAKEUP PUFF 1 PIECE,WOW COLOUR,,,,,,
6972754907383,907383,SIMPCARE LAYERED PORIA MUSHROOM PORE PURIFYING OIL CONTROL CLEANSING HONEY SET CLEANSING HONEY 120ML + WATER 15ML + EMULSION 15ML,XIMUYUAN,,,,,,
6972754907413,907413,SIMPCARE CAMELLIA SASANQUA RELAXING AMINO ACID CLEANSING SET CLEANSING FOAM 150ML + TONER 15ML + CREAM 15ML,XIMUYUAN,,,,,,
6976526718108,718108,WOW COLOUR BAKING SERIES CONCEALER THUMB PUFFS SET OF 4,WOW COLOUR,,,,,,
6976526718115,718115,WOW COLOUR BAKING SERIES LONG VELVET SETTING POWDER PUFF SET OF 4,WOW COLOUR,,,,,,
6976526718153,718153,WOW COLOUR BAKING SERIES TOAST MARSHMALLOW POWDER PUFF 1 PIECE PACK,WOW COLOUR,,,,,,
6976526718122,718122,WOW COLOUR BAKING SERIES TOAST MINI MARSHMALLOW PUFF SET OF 4,WOW COLOUR,,,,,,
6976526718177,718177,WOW COLOUR BAKING SERIES LOOSE POWDER PUFF 1 PIECE,WOW COLOUR,,,,,,
6976526718160,718160,WOW COLOUR BAKING SERIES TRIANGLE COTTON CANDY POWDER PUFF 1 PIECE PACK,WOW COLOUR,,,,,,
6976526718146,718146,WOW COLOUR BAKING SERIES SOAKING AIR CUSHION POWDER PUFF SET OF 2,WOW COLOUR,,,,,,
6976526718139,718139,WOW COLOUR BAKING SERIES PINEAPPLE BUN COTTON CANDY POWDER PUFF 1 PIECE,WOW COLOUR,,,,,,
6974297725394,725394,LISHU DOUBLE EYELID TAPE TUO WO SERIES - NATURAL CURVE STYLE 200 PIECES,LISHU,,,,,,
6972763513506,513506,OUT-OF-OFFICE DUAL-HEAD FIBER SCULPTING SERUM LIP GLOSS - 303,OUT-OF-OFFICE,,,,,,
6972763513483,513483,OUT-OF-OFFICE DUAL-HEAD FIBER SCULPTING SERUM LIP GLOSS -301,OUT-OF-OFFICE,,,,,,
6972763511236,511236,OUT-OF-OFFICE MISTY LIQUID EYESHADOW MOGAO,OUT-OF-OFFICE,,,,,,
6972763511229,511229,OUT-OF-OFFICE MISTY LIQUID EYESHADOW EIFFEL TOWER,OUT-OF-OFFICE,,,,,,
6972763511182,511182,OUT-OF-OFFICE MISTY LIQUID EYESHADOW BOND STREET,OUT-OF-OFFICE,,,,,,
6972763510925,510925,OUT-OF-OFFICE HIGHLIGHTER FLAWLESS PENCIL CREAM,OUT-OF-OFFICE,,,,,,
6972763510932,510932,OUT-OF-OFFICE HIGHLIGHTS SHADOW PENCIL CREAM 3ML,OUT-OF-OFFICE,,,,,,
6972763513308,513308,OUT-OF-OFFICE MATTE MOUSSE BLUSH MUD - 03 SOFT PEACH,OUT-OF-OFFICE,,,,,,
6972763513292,513292,OUT-OF-OFFICE MATTE MOUSSE BLUSH MUD - 02 WILD APRICOT,OUT-OF-OFFICE,,,,,,
6972763513285,513285,OUT-OF-OFFICE MATTE MOUSSE BLUSH MUD - 01 SAKURA SPRING,OUT-OF-OFFICE,,,,,,
6937962020965,020965,WOW ACKC BRIGHTENING SILKY AEGYO SAL PEN - 02 CHAMPAGNE PINK,WOW ACKC,,,,,,
6937962020958,020958,WOW ACKC BRIGHTENING SILKY AEGYO SAL PEN - 01 BEIGE,WOW ACKC,,,,,,
6937962020613,020613,WOW ACKC SCULPTING HARD FORMULA BLADE BROW PENCIL - #02 ASH BROWN 2PCS PACK,WOW ACKC,,,,,,
6937962020606,020606,WOW ACKC SCULPTING HARD FORMULA BLADE BROW PENCIL - #01 SMOKY GRAY 2PCS PACK,WOW ACKC,,,,,,
6937962021320,021320,WOW ACKC SCULPTING HARD FORMULA BLADE BROW PENCIL - #01 NATURAL BROWN,WOW ACKC,,,,,,
6937962020941,020941,WOW ACKC SILKY DUAL-ENDED CONTOURING PEN - 01,WOW ACKC,,,,,,
6977973902232,902232,FENBI DREAM SPLIT-SCREEN COLOR-CHANGING LIP OIL - #02 PEACH ORANGE,FENBI DREAM,,,,,,
6977973902225,902225,FENBI DREAM SPLIT-SCREEN COLOR-CHANGING LIP OIL - #01 SAKURA PINK,FENBI DREAM,,,,,,
6977973902416,902416,FENBI DREAM SPLIT-SCREEN GRAPE SEED MOISTURIZING PRIMER,FENBI DREAM,,,,,,
6977973902409,902409,FENBI DREAM SPLIT-SCREEN GRAPE SEED CRYSTAL CLEAR HYDRATING PRIMER,FENBI DREAM,,,,,,
6977973902065,902065,FENBI DREAM SPLIT-SCREEN SORBET OIL CONTROL PRIMER - 30G,FENBI DREAM,,,,,,
6977208195040,195040,FENBI DREAM SPLIT-SCREEN PLUMPING GLOSSY LIP GLOSS - L06 CLAY RED BROWN,FENBI DREAM,,,,,,
6977208195033,195033,FENBI DREAM SPLIT-SCREEN PLUMPING GLOSSY LIP GLOSS - L05 BERRY RED,FENBI DREAM,,,,,,
6974852450198,450198,HAGGARD EMO MONSTER LIQUID BLUSH RUTHLESS BOTTLE,HAGGARD,,,,,,
6974852450174,450174,HAGGARD EMO MONSTER DEWY PATCH BOTTLE LIQUID BLUSH LINGING BOTTLE,HAGGARD,,,,,,
6974852450204,450204,HAGGARD EMO MONSTER DEWY PATCH BOTTLE LIQUID BLUSH CONTRACT BOTTLE,HAGGARD,,,,,,
6974852450211,450211,HAGGARD EMO MONSTER DEWY PATCH BOTTLE LIQUID BLUSH - INDIFFERENT BOTTLE,HAGGARD,,,,,,
6972778388588,388588,HAGGARD EMO MONSTER PLUMPING LIP GLOSS H02 DEEP GRAY PINK,HAGGARD,,,,,,
6972778388595,388595,HAGGARD EMO MONSTER PLUMPING LIP GLOSS H03 NUDE SKIN,HAGGARD,,,,,,
6972914572734,572734,WOW ACKC MANGA EYE CURLING EYELASH CURLER,WOW ACKC,,,,,,
6976526717446,717446,WOW COLOUR NATURAL WOOD IRREGULAR SEVEN-FINGER COMB,WOW COLOUR,,,,,,
6976526718375,718375,WOW ACKC ULTRA-THIN STAINLESS STEEL HEART-SHAPED FOUNDATION SPATULA,WOW ACKC,,,,,,
6976526717439,717439,WOW COLOUR NATURAL WOOD FIVE-FINGER COMB,WOW COLOUR,,,,,,
6976526717637,717637,WOW KOS PREMIUM SERIES SEAMLESS EYEBROW TWEEZERS 1PC PACK,WOW KOS,,,,,,
6972914579313,579313,WOW COLOUR CURLING SECRET EYELASH CURLER,WOW COLOUR,,,,,,
6976603353048,353048,TTR 3-SECOND HEARTBEAT POWDER BRUSH,TTR,,,,,,
6976603352799,352799,TTR 3-SECOND HEARTBEAT STIPPLING BRUSH,TTR,,,,,,
6976526713714,713714,WOW COLOUR LONG HANDLE MASSAGE SCALP BRUSH,WOW COLOUR,,,,,,
6976526714988,714988,WOW COLOUR LONG HANDLE MASSAGE CLEANSING SCALP BRUSH,WOW COLOUR,,,,,,
6972778388571,388571,HAGGARD EMO MONSTER PLUMPING LIP GLOSS - H01 ELEGANT BROWN,HAGGARD,,,,,,
6974852450273,450273,HAGGARD EMO MONSTER SOLID LIP GLOSS - 06 SLEEPY BEAR,HAGGARD,,,,,,
6974852450242,450242,HAGGARD EMO MONSTER SOLID LIP GLOSS - 05 FOX SMUDGE,HAGGARD,,,,,,
6974852450259,450259,HAGGARD EMO MONSTER SOLID LIP GLOSS - 02 BROKEN DEER,HAGGARD,,,,,,
6974852450266,450266,HAGGARD EMO MONSTER SOLID LIP GLOSS - 01 GRAY ELEPHANT,HAGGARD,,,,,,
6974852450327,450327,HAGGARD EMO MONSTER DUAL-ENDED LIP GLOSS PINK TUBE- 12 LEMON CAT,HAGGARD,,,,,,
6974852450310,450310,HAGGARD EMO MONSTER DUAL-ENDED LIP GLOSS PINK TUBE - 11 GRAPE BEAST,HAGGARD,,,,,,
6974852450303,450303,HAGGARD EMO MONSTER DUAL-ENDED LIP GLOSS PINK TUBE - 10 SPIRIT FOX,HAGGARD,,,,,,
6926309393282,393282,FLORTTE WEIRD MILIA SERIES DUAL-ENDED LIP LINER - 03# WEIRD POUTY,FLORTTE,,,,,,
6926309393275,393275,FLORTTE WEIRD MILIA SERIES DUAL-ENDED LIP LINER - 02# THICK CUTE,FLORTTE,,,,,,
6973532442348,442348,TAOYOUYE LAZY LITTLE FLAME LOWER LASHES GLUE-FREE 48 CLUSTERS,TAOYOUYE,,,,,,
6973532442324,442324,TAOYOUYE LAZY LITTLE FLORET FALSE LASHES GLUE-FREE 48 CLUSTERS,TAOYOUYE,,,,,,
6973532442355,442355,TAOYOUYE LAZY SUNFLOWER FALSE LASHES GLUE-FREE 48 CLUSTERS,TAOYOUYE,,,,,,
6973532442119,442119,TAOYOUYE LAZY TRILOGY FALSE LASHES GLUE-FREE 80 CLUSTERS,TAOYOUYE,,,,,,
6973532442102,442102,TAOYOUYE FALSE LASHES LITTLE WILD CAT LOWER LASHES GLUE-FREE 36 CLUSTERS,TAOYOUYE,,,,,,
6973532442317,442317,TAOYOUYE FALSE LASHES LITTLE FOX BUTTERFLY LOWER LASHES GLUE-FREE 48 CLUSTERS,TAOYOUYE,,,,,,
6973532442546,442546,TAOYOUYE 5D FLUFFY NOBLE PRINCESS FALSE LASHES GLUE-FREE 48 CLUSTERS,TAOYOUYE,,,,,,
6976603352782,352782,TTR 3-SECOND HEARTBEAT ROUND HEAD CONCEALER BRUSH,TTR,,,,,,
6976603353567,353567,TTR 3-SECOND HEARTBEAT DETAILED EYESHADOW BRUSH,TTR,,,,,,
6976603353543,353543,TTR 3-SECOND HEARTBEAT PRECISE EYELINER BRUSH,TTR,,,,,,
6976603353604,353604,TTR 3-SECOND HEARTBEAT PLAYFUL PRECISE CONCEALER BRUSH,TTR,,,,,,
6976603352805,352805,TTR 3-SECOND HEARTBEAT SLANTED FOUNDATION BRUSH,TTR,,,,,,
6976603353536,353536,TTR 3-SECOND HEARTBEAT PRECISE BLENDING BRUSH,TTR,,,,,,
6976603353611,353611,TTR 3-SECOND HEARTBEAT MULTI-FUNCTION DETAIL BRUSH,TTR,,,,,,
6976603352829,352829,TTR 3-SECOND HEARTBEAT MULTI-FUNCTION FLAME BRUSH,TTR,,,,,,
6976603353581,353581,TTR 3-SECOND HEARTBEAT MULTI-FUNCTION NOSE SHADOW BRUSH,TTR,,,,,,
6976603352812,352812,TTR 3-SECOND HEARTBEAT ULTRA-THIN FOUNDATION BRUSH,TTR,,,,,,
6976603353598,353598,TTR 3-SECOND HEARTBEAT ULTRA-THIN BLADE BRUSH,TTR,,,,,,
6956653488907,488907,JEWELRYRY MATTE TEXTURE SCULPTING HAIR CLAY - 20G,JEWELRYRY,,,,,,
6977208190694,190694,FLORTTE GOOD FAT FRIENDS CLUB SERIES DUAL-ENDED BLADE BROW PENCIL & BROW GEL - 05# BUTTER BUNNY,FLORTTE,,,,,,
6976526717125,717125,WOW ACKC NATURAL INVISIBLE LACE DOUBLE EYELID TAPE - 240PCS CRESCENT SHAPE,WOW ACKC,,,,,,
6976526717132,717132,WOW ACKC NATURAL INVISIBLE LACE DOUBLE EYELID TAPE - 240PCS OLIVE SHAPE,WOW ACKC,,,,,,
6976526717149,717149,WOW ACKC PARTIAL ADJUSTMENT DOUBLE EYELID TAPE - 240PCS,WOW ACKC,,,,,,
6976526717194,717194,WOW COLOUR EFFORTLESS LONG-LASTING EYELASH CURLER,WOW COLOUR,,,,,,
6976526717200,717200,WOW COLOUR CURLING SETTING EYELASH CURLER,WOW COLOUR,,,,,,
6976526717422,717422,WOW COLOUR LONG HANDLE NATURAL WOOD MASSAGE BRUSH,WOW COLOUR,,,,,,
6977116133752,133752,MEISIKOU CREAMY PEACH HEART BLUSH BRUSH,MSQ,,,,,,
6977116133769,133769,MEISIKOU CREAMY TRIANGLE CONCEALER BRUSH,MSQ,,,,,,
6977116133745,133745,MEISIKOU CREAMY CREAM BLUSH BRUSH,MSQ,,,,,,
6977208190670,190670,FLORTTE GOOD FAT FRIENDS CLUB SERIES DUAL-ENDED BLADE BROW PENCIL & GEL - 03# TIRAMISU,FLORTTE,,,,,,
6977208190663,190663,FLORTTE GOOD FAT FRIENDS CLUB SERIES DUAL-ENDED BLADE BROW PENCIL & GEL - 02# HELLO BEAUTY,FLORTTE,,,,,,
6926309393107,393107,FLORTTE GOOD MILIA SERIES AIRY BLUSH CREAM - 10# RASPBERRY MUD,FLORTTE,,,,,,
6976526717613,717613,WOW KOS PREMIUM SERIES NOSE HAIR TRIMMING SCISSORS 1PC PACK,WOW KOS,,,,,,
6976526711284,711284,WOW ACKC ULTRA INVISIBLE DOUBLE EYELID TAPE - 270PCS CRESCENT SHAPE,WOW ACKC,,,,,,
6976526711277,711277,WOW ACKC ULTRA INVISIBLE DOUBLE EYELID TAPE - 270PCS OLIVE SHAPE,WOW ACKC,,,,,,
6976526717316,717316,WOW ACKC DYNAMIC CURLING EYELASH CURLER SKY HIGH,WOW ACKC,,,,,,
6976526717309,717309,WOW ACKC DYNAMIC CURLING EYELASH CURLER SUNFLOWER,WOW ACKC,,,,,,
6976526717293,717293,WOW ACKC DYNAMIC CURLING EYELASH CURLER PORTABLE,WOW ACKC,,,,,,
6973072807102,807102,WOW ACKC FINE SILKY EYELINER PEN - 02 DARK BROWN,WOW ACKC,,,,,,
6973072807096,807096,WOW ACKC FINE SILKY EYELINER PEN - 01 BLACK,WOW ACKC,,,,,,
6973072807089,807089,WOW ACKC PRECISE LONG-LASTING EYELINER PEN - 02 DARK BROWN,WOW ACKC,,,,,,
6973072807072,807072,WOW ACKC PRECISE LONG-LASTING EYELINER PEN - 01 BLACK,WOW ACKC,,,,,,
6973072807041,807041,WOW ACKC SILKY ROUND HEAD GEL EYELINER-02 MOCHA BROWN,WOW ACKC,,,,,,
6973072807034,807034,WOW ACKC SILKY ROUND HEAD GEL EYELINER - 01 RICH BLACK,WOW ACKC,,,,,,
6973072807065,807065,WOW ACKC SMOOTH OVAL HEAD GEL EYELINER - 02 DARK BROWN,WOW ACKC,,,,,,
6973072807058,807058,WOW ACKC SMOOTH OVAL HEAD GEL EYELINER - 01 BLACK,WOW ACKC,,,,,,
6973072807027,807027,WOW ACKC PRECISE BLADE BROW PENCIL - 02 NATURAL BROWN,WOW ACKC,,,,,,
6973072806983,806983,WOW ACKC NATURAL VELVET DIAMOND BROW PENCIL LR NATURAL BROWN,WOW ACKC,,,,,,
6973072806976,806976,WOW ACKC NATURAL VELVET DIAMOND BROW PENCIL LR SMOKY BROWN,WOW ACKC,,,,,,
6973072806990,806990,WOW ACKC 3D BLADE BROW PENCIL BR SMOKY BROWN,WOW ACKC,,,,,,
6973072807003,807003,WOW ACKC 3D BLADE BROW PENCIL BR SMOKY GRAY,WOW ACKC,,,,,,
6973072807010,807010,WOW ACKC PRECISE BLADE BROW PENCIL - 01 SMOKY BROWN,WOW ACKC,,,,,,
6977208194456,194456,WOW ACKC DUAL-ENDED BLADE GEL EYELINER - 02 MOCHA BROWN,WOW ACKC,,,,,,
6977208194449,194449,WOW ACKC DUAL-ENDED BLADE GEL EYELINER - 01 RICH BLACK,WOW ACKC,,,,,,
6977208193930,193930,WOW ACKC SCULPTED BLADE PRESS GEL EYELINER - 02 MOCHA BROWN,WOW ACKC,,,,,,
6977208193923,193923,WOW ACKC SCULPTED BLADE PRESS GEL EYELINER - 01 RICH BLACK,WOW ACKC,,,,,,
6977208192933,192933,WOW ACKC DUAL-ENDED 3D HIGHLIGHTER & CONTOUR LIQUID,WOW ACKC,,,,,,
6977208192605,192605,WOW ACKC 3D BLADE BROW PENCIL BR SMOKY BROWN GIFT SET,WOW ACKC,,,,,,
6977208192612,192612,WOW ACKC 3D BLADE BROW PENCIL BR SMOKY GRAY GIFT SET,WOW ACKC,,,,,,
6977208192797,192797,WOW ACKC DUAL-ENDED BLADE BROW PENCIL & GEL - 02 TEA BROWN,WOW ACKC,,,,,,
6977208192780,192780,WOW ACKC DUAL-ENDED BLADE BROW PENCIL & GEL - 01 SMOKY GRAY,WOW ACKC,,,,,,
6977208195910,195910,WOW ACKC FINE MICRO 3-IN-1 BROW PENCIL NATURAL BROWN,WOW ACKC,,,,,,
6977208195927,195927,WOW ACKC FINE MICRO 3-IN-1 BROW PENCIL SMOKY BROWN,WOW ACKC,,,,,,
6977208195590,195590,FENBI DREAM SPLIT-SCREEN WATERPROOF VOLUMIZING CURLING MASCARA,FENBI DREAM,,,,,,
6977208195613,195613,FENBI DREAM SPLIT-SCREEN WATERPROOF 3D LENGTHENING MASCARA,FENBI DREAM,,,,,,
8501012552279,552279,WOW ACKC LONG-LASTING MIRROR FINISH SOLID LIP JELLY - 04 SODA OOLONG,WOW ACKC,,,,,,
6977208194616,194616,WOW ACKC LONG-LASTING MIRROR FINISH SOLID LIP JELLY - 03 CRUSHED HAWTHORN,WOW ACKC,,,,,,
6977208194609,194609,WOW ACKC LONG-LASTING MIRROR FINISH SOLID LIP JELLY - 02 WHITE PEACH,WOW ACKC,,,,,,
6977208195002,195002,FENBI DREAM SPLIT-SCREEN FEATHER LIGHT MATTE LIP CREAM - M06 BEAN PASTE RED BROWN,FENBI DREAM,,,,,,
6977208194999,194999,FENBI DREAM SPLIT-SCREEN FEATHER LIGHT MATTE LIP CREAM - M05 COOL GRAY PINK,FENBI DREAM,,,,,,
6977208194982,194982,FENBI DREAM SPLIT-SCREEN FEATHER LIGHT MATTE LIP CREAM - M04 MAPLE SUGAR WOOD BROWN,FENBI DREAM,,,,,,
6977208194975,194975,FENBI DREAM SPLIT-SCREEN FEATHER LIGHT MATTE LIP CREAM - M03 SWEET PINK MIST,FENBI DREAM,,,,,,
6977208194968,194968,FENBI DREAM SPLIT-SCREEN FEATHER LIGHT MATTE LIP CREAM - M02 ICE PEACH,FENBI DREAM,,,,,,
6977208194951,194951,FENBI DREAM SPLIT-SCREEN FEATHER LIGHT MATTE LIP CREAM - M01 FIG COLOR,FENBI DREAM,,,,,,
6977208195057,195057,FENBI DREAM SPLIT-SCREEN CRYSTAL CLEAR DEWY LIP GLOSS - G05 VIBRANT RED,FENBI DREAM,,,,,,
6977208195163,195163,FENBI DREAM SPLIT-SCREEN CRYSTAL CLEAR DEWY LIP GLOSS - G04 NUDE TEA,FENBI DREAM,,,,,,
6977208195156,195156,FENBI DREAM SPLIT-SCREEN CRYSTAL CLEAR DEWY LIP GLOSS - G03 LIFELY ROSE,FENBI DREAM,,,,,,
6977208195149,195149,FENBI DREAM SPLIT-SCREEN CRYSTAL CLEAR DEWY LIP GLOSS - G02 ICE OOLONG,FENBI DREAM,,,,,,
6971921640801,640801,YAOZHI CRAZY PINEAPPLE PIE PUFF GIFT SET 10PCS PACK,YAOZHI,,,,,,
6977208195132,195132,FENBI DREAM SPLIT-SCREEN CRYSTAL CLEAR DEWY LIP GLOSS - G01 PEACH SODA,FENBI DREAM,,,,,,
6977208195064,195064,FENBI DREAM SPLIT-SCREEN CRYSTAL CLEAR DEWY LIP GLOSS - G06 GRAPE,FENBI DREAM,,,,,,
8501012552276,552276,WOW ACKC LONG-LASTING MIRROR FINISH SOLID LIP JELLY - 01 LIGHT TEA ALMOND,WOW ACKC,,,,,,
6977208193244,193244,WOW ACKC SOFT MATTE DUAL-ENDED MULTI-USE LIP LINER - 02 JUICY PEACH,WOW ACKC,,,,,,
6977208193237,193237,WOW ACKC SOFT MATTE DUAL-ENDED MULTI-USE LIP LINER - 01 COCONUT COFFEE,WOW ACKC,,,,,,
6926309393091,393091,FLORTTE GOOD MILIA SERIES AIRY BLUSH CREAM - 09# ORIGINAL NUDE,FLORTTE,,,,,,
6926309393046,393046,FLORTTE GOOD MILIA SERIES AIRY BLUSH CREAM - 04# CREAMY PEACH,FLORTTE,,,,,,
6977680910223,910223,WOW COLOUR CAPYBARA SERIES NAIL CLIPPER SET,WOW COLOUR,,,,,,
6976526717163,717163,WOW COLOUR SOFT SKIN-FRIENDLY EDGE-PRESSED COTTON PADS 50PCS,WOW COLOUR,,,,,,
6972914579672,579672,WOW COLOUR SKIN-FRIENDLY EDGE-PRESSED COTTON PADS 50PCS,WOW COLOUR,,,,,,
6959886716397,716397,WANXUE LITTLE HONEY JAR LIP MASK - 4.8G,WANXUE,,,,,,
6976526715541,715541,WOW ACKC BASIC EYE MAKEUP BRUSH SET PINK 3PCS PACK,WOW ACKC,,,,,,
6976526715572,715572,WOW ACKC BLADE EYE MAKEUP BRUSH SET PURPLE 3PCS PACK,WOW ACKC,,,,,,
6976526715619,715619,WOW ACKC SAFETY EYEBROW RAZOR 2+1,WOW ACKC,,,,,,
6976526717620,717620,WOW KOS PREMIUM SERIES NAIL CLIPPER,WOW KOS,,,,,,
6976526710591,710591,WOW ACKC FALSE LASH SPECIAL POPPY TWEEZERS 1PC PACK,WOW ACKC,,,,,,
6976526710584,710584,WOW ACKC FALSE LASH SPECIAL GOLDEN FEATHER TWEEZERS 1PC PACK,WOW ACKC,,,,,,
6976526715534,715534,WOW ACKC MULTI-FUNCTION CLEANING BLACKHEAD SPATULA 1PC PACK,WOW ACKC,,,,,,
6976526714087,714087,WOW ACKC GLUE-FREE FALSE LASH SPECIAL TWEEZERS,WOW ACKC,,,,,,
6972914578002,578002,WOW COLOUR ANGLED FINGERTIP CONCEALER BRUSH,WOW COLOUR,,,,,,
6972914577999,577999,WOW COLOUR DOUBLE LAYER STIPPLING BLUSH BRUSH,WOW COLOUR,,,,,,
6976526715527,715527,WOW ACKC FINE ANGLED PRECISION TWEEZERS 1PC PACK,WOW ACKC,,,,,,
6976526714971,714971,WOW ACKC PROFESSIONAL PRECISION TWEEZERS & BLACKHEAD TOOL SET WITH STORAGE BOX,WOW ACKC,,,,,,
6976526715107,715107,WOW ACKC DUAL-ENDED BLACKHEAD TOOL 1PC PACK,WOW ACKC,,,,,,
6976526718252,718252,WOW KOS PREMIUM SERIES BLACKHEAD REMOVER TOOL SET,WOW KOS,,,,,,
8109032550562,550562,WOW KOS PREMIUM SERIES BLACKHEAD REMOVER INDIVIDUAL PACK,WOW KOS,,,,,,
6959886720196,720196,WANXUE SQUALANE DEWY MOISTURIZING LIP BALM ORIGINAL - 2.5G,WANXUE,,,,,,
6959886720165,720165,WANXUE SQUALANE DEWY MOISTURIZING LIP BALM PEACH - 2.5G,WANXUE,,,,,,
6959886720233,720233,WANXUE SQUALANE LIP ESSENCE OIL GRAPE - 2.5G,WANXUE,,,,,,
6959886720226,720226,WANXUE SQUALANE LIP ESSENCE OIL PEACH - 2.5G,WANXUE,,,,,,
6959886721094,721094,WANXUE PLUMPING LIP ESSENCE HONEY - 02 GLACIER BLUE - 3G,WANXUE,,,,,,
6959886721087,721087,WANXUE PLUMPING LIP ESSENCE HONEY - 01 STELLAR PINK - 3G,WANXUE,,,,,,
6959886720172,720172,WANXUE SQUALANE DEWY MOISTURIZING LIP BALM OSMANTHUS - 2.5G,WANXUE,,,,,,
6959886721322,721322,WANXUE SQUALANE SOFT MOISTURIZING LIP MASK - 8G,WANXUE,,,,,,
6959886720219,720219,WANXUE SQUALANE TWIST MOISTURIZING LIP MASK - 10G,WANXUE,,,,,,
6959886720271,720271,WANXUE SANDWICH TINTED LIP BALM - 3.8G,WANXUE,,,,,,
6975222025732,025732,WANXUE MEN'S VOLCANIC MUD NOSE STRIPS - 10PCS PACK,WANXUE,,,,,,
6959886723654,723654,WOW ACKC FINE SHIMMER LIQUID EYESHADOW - #GALAXY WHITE MOONLIGHT,WOW ACKC,,,,,,
6959886723661,723661,WOW ACKC FINE SHIMMER LIQUID EYESHADOW - #PEACH CANDY STAR,WOW ACKC,,,,,,
6977973900108,900108,WOW ACKC SCULPTING LIQUID CONTOUR - #GRAY BROWN,WOW ACKC,,,,,,
6977973901471,901471,WOW ACKC FRAGRANT DRY SHAMPOO VOLUMIZING POWDER - #CLEAR - 8G,WOW ACKC,,,,,,
6959886724460,724460,WOW ACKC DUAL-ENDED DUAL-EFFECT LIP MUD - 04 STRAWBERRY MILKSHAKE,WOW ACKC,,,,,,
6959886724453,724453,WOW ACKC DUAL-ENDED DUAL-EFFECT LIP MUD - 03 MILK COFFEE HONEY TEA,WOW ACKC,,,,,,
6959886724446,724446,WOW ACKC DUAL-ENDED DUAL-EFFECT LIP MUD - 02 HONEY ORANGE,WOW ACKC,,,,,,
6959886724439,724439,WOW ACKC DUAL-ENDED DUAL-EFFECT LIP MUD - 01 CHESTNUT CREAM,WOW ACKC,,,,,,
6977973902874,902874,WOW ACKC CLEAR RADIANT BLUSH LIQUID - 06 CHERRY PINK SWEET TEA,WOW ACKC,,,,,,
6977973902867,902867,WOW ACKC CLEAR RADIANT BLUSH LIQUID - 05 LIGHT PINK MILK,WOW ACKC,,,,,,
6977973902911,902911,WOW ACKC CLEAR RADIANT BLUSH LIQUID - 04 MILK ORANGE MELON,WOW ACKC,,,,,,
6977973900153,900153,WOW ACKC CLEAR RADIANT BLUSH LIQUID - 02 PUMPKIN TOAST,WOW ACKC,,,,,,
6977973900146,900146,WOW ACKC CLEAR RADIANT BLUSH LIQUID - 01 STRAWBERRY MILK JELLY,WOW ACKC,,,,,,
8502142550005,550005,WOW ACKC CLEAR RADIANT BLUSH LIQUID - 03 CREAM HONEY BEAN,WOW ACKC,,,,,,
6959886722213,722213,WOW ACKC DUAL-COLOR LIP & CHEEK MOUSSE MULTI-USE PALETTE - 02 WINE STAIN HONEY PEACH,WOW ACKC,,,,,,
6977973902102,902102,FENBI DREAM SPLIT-SCREEN CLEAR SKIN-FIT CONCEALER - #NATURAL,FENBI DREAM,,,,,,
6977973902096,902096,FENBI DREAM SPLIT-SCREEN CLEAR SKIN-FIT CONCEALER - #SALMON,FENBI DREAM,,,,,,
6977973902089,902089,FENBI DREAM SPLIT-SCREEN CLEAR SKIN-FIT CONCEALER - #HIGHLIGHTER,FENBI DREAM,,,,,,
6977973902119,902119,FENBI DREAM SPLIT-SCREEN CLEAR SKIN-FIT CONCEALER - #BRIGHTENING,FENBI DREAM,,,,,,
6938582351569,351569,HUAJIANSONG SLENDER FEATHER FAN MASCARA - 01,HUAJIANSONG,,,,,,
6977973904595,904595,FENBI DREAM SPLIT-SCREEN MIRROR GLOSS DEWY SOLID LIP GLOSS - S06 ICE HAWTHORN,FENBI DREAM,,,,,,
6977973904588,904588,FENBI DREAM SPLIT-SCREEN MIRROR GLOSS DEWY SOLID LIP GLOSS - S05 JUJUBE RED,FENBI DREAM,,,,,,
6977973904571,904571,FENBI DREAM SPLIT-SCREEN MIRROR GLOSS DEWY SOLID LIP GLOSS - S04 ICY ROSE,FENBI DREAM,,,,,,
6977973904564,904564,FENBI DREAM SPLIT-SCREEN MIRROR GLOSS DEWY SOLID LIP GLOSS - S03 OOLONG TEA,FENBI DREAM,,,,,,
6977973904557,904557,FENBI DREAM SPLIT-SCREEN MIRROR GLOSS DEWY SOLID LIP GLOSS - S02 GRAPE JELLY,FENBI DREAM,,,,,,
6977973904540,904540,FENBI DREAM SPLIT-SCREEN MIRROR GLOSS DEWY SOLID LIP GLOSS - S01 WHITE PEACH,FENBI DREAM,,,,,,
6975043250467,250467,HUAJIANSONG MORNING MIST HD POWDER COMPACT Y01 IVORY,HUAJIANSONG,,,,,,
6975043250450,250450,HUAJIANSONG MORNING MIST HD POWDER COMPACT N01 NATURAL,HUAJIANSONG,,,,,,
6959886724873,724873,WOW ACKC DEWY GLASS LIP GLOSS - 04 CINNAMON OOLONG,WOW ACKC,,,,,,
6959886724866,724866,WOW ACKC DEWY GLASS LIP GLOSS - 03 FROZEN CHESTNUT,WOW ACKC,,,,,,
6959886724859,724859,WOW ACKC DEWY GLASS LIP GLOSS - 02 CANDIED STRAWBERRY,WOW ACKC,,,,,,
6959886724842,724842,WOW ACKC DEWY GLASS LIP GLOSS - 01 ALMOND MILK TEA,WOW ACKC,,,,,,
6977208192100,192100,WOW ACKC GOOD GOOD GOOD SMOOTH CURVED AEGYO SAL PENCIL - #NATURAL,WOW ACKC,,,,,,
6977208192117,192117,WOW ACKC SUNFLOWER LASH PRIMER,WOW ACKC,,,,,,
6926309393015,393015,FLORTTE GOOD MILIA SERIES AIRY BLUSH CREAM - 01# BALLET PINK,FLORTTE,,,,,,
6977208191103,191103,FLORTTE POUNDING PRINCESS SERIES DUAL-ENDED AEGYO SAL SHADOW PENCIL - 04# VERY SHINY,FLORTTE,,,,,,
6977208191073,191073,FLORTTE POUNDING PRINCESS SERIES DUAL-ENDED AEGYO SAL SHADOW PENCIL - 01# VERY GOOD,FLORTTE,,,,,,
6977208190625,190625,FLORTTE GOOD FAT FRIENDS CLUB SERIES OMNIDIRECTIONAL EYELINER PEN - 03# CHOCOLATE CUTE,FLORTTE,,,,,,
6977208190632,190632,FLORTTE GOOD FAT FRIENDS CLUB SERIES OMNIDIRECTIONAL EYELINER PEN - 04# TEA BAE,FLORTTE,,,,,,
6977208190601,190601,FLORTTE GOOD FAT FRIENDS CLUB SERIES OMNIDIRECTIONAL EYELINER PEN - 01# BLACK MAGIC,FLORTTE,,,,,,
6926309391905,391905,FLORTTE WEIRD MILIA SERIES SOLID LIP GLOSS - S06# THAI HOT,FLORTTE,,,,,,
6926309389209,389209,FLORTTE WEIRD MILIA SERIES LIP LINER - 03# ONE BITE COOKIE - 0.3G,FLORTTE,,,,,,
6926309389193,389193,FLORTTE WEIRD MILIA SERIES LIP LINER - 02# ONE BITE MILK TEA - 0.3G,FLORTTE,,,,,,
6972598242459,242459,ROOPY FOUGERE FRAGRANCE PLANT EXTRACT BODY LOTION 3RD GEN - 250ML NAMELESS ROSE,ROOPY,,,,,,
6972598242657,242657,ROOPY FOUGERE FRAGRANCE PLANT EXTRACT BODY LOTION 3RD GEN - 250ML FOREST LIGHT,ROOPY,,,,,,
6972598242664,242664,ROOPY FOUGERE FRAGRANCE PLANT EXTRACT BODY LOTION 3RD GEN - 250ML WINTER WHISPERS,ROOPY,,,,,,
6972598242442,242442,ROOPY FOUGERE FRAGRANCE PLANT EXTRACT BODY LOTION 3RD GEN - 250ML LONG NIGHT,ROOPY,,,,,,
6972598244842,244842,ROOPY POETIC SERIES FOUGERE FRAGRANCE PLANT EXTRACT HAND CREAM - 75G PVC VERSION CLOUD PERCHED PINE MOSS,ROOPY,,,,,,
6972598245016,245016,ROOPY POETIC SERIES FOUGERE FRAGRANCE PLANT EXTRACT HAND CREAM - 75G PVC VERSION PASTORAL,ROOPY,,,,,,
6972598244859,244859,ROOPY POETIC SERIES FOUGERE FRAGRANCE PLANT EXTRACT HAND CREAM - 75G PVC VERSION MUSE JOURNEY,ROOPY,,,,,,
6972598245023,245023,ROOPY POETIC SERIES FOUGERE FRAGRANCE PLANT EXTRACT HAND CREAM - 75G PVC VERSION BERRY SECRET,ROOPY,,,,,,
6972598245009,245009,ROOPY POETIC SERIES FOUGERE FRAGRANCE PLANT EXTRACT HAND CREAM - 75G PVC VERSION ORANGE LIGHT BASIL,ROOPY,,,,,,
6972598242169,242169,ROOPY JOYFUL SERIES FOUGERE FRAGRANCE PLANT EXTRACT HAND CREAM - 75G PVC VERSION MIST INTO ROSE SEA,ROOPY,,,,,,
6972598242183,242183,ROOPY JOYFUL SERIES FOUGERE FRAGRANCE PLANT EXTRACT HAND CREAM - 75G PVC VERSION DAWN ORANGE,ROOPY,,,,,,
6972598242190,242190,ROOPY JOYFUL SERIES FOUGERE FRAGRANCE PLANT EXTRACT HAND CREAM - 75G PVC VERSION FLOWER VINE DAY DREAM,ROOPY,,,,,,
6972598242152,242152,ROOPY JOYFUL SERIES FOUGERE FRAGRANCE PLANT EXTRACT HAND CREAM - 75G PVC VERSION LIGHT OF FOREST,ROOPY,,,,,,
6937057400535,400535,KAI FREE & EASY 5-BLADE WOMEN'S RAZOR PINK PURPLE - SINGLE PACK,KAI,,,,,,
6976526715947,715947,WOW COLOUR TOP & BANGS VOLUMIZING CLIPS 3PCS PACK,WOW COLOUR,,,,,,
6976526715930,715930,WOW COLOUR HIGH CROWN TOOTH VOLUMIZING CLIPS 2PCS PACK,WOW COLOUR,,,,,,
6976603353550,353550,TTR 3-SECOND HEARTBEAT SOFT COLOR CONTOUR BRUSH,TTR,,,,,,
6976603353529,353529,TTR 3-SECOND HEARTBEAT SOFT COLOR POWDER BRUSH,TTR,,,,,,
6976603353574,353574,TTR 3-SECOND HEARTBEAT SOFT COLOR BLUSH BRUSH,TTR,,,,,,
6976526717040,717040,WOW COLOUR ULTRA PORTABLE FOUNDATION CP SET 2PCS PACK,WOW COLOUR,,,,,,
6976526717590,717590,WOW COLOUR DISPOSABLE NANO COTTON SWABS 100PCS GREEN,WOW COLOUR,,,,,,
6976526717408,717408,WOW COLOUR DISPOSABLE NANO COTTON SWABS 100PCS PINK,WOW COLOUR,,,,,,
6976526717385,717385,WOW COLOUR CLASSIC SERIES INSTANT CLEAN CLAY MASK FACE SPONGE 2PCS PACK,WOW COLOUR,,,,,,
6974297723499,723499,LISHU CAT SERIES FALSE LASHES GLUE-FREE BIG PLAYER,LISHU,,,,,,
6974297723451,723451,LISHU CAT SERIES FALSE LASHES GLUE-FREE BIG PRINCESS,LISHU,,,,,,
6974297723475,723475,LISHU CAT SERIES FALSE LASHES GLUE-FREE BIG BABY,LISHU,,,,,,
6976526716920,716920,WOW COLOUR STRETCHABLE WET COMPRESS COTTON 300PCS,WOW COLOUR,,,,,,
6923044727280,727280,WOW ACKC SWEET HEART PARTY 20-COLOR EYESHADOW PALETTE - 03 FRUIT JUICE CHAMPAGNE,WOW ACKC,,,,,,
6923044727273,727273,WOW ACKC SWEET HEART PARTY 20-COLOR EYESHADOW PALETTE - 02 CHERRY BLOSSOM LATTE,WOW ACKC,,,,,,
6923044727266,727266,WOW ACKC SWEET HEART PARTY 20-COLOR EYESHADOW PALETTE - 01 SUNSET GLOW,WOW ACKC,,,,,,
6975043251327,251327,HUAJIANSONG MORNING MIST HD POWDER COMPACT - Y01 IVORY - 16G,HUAJIANSONG,,,,,,
6975043251310,251310,HUAJIANSONG MORNING MIST HD POWDER COMPACT - N01 NATURAL - 16G,HUAJIANSONG,,,,,,
6923859290429,290429,MEINUO MOE BLUE SERIES VELVET MATTE COLOR CORRECTING POWDER COMPACT - P05 BABY PURPLE - 21G,MEINUO,,,,,,
6923859290405,290405,MEINUO MOE BLUE SERIES VELVET MATTE COLOR CORRECTING POWDER COMPACT - P03 BABY BLUE - 21G,MEINUO,,,,,,
6923859290382,290382,MEINUO MOE BLUE SERIES VELVET MATTE COLOR CORRECTING POWDER COMPACT - P01 PURE WHITE - 21G,MEINUO,,,,,,
6977973904205,904205,FENBI DREAM SPLIT-SCREEN LIP & CHEEK DUAL-USE CREAM - V02 GRAY PINK ROSE,FENBI DREAM,,,,,,
6977973904199,904199,FENBI DREAM SPLIT-SCREEN LIP & CHEEK DUAL-USE CREAM - V01 PINK TONE HONEY PEACH,FENBI DREAM,,,,,,
6926309390625,390625,FLORTTE WEIRD MILIA SERIES SOLID LIP GLOSS - 06# HOT GIRL - 1.5G,FLORTTE,,,,,,
6926309390618,390618,FLORTTE WEIRD MILIA SERIES SOLID LIP GLOSS - 05# PURE WILD - 1.5G,FLORTTE,,,,,,
6926309390601,390601,FLORTTE WEIRD MILIA SERIES SOLID LIP GLOSS - 04# HEART FLUTTER - 1.5G,FLORTTE,,,,,,
6926672402017,402017,FUJIAN HONEY MOISTURIZING LIP ESSENCE OIL - 1.5G,FUJIAN,,,,,,
6926672402031,402031,FUJIAN HONEY MOISTURIZING LIP ESSENCE OIL GRAPE - 1.5G,FUJIAN,,,,,,
6972806488211,488211,FUJIAN HONEY MOISTURIZING LIP ESSENCE OIL PEACH - 1.5G,FUJIAN,,,,,,
6972806489362,489362,FUJIAN GENTLE CLEANSING OIL - 5×2ML,FUJIAN,,,,,,
6972806481311,481311,FUJIAN GENTLE CLEANSING OIL - 100ML,FUJIAN,,,,,,
6972754906843,906843,XIMUYUAN LAYERED PORE FUNGI PORE CLEAR OIL CONTROL CLEANSING HONEY - 120ML,XIMUYUAN,,,,,,
6972598240950,240950,ROOPY POETIC SERIES FOUGERE FRAGRANCE PLANT EXTRACT HAND CREAM - 75G PVC VERSION SANDALWOOD LILY,ROOPY,,,,,,
6972598240943,240943,ROOPY POETIC SERIES FOUGERE FRAGRANCE PLANT EXTRACT HAND CREAM - 75G PVC VERSION MELTING SNOW,ROOPY,,,,,,
6972598244835,244835,ROOPY POETIC SERIES FOUGERE FRAGRANCE PLANT EXTRACT HAND CREAM - 75G PVC VERSION GRAPEFRUIT DREAM,ROOPY,,,,,,
6972598240936,240936,ROOPY POETIC SERIES FOUGERE FRAGRANCE PLANT EXTRACT HAND CREAM - 75G PVC VERSION TWILIGHT WORLD,ROOPY,,,,,,
6972598240967,240967,ROOPY POETIC SERIES FOUGERE FRAGRANCE PLANT EXTRACT HAND CREAM - 75G PVC VERSION JUNE ROSE,ROOPY,,,,,,
6972598240929,240929,ROOPY POETIC SERIES FOUGERE FRAGRANCE PLANT EXTRACT HAND CREAM - 75G PVC VERSION ORANGE-GREEN SPRING,ROOPY,,,,,,
6972598240912,240912,ROOPY POETIC SERIES FOUGERE FRAGRANCE PLANT EXTRACT HAND CREAM - 75G PVC VERSION CALIFORNIA SUNSHINE,ROOPY,,,,,,
6972598241360,241360,ROOPY POETIC SERIES FOUGERE FRAGRANCE PLANT EXTRACT HAND CREAM - 75G PVC VERSION TEA-STAINED NIGHT,ROOPY,,,,,,
6972598247850,247850,ROOPY FRAGRANT MOISTURIZING ANTI-WRINKLE REPAIR LIP CREAM - FREEDOM ANTHEM - 10G,ROOPY,,,,,,
6972598247843,247843,ROOPY FRAGRANT MOISTURIZING ANTI-WRINKLE REPAIR LIP CREAM - SUNNY SWEET WORDS - 10G,ROOPY,,,,,,
6972598247836,247836,ROOPY FRAGRANT MOISTURIZING ANTI-WRINKLE REPAIR LIP CREAM - FIRST RIPE BERRY - 10G,ROOPY,,,,,,
6974297722584,722584,LISHU FLAWLESS FOUNDATION PUFF SET BRUSH CP [PUFF],LISHU,,,,,,
6974297724182,724182,LISHU COTTON CANDY PUFF 4PCS PACK,LISHU,,,,,,
6973274302160,302160,FLORTTE WOW SO GOOD EYELINER PEN SERIES - 02# TEA BROWN - 0.55ML,FLORTTE,,,,,,
6974297721372,721372,LISHU ELF EAR PATCHES UPGRADED VERSION,LISHU,,,,,,
6975491811135,811135,MOMOS WORKSHOP PINK DENIM PUFF 2PCS PACK,MOMOS WORKSHOP,,,,,,
6975491810190,810190,MOMOS WORKSHOP BLACK DENIM PUFF 2PCS PACK,MOMOS WORKSHOP,,,,,,
6977057251812,251812,MLEN DIARY GLUE-FREE SERIES - GLUE-FREE IDOL STYLE 42 CLUSTERS BLACK GLUE ENGLISH VERSION,MLEN DIARY,,,,,,
6975491810220,810220,MOMOS WORKSHOP AIR COTTON CANDY PUFF ONE CUT 2PCS PACK,MOMOS WORKSHOP,,,,,,
6975491811197,811197,MOMOS WORKSHOP ANIMAL SERIES WEST HIGHLAND PUPPY COMBO PUFF 2PCS PACK,MOMOS WORKSHOP,,,,,,
6975491810947,810947,MOMOS WORKSHOP ANIMAL SERIES CAPYBARA PLUSH PUFF 2PCS PACK,MOMOS WORKSHOP,,,,,,
6975491811173,811173,MOMOS WORKSHOP ANIMAL SERIES BLACK CAT FLUFFY PUFF 2PCS PACK,MOMOS WORKSHOP,,,,,,
6977116131253,131253,MEISIKOU PIANO MASTER WOOL ANGLED CONTOUR BRUSH - 06,MSQ,,,,,,
6977116131215,131215,MEISIKOU PIANO MASTER SNOW FOX HAIR MIXED WOOL SLANTED STIPPLING BLUSH BRUSH - 02,MSQ,,,,,,
6974297723390,723390,LISHU HEART SKILL LIFTING PUFF 3PCS PACK,LISHU,,,,,,
3504189670131,670131,VAN REED HAND CREAM - BOUSWILLER NO.12 - 60ML,VAN REED,,,,,,
3504189670117,670117,VAN REED HAND CREAM - SECRET FOREST NO.04 - 60ML,VAN REED,,,,,,
3504189670100,670100,VAN REED HAND CREAM - ALPINE WOODS NO.02 - 60ML,VAN REED,,,,,,
3504189670124,670124,VAN REED HAND CREAM - FANNY VALLEY NO.09 - 60ML,VAN REED,,,,,,
6971921640245,640245,YAOZHI PINEAPPLE PIE MINI PUFF 3PCS PACK,YAOZHI,,,,,,
6973274302153,302153,FLORTTE WOW SO GOOD EYELINER PEN SERIES - 01# CEMENT GRAY - 0.55ML,FLORTTE,,,,,,
6973274303280,303280,FLORTTE WOW SO GOOD AEGYO SAL PENCIL SERIES - 04# REALLY USEFUL- 0.55ML,FLORTTE,,,,,,
6971921640733,640733,YAOZHI COTTON CANDY PUFF YELLOW CHUBBY GIFT SET 2 LARGE PUFFS + 1 MINI PUFF + 1 STORAGE BOX,YAOZHI,,,,,,
6971921640740,640740,YAOZHI COTTON CANDY PUFF BLACK CHUBBY GIFT SET 2 LARGE PUFFS + 1 MINI PUFF + 1 STORAGE BOX,YAOZHI,,,,,,
6975491810404,810404,MOMOS WORKSHOP TATAMI BLACK BROWN MIXED PUFF 2PCS PACK,MOMOS WORKSHOP,,,,,,
6971921640955,640955,YAOZHI LACE DENIM PUFF SET 3PCS PACK,YAOZHI,,,,,,
6976526716876,716876,WOW COLOUR BOW TIE LARGE CAPACITY MAKEUP BAG,WOW COLOUR,,,,,,
6972750239501,239501,HAA FRAGRANT HAIR CARE ESSENTIAL OIL GARDENIA - 30ML,Haa,,,,,,
6972750235275,235275,HAA FRAGRANT HAIR CARE ESSENTIAL OIL SANDALWOOD - 30ML,Haa,,,,,,
6972750236845,236845,HAA FRAGRANT HAIR CARE ESSENTIAL OIL GRAPE - 30ML,Haa,,,,,,
6972750235268,235268,HAA FRAGRANT HAIR CARE ESSENTIAL OIL JASMINE - 30ML,Haa,,,,,,
6972750233677,233677,HAA FRAGRANT HAIR CARE ESSENTIAL OIL ROSE & WOOD - 30ML,Haa,,,,,,
3504189670193,670193,VAN REED FRAGRANT BODY LOTION - NO.04 SECRET FOREST - 230ML,VAN REED,,,,,,
3504189670209,670209,VAN REED FRAGRANT BODY LOTION - NO.09 FANNY VALLEY - 230ML,VAN REED,,,,,,
6976193761391,761391,BEFE SOFT BRIGHT FRAGRANT HAIR CARE ESSENTIAL OIL SUNSET GARDEN - 30ML,BEFE,,,,,,
6976193761254,761254,BEFE STRONG FRAGRANT HAIR CARE ESSENTIAL OIL ELECTRIC CHERRY - 30ML,BEFE,,,,,,
6972754905891,905891,XIMUYUAN CAMELLIA SOOTHING AMINO ACID FOAMING CLEANSER - 150ML,XIMUYUAN,,,,,,
6976193761230,761230,BEFE HEAT PROTECTION FRAGRANT HAIR CARE ESSENTIAL OIL OAK MOSS - 30ML,BEFE,,,,,,
6972761454887,454887,LIRAN BASE STYLING VOLUME WATER - 45ML,LIRAN,,,,,,
6935407827186,827186,WOW KODS AIR VOLUME FRAGRANT SHAMPOO JAPANESE ZEN GARDEN - 500G,WOW KODS,,,,,,
6935407832203,832203,WOW KODS AIR ROOT VOLUME SHAMPOO CALIFORNIA ORANGE - 500ML,WOW KODS,,,,,,
6935407837444,837444,WOW KODS FRAGRANT SILKY BODY LOTION JAPANESE ZEN GARDEN - 350G 2.0 VERSION,WOW KODS,,,,,,
6935407831640,831640,WOW KODS FRAGRANT SILKY BODY LOTION JAPANESE ZEN GARDEN - 350G,WOW KODS,,,,,,
6935407837253,837253,WOW KODS FRAGRANT SILKY BODY LOTION LAZY WEEKEND - 350G,WOW KODS,,,,,,
6935407827223,827223,WOW KODS FRUIT ACID MOISTURIZING FRAGRANT BODY WASH JAPANESE ZEN GARDEN - 500G,WOW KODS,,,,,,
6935407836898,836898,WOW KODS FRUIT ACID MOISTURIZING FRAGRANT BODY WASH GREEN ORANGE TEA - 500G,WOW KODS,,,,,,
6972761453538,453538,LIRAN EFFECTIVE OIL CONTROL CLEANSER - 150ML,LIRAN,,,,,,
6972761454566,454566,LIRAN EFFECTIVE OIL CONTROL BLACKHEAD REMOVAL CLEANSER - 100ML,LIRAN,,,,,,
6972761453507,453507,LIRAN EFFECTIVE MOISTURIZING SOOTHING CLEANSER - 150ML,LIRAN,,,,,,
6972761454559,454559,LIRAN EFFECTIVE MOISTURIZING SOOTHING CLEANSER - 100ML,LIRAN,,,,,,
6935407836850,836850,WOW KODS FRAGRANT HAIR CARE TRAVEL SET SHAMPOO 100G + BODY WASH 100G + HAIR MASK 2PCS,WOW KODS,,,,,,
6972761450551,450551,LIRAN FRAGRANT STYLING HAIR CLAY CYPRESS - 80G,LIRAN,,,,,,
6972761454672,454672,LIRAN PIONEER AIR HAIR CLAY - 15G,LIRAN,,,,,,
8306012550582,550582,WOW KODS HYALURONIC ACID SMOOTH CARE HAIR MASK - 5PCS BOX,WOW KODS,,,,,,
6923859290634,290634,MEINUO MOE BLUE SERIES VELVET MATTE COLOR CORRECTING POWDER COMPACT - P05 BABY PURPLE,MEINUO,,,,,,
6923859290627,290627,MEINUO MOE BLUE SERIES VELVET MATTE COLOR CORRECTING POWDER COMPACT - P03 BABY BLUE - 9G,MEINUO,,,,,,
6923859290603,290603,MEINUO MOE BLUE SERIES VELVET MATTE COLOR CORRECTING POWDER COMPACT - P01 PURE WHITE - 9G,MEINUO,,,,,,
6975242800418,800418,JUDYDOLL SINGLE COLOR BLUSH - #04,JUDYDOLL,,,,,,
6971053255454,255454,JUDYDOLL SINGLE COLOR BLUSH - #35,JUDYDOLL,,,,,,
6975242802627,802627,JUDYDOLL SINGLE COLOR BLUSH - #43,JUDYDOLL,,,,,,
6975242802634,802634,JUDYDOLL SINGLE COLOR BLUSH - #44,JUDYDOLL,,,,,,
6972786995990,995990,JUDYDOLL COLOR SILKY SINGLE BLUSH - #49,JUDYDOLL,,,,,,
6972786999400,999400,JUDYDOLL SINGLE COLOR BLUSH - 50,JUDYDOLL,,,,,,
6975242802276,802276,JUDYDOLL SINGLE COLOR BLUSH - #60,JUDYDOLL,,,,,,
6975242802306,802306,JUDYDOLL SINGLE COLOR BLUSH - #63,JUDYDOLL,,,,,,
6975242804133,804133,JUDYDOLL SINGLE COLOR BLUSH - #66,JUDYDOLL,,,,,,
6975242804164,804164,JUDYDOLL SINGLE COLOR BLUSH - #69,JUDYDOLL,,,,,,
6975242805185,805185,JUDYDOLL DUAL-ENDED HIGHLIGHTER & CONTOUR LIQUID - #01,JUDYDOLL,,,,,,
6975242805192,805192,JUDYDOLL DUAL-ENDED HIGHLIGHTER & CONTOUR LIQUID - #02,JUDYDOLL,,,,,,
6976436773952,773952,JUDYDOLL LIGHT & SHADOW CONTOUR LIQUID - 01,JUDYDOLL,,,,,,
6976436773969,773969,JUDYDOLL LIGHT & SHADOW CONTOUR LIQUID - 02,JUDYDOLL,,,,,,
6977481131858,131858,JUDYDOLL LIGHT & SHADOW HIGHLIGHTER LIQUID - 01,JUDYDOLL,,,,,,
6977481131865,131865,JUDYDOLL LIGHT & SHADOW HIGHLIGHTER LIQUID - 02,JUDYDOLL,,,,,,
6972786995280,995280,JUDYDOLL RING LIGHT HIGHLIGHTER POWDER - 01,JUDYDOLL,,,,,,
6972786995310,995310,JUDYDOLL RING LIGHT HIGHLIGHTER POWDER - 05,JUDYDOLL,,,,,,
6975242804904,804904,JUDYDOLL PRECISE DRAWING GEL EYELINER - #01 BLACK BROWN,JUDYDOLL,,,,,,
6975242804911,804911,JUDYDOLL PRECISE DRAWING GEL EYELINER - #02 DARK BROWN,JUDYDOLL,,,,,,
6975242804928,804928,JUDYDOLL PRECISE DRAWING GEL EYELINER - #03 GRAY BROWN,JUDYDOLL,,,,,,
6975242804935,804935,JUDYDOLL PRECISE DRAWING GEL EYELINER - #04 MILK TEA BROWN,JUDYDOLL,,,,,,
6976436775918,775918,JUDYDOLL RICH BLACK SMOOTH LONG-LASTING EYELINER PEN - BLACK,JUDYDOLL,,,,,,
6976436771460,771460,JUDYDOLL PRECISE DRAWING EYELINER PEN - #07 FLAX BROWN,JUDYDOLL,,,,,,
6972786990070,990070,JUDYDOLL WATERPROOF LONG-LASTING BROW GEL - #01 NATURAL BROWN,JUDYDOLL,,,,,,
6972786990087,990087,JUDYDOLL WATERPROOF LONG-LASTING BROW GEL - #02 GOLDEN BROWN,JUDYDOLL,,,,,,
6972786990094,990094,JUDYDOLL WATERPROOF LONG-LASTING BROW GEL - #03 GRAY BROWN,JUDYDOLL,,,,,,
6972786998601,998601,JUDYDOLL WATERPROOF LONG-LASTING BROW GEL - #04 DARK BROWN,JUDYDOLL,,,,,,
6976436771255,771255,JUDYDOLL FINE METAL MASCARA - #01 BLACK (FINE),JUDYDOLL,,,,,,
6976436771262,771262,JUDYDOLL FINE METAL MASCARA - #02 BROWN (FINE),JUDYDOLL,,,,,,
6975242804409,804409,JUDYDOLL CLOUD SOFT SEAMLESS CONCEALER - #00,JUDYDOLL,,,,,,
6975242804416,804416,JUDYDOLL CLOUD SOFT SEAMLESS CONCEALER - #01,JUDYDOLL,,,,,,
6975242804423,804423,JUDYDOLL CLOUD SOFT SEAMLESS CONCEALER - #02,JUDYDOLL,,,,,,
6975242804430,804430,JUDYDOLL CLOUD SOFT SEAMLESS CONCEALER - #03,JUDYDOLL,,,,,,
6972786999059,999059,JUDYDOLL THREE-COLOR CONCEALER PALETTE - #01,JUDYDOLL,,,,,,
6972786997666,997666,JUDYDOLL THREE-COLOR CONCEALER PALETTE - #02,JUDYDOLL,,,,,,
6976436771613,771613,JUDYDOLL MIRROR GLOSS DEWY LIP GLOSS - 2,JUDYDOLL,,,,,,
6976436771644,771644,JUDYDOLL MIRROR GLOSS DEWY LIP GLOSS - 5,JUDYDOLL,,,,,,
6976436771651,771651,JUDYDOLL MIRROR GLOSS DEWY LIP GLOSS - 6,JUDYDOLL,,,,,,
6976436771668,771668,JUDYDOLL MIRROR GLOSS DEWY LIP GLOSS - 7,JUDYDOLL,,,,,,
6976436770968,770968,JUDYDOLL MIRROR GLOSS DEWY LIP GLOSS - 8,JUDYDOLL,,,,,,
6976436770975,770975,JUDYDOLL MIRROR GLOSS DEWY LIP GLOSS - 9,JUDYDOLL,,,,,,
6976436770982,770982,JUDYDOLL MIRROR GLOSS DEWY LIP GLOSS - 10,JUDYDOLL,,,,,,
6976436770999,770999,JUDYDOLL MIRROR GLOSS DEWY LIP GLOSS - 11,JUDYDOLL,,,,,,
69764367720786976436777059,777059,JUDYDOLL LIP POWDER CREAM N13,JUDYDOLL,,,,,,
697643677423269764367770806976436779657,779657,JUDYDOLL LIP POWDER CREAM - N17,JUDYDOLL,,,,,,
69764367742496976436776854,776854,JUDYDOLL LIP POWDER CREAM - N18,JUDYDOLL,,,,,,
697643677425669764367771036976436779671,779671,JUDYDOLL LIP POWDER CREAM - N19,JUDYDOLL,,,,,,
6976436774263,774263,JUDYDOLL LIP POWDER CREAM - N20,JUDYDOLL,,,,,,
6976436771453,771453,JUDYDOLL PRECISE DRAWING EYELINER PEN - 06 BLACK TEA GRAY (NEW FORMULA),JUDYDOLL,,,,,,
6975242807349,807349,JUDYDOLL METAL MASCARA - #01 BLACK,JUDYDOLL,,,,,,
6975242807356,807356,JUDYDOLL METAL MASCARA - #02 BROWN,JUDYDOLL,,,,,,
6975242806182,806182,JUDYDOLL MASCARA REMOVER,JUDYDOLL,,,,,,
6975242806601,806601,JUDYDOLL 3D DUAL-ENDED BROW PENCIL - 02 GRAY BROWN,JUDYDOLL,,,,,,
6975242806618,806618,JUDYDOLL 3D DUAL-ENDED BROW PENCIL - 03 BROWN COFFEE,JUDYDOLL,,,,,,
6976436776212,776212,JUDYDOLL-2 IN 1 HIGHLIGHTER CONTOUR PALETTE 05,JUDYDOLL,,,,,,
6976436772900,772900,JUDYDOLL - SPORTY SERIES LIQUID EYESHADOW-G02,JUDYDOLL,,,,,,
6976436772917,772917,JUDYDOLL - SPORTY SERIES LIQUID EYESHADOW-G03,JUDYDOLL,,,,,,
6976436773082,773082,JUDYDOLL - SPORT CHIC LIQUID BLUSH-05,JUDYDOLL,,,,,,
6976436773099,773099,JUDYDOLL - SPORT CHIC LIQUID BLUSH-06,JUDYDOLL,,,,,,
6976436773068,773068,JUDYDOLL - SPORT CHIC LIQUID BLUSH-03,JUDYDOLL,,,,,,
6976436773051,773051,JUDYDOLL - SPORT CHIC LIQUID BLUSH-04,JUDYDOLL,,,,,,
6976436779886,779886,JUDYDOLL DUAL-ENDED CONTOUR UNDER-EYE BRIGHTENING LIQUID - 05,JUDYDOLL,,,,,,
6976436779923,779923,JUDYDOLL DUAL-ENDED CONTOUR UNDER-EYE BRIGHTENING LIQUID - 02,JUDYDOLL,,,,,,
6977481133937,133937,JUDYDOLL CUSHION BRIGHTENING CONCEALER - H01,JUDYDOLL,,,,,,
6977481133944,133944,JUDYDOLL CUSHION BRIGHTENING CONCEALER - C02,JUDYDOLL,,,,,,
6975242805390,805390,JUDYDOLL CLOUD SOFT SEAMLESS CONCEALER PALETTE - #01 LIGHT,JUDYDOLL,,,,,,
6975242805413,805413,JUDYDOLL CLOUD SOFT SEAMLESS CONCEALER PALETTE - #02 NATURAL,JUDYDOLL,,,,,,
6976436770739,770739,JUDYDOLL CLOUD SOFT CONCEALER PALETTE - #1.5 MEDIUM,JUDYDOLL,,,,,,
6975242803877,803877,JUDYDOLL DEWY LIP BALM - #09,JUDYDOLL,,,,,,
6975242803839,803839,JUDYDOLL DEWY LIP BALM - #05,JUDYDOLL,,,,,,
6975242803822,803822,JUDYDOLL DEWY LIP BALM - #04,JUDYDOLL,,,,,,
6976436775758,775758,JUDYDOLL ICE WATERY LIP GLOSS 06,JUDYDOLL,,,,,,
697643677509369764367770426976436779626,779626,JUDYDOLL NEW LIP POWDER CREAM - N12,JUDYDOLL,,,,,,
69764367750486976436779589,779589,JUDYDOLL NEW LIP POWDER CREAM - N03,JUDYDOLL,,,,,,
697643677506269764367769916976436779602,779602,JUDYDOLL NEW LIP POWDER CREAM - N05,JUDYDOLL,,,,,,
6976436777868,777868,JUDYDOLL HONEY PLUMPING LIP OIL - 01,JUDYDOLL,,,,,,
6976436777899,777899,JUDYDOLL HONEY PLUMPING LIP OIL - 04,JUDYDOLL,,,,,,
6976436777929,777929,JUDYDOLL HONEY PLUMPING LIP OIL - 07,JUDYDOLL,,,,,,
6976436779343,779343,JUDYDOLL PEEL OFF STAIN AND PLUMPING OIL DUO -01 ROSY PEARL,JUDYDOLL,,,,,,
6976436779350,779350,JUDYDOLL PEEL OFF STAIN AND PLUMPING OIL DUO -02 LAVENDER MIST,JUDYDOLL,,,,,,
6976436779367,779367,JUDYDOLL PEEL OFF STAIN AND PLUMPING OIL DUO -03 CHERRY SPARK,JUDYDOLL,,,,,,
6976436779374,779374,JUDYDOLL PEEL OFF STAIN AND PLUMPING OIL DUO -04 CINNAMON GLOW,JUDYDOLL,,,,,,
6976436779381,779381,JUDYDOLL PEEL OFF STAIN AND PLUMPING OIL DUO -05 COCO BRONZE,JUDYDOLL,,,,,,
6976436777561,777561,JUDYDOLL DUAL-EFFECT MIRROR GLOSS DEWY LIP GLOSS - 04 (PINK VERSION),JUDYDOLL,,,,,,
6976436778186,778186,JUDYDOLL DUAL-EFFECT MIRROR GLOSS DEWY LIP GLOSS - 19 (PINK VERSION),JUDYDOLL,,,,,,
6976436777615,777615,JUDYDOLL DUAL-EFFECT MIRROR GLOSS DEWY LIP GLOSS - 10 (PURPLE VERSION),JUDYDOLL,,,,,,
6976436778216,778216,JUDYDOLL DUAL-EFFECT MIRROR GLOSS DEWY LIP GLOSS - 22 (PURPLE VERSION),JUDYDOLL,,,,,,
6976436778209,778209,JUDYDOLL DUAL-EFFECT MIRROR GLOSS DEWY LIP GLOSS - 21 (ORANGE VERSION),JUDYDOLL,,,,,,
6976436777585,777585,JUDYDOLL DUAL-EFFECT MIRROR GLOSS DEWY LIP GLOSS - 06 (ORANGE VERSION),JUDYDOLL,,,,,,
6975242809732,809732,JUDYDOLL PRECISE DRAWING GEL EYELINER - #06 BEAN PASTE,JUDYDOLL,,,,,,
6971053258110,258110,JUDYDOLL AUTO-ROTATING FINE BROW PENCIL - #01 DARK BROWN,JUDYDOLL,,,,,,
6971053250879,250879,JUDYDOLL AUTO-ROTATING FINE BROW PENCIL - #02 GRAY BROWN,JUDYDOLL,,,,,,
6976436773242,773242,JUDYDOLL HYDRATING ESSENCE MULTI-USE BALM - C01,JUDYDOLL,,,,,,
6976436773259,773259,JUDYDOLL HYDRATING ESSENCE MULTI-USE BALM - C02,JUDYDOLL,,,,,,
6976436775741,775741,JUDYDOLL MIRROR GLOSS DEWY LIP GLOSS - 05,JUDYDOLL,,,,,,
6976436777981,777981,JUDYDOLL HONEY PLUMPING LIP OIL - 13,JUDYDOLL,,,,,,
6976436771446,771446,JUDYDOLL PRECISE DRAWING EYELINER PEN - 04 GRAY BROWN (NEW FORMULA),JUDYDOLL,,,,,,
6976436771590,771590,JUDYDOLL FLOWING CLOUD EYELINER PEN - 03 CHESTNUT BROWN,JUDYDOLL,,,,,,
6976436771477,771477,JUDYDOLL PRECISE OUTLINE EYELINER PEN - 01 BLACK,JUDYDOLL,,,,,,
6976436771484,771484,JUDYDOLL PRECISE OUTLINE EYELINER PEN - 02 DARK BROWN,JUDYDOLL,,,,,,
6976436777004,777004,JUDYDOLL LIP POWDER CREAM - N03,JUDYDOLL,,,,,,
6976436777066,777066,JUDYDOLL LIP POWDER CREAM - N14,JUDYDOLL,,,,,,
8809925206427,206427,LANEIGE LIP SLEEPING MASK EX GUMMY BEAR 20g,LANEIGE,,,,,,
8809925200319,200319,LANEIGE LIP SLEEPING MASK EX TARO BUBBLE TEA 20g,LANEIGE,,,,,,
8809685797395,797395,LANEIGE LIP SLEEPING MASK EX MINT CHOCO 20g,LANEIGE,,,,,,
8809925206441,206441,LANEIGE LIP SLEEPING MASK EX PEACH ICE TEE 20g,LANEIGE,,,,,,
8809685797357,797357,LANEIGE LIP SLEEPING MASK EX GRAPEFRUIT 20g,LANEIGE,,,,,,
8809685797371,797371,LANEIGE LIP SLEEPING MASK EX APPLE LIME 20g,LANEIGE,,,,,,
8809925200326,200326,LANEIGE LIP SLEEPING MASK EX MATCHA BUBBLE TEA 20g,LANEIGE,,,,,,
8809640738197,738197,ANUA HEARTLEAF CENTELLA RED SPOT CREAM 30g,ANUA,,,,,,
6974146267761,267761,JOOCYEE CRYSTAL GLOSS LIP 651PEACH JELLY,JOOCYEE,,,,,,
6974146267518,267518,JOOCYEE CRYSTAL GLOSS LIPSTICK 659 JOYFUL PINK,JOOCYEE,,,,,,
6974146267600,267600,JOOCYEE SINGLE COLOR CREAM BLUSH S238 ROMANTIC PINK,JOOCYEE,,,,,,
6974146267617,267617,JOOCYEE SINGLE COLOR CREAM BLUSH S239 CAREFREE NUDE,JOOCYEE,,,,,,
6974146267624,267624,JOOCYEE 12 SHADES EYESHADOW PALETTE 06 WISH PINK,JOOCYEE,,,,,,
69741462678086974146265453,265453,JOOCYEE MULTI-PURPOSE LIP CHEEK CREAM C06 CINNAMON TEA,JOOCYEE,,,,,,
6974146267815,267815,JOOCYEE MULTI-PURPOSE LIP CHEEK CREAM C13 ROSE TEA,JOOCYEE,,,,,,
6974146267839,267839,JOOCYEE LUCENT GLAZED ROUGE LIPSTICK 514L LIGHT TEA,JOOCYEE,,,,,,
6974146267846,267846,JOOCYEE LUCENT GLAZED ROUGE LIPSTICK 554L LIGHT APRICOT,JOOCYEE,,,,,,
6974146267099,267099,JOOCYEE LUCENT GLAZED ROUGE LIPSTICK 100L GRAY PINK,JOOCYEE,,,,,,
6974146267082,267082,JOOCYEE LUCENT GLAZED ROUGE LIPSTICK 557L LIGHT TARO,JOOCYEE,,,,,,
6974146261097,261097,JOOCYEE CRYSTAL JELLY LIPSTICK 525 TEAK WOOD,JOOCYEE,,,,,,
6974146261189,261189,JOOCYEE CRYSTAL JELLY LIPSTICK 516 PINENUT CHOCOLATE,JOOCYEE,,,,,,
6974146265187,265187,JOOCYEE CRYSTAL JELLY LIPSTICK 545 ROSY FANTASY,JOOCYEE,,,,,,
6974146265194,265194,JOOCYEE CRYSTAL JELLY LIPSTICK 546 AMBER GLOW,JOOCYEE,,,,,,
6974146261080,261080,JOOCYEE CRYSTAL JELLY LIPSTICK 523 GRAY PINK MOONLIGHT,JOOCYEE,,,,,,
6974146261172,261172,JOOCYEE CRYSTAL JELLY LIPSTICK 514 FROZEN BLACK TEA,JOOCYEE,,,,,,
6974146265736,265736,JOOCYEE VELVET ROUGE MATTE LIPSTICK PEN 100 GRAY PINK,JOOCYEE,,,,,,
6974146265743,265743,JOOCYEE VELVET ROUGE MATTE LIPSTICK PEN 111 LEATHER PINK,JOOCYEE,,,,,,
6974146265729,265729,JOOCYEE VELVET ROUGE MATTE LIPSTICK PEN 144 SMOKY BROWN,JOOCYEE,,,,,,
6974146265767,265767,JOOCYEE VELVET ROUGE MATTE LIPSTICK PEN 166 WILD HAWTHORN,JOOCYEE,,,,,,
6974146265750,265750,JOOCYEE VELVET ROUGE MATTE LIPSTICK PEN 188 SPRING CARDAMOM,JOOCYEE,,,,,,
6974146265705,265705,JOOCYEE VELVET ROUGE MATTE LIPSTICK PEN 1990 VINTAGE BROWN,JOOCYEE,,,,,,
6974146265934,265934,JOOCYEE GLAZED MULTI-PURPOSE STICK G401 TEA JELLY,JOOCYEE,,,,,,
69741462659416978647802049,802049,JOOCYEE GLAZED MULTI-PURPOSE STICK G402 WHEAT NUDE,JOOCYEE,,,,,,
69741462659656978647802025,802025,JOOCYEE GLAZED MULTI-PURPOSE STICK G405 COLD JADE,JOOCYEE,,,,,,
69741462659726978647801820,801820,JOOCYEE SATIN MULTI-PURPOSE STICK S406 WARM NUTMEG,JOOCYEE,,,,,,
6974146265989,265989,JOOCYEE SATIN MULTI-PURPOSE STICK S407 SMOKY PINK,JOOCYEE,,,,,,
6974146265996,265996,JOOCYEE SATIN MULTI-PURPOSE STICK S409 CINNAMON NUDE,JOOCYEE,,,,,,
6974146265460,265460,JOOCYEE MULTI-PURPOSE LIP CHEEK CREAM C07 NUDE PINK,JOOCYEE,,,,,,
6974146265477,265477,JOOCYEE MULTI-PURPOSE LIP CHEEK CREAM C08 SPRING ROSE,JOOCYEE,,,,,,
6974146265484,265484,JOOCYEE MULTI-PURPOSE LIP CHEEK CREAM C10 SALTED LATTE,JOOCYEE,,,,,,
6974146261608,261608,JOOCYEE GLAZED GLOSS 603 OAT MILK,JOOCYEE,,,,,,
6974146261622,261622,JOOCYEE GLAZED GLOSS 605 WOODY ROSY,JOOCYEE,,,,,,
6974146266764,266764,JOOCYEE MAGNEGLOW LIP GLOSS 03 AMETHYST GLOW,JOOCYEE,,,,,,
6974146266757,266757,JOOCYEE MAGNEGLOW LIP GLOSS 02 RUBY GLOW,JOOCYEE,,,,,,
6974146266740,266740,JOOCYEE MAGNEGLOW LIP GLOSS 01 OBSIDIAN GLOW,JOOCYEE,,,,,,
6974146262988,262988,JOOCYEE 12 SHADES EYESHADOW PALETTE 01 SMOKY PINK,JOOCYEE,,,,,,
6974146262995,262995,JOOCYEE 12 SHADES EYESHADOW PALETTE 02 PINK HONEYDEW,JOOCYEE,,,,,,
6974146264661,264661,JOOCYEE 12 SHADES EYESHADOW PALETTE 04 COLD BREW APRICOT,JOOCYEE,,,,,,
6974146260212,260212,JOOCYEE SINGLE COLOR EYESHADOW M103 LIGHT SMOKY PINK,JOOCYEE,,,,,,
6974146260199,260199,JOOCYEE SINGLE COLOR EYESHADOW M101 COLD WINTER DAY,JOOCYEE,,,,,,
6974146261578,261578,JOOCYEE SINGLE COLOR EYESHADOW D125 NEON BLACK,JOOCYEE,,,,,,
6974146260175,260175,JOOCYEE SINGLE COLOR EYESHADOW D114 NEON LIGHT,JOOCYEE,,,,,,
6974146261592,261592,JOOCYEE SINGLE COLOR EYESHADOW D127 DREAM CATCHER BUTTERFLY,JOOCYEE,,,,,,
6974146263473,263473,JOOCYEE JELLY HIGHLIGHTER GLITTER STICK H01 MOON DUST,JOOCYEE,,,,,,
6974146263480,263480,JOOCYEE JELLY HIGHLIGHTER GLITTER STICK H02 SILVER PEARL,JOOCYEE,,,,,,
6974146263497,263497,JOOCYEE JELLY HIGHLIGHTER GLITTER STICK H03 SUNBATH,JOOCYEE,,,,,,
6974146263503,263503,JOOCYEE JELLY HIGHLIGHTER GLITTER STICK H04 PINK SILK,JOOCYEE,,,,,,
6974146266184,266184,JOOCYEE LONG-LASTING GLOSSY ROUGE 561 NAKED TEA,JOOCYEE,,,,,,
6974146266191,266191,JOOCYEE LONG-LASTING GLOSSY ROUGE 562 FLAT WHITE,JOOCYEE,,,,,,
6974146266207,266207,JOOCYEE LONG-LASTING GLOSSY ROUGE 564 PEACH DEW,JOOCYEE,,,,,,
6974146266214,266214,JOOCYEE LONG-LASTING GLOSSY ROUGE 565 CRUSHED CHESTNUT,JOOCYEE,,,,,,
69741462662216974146268607,268607,JOOCYEE LONG-LASTING GLOSSY ROUGE 566 SWEET TEA,JOOCYEE,,,,,,
69741462662456974146268614,268614,JOOCYEE LONG-LASTING GLOSSY ROUGE 500 PINK OCEAN,JOOCYEE,,,,,,
6974146265620,265620,JOOCYEE DEWDROP GLAZE LIP GLOSS 609 CHOCOLIT GLOW,JOOCYEE,,,,,,
6974146265613,265613,JOOCYEE DEWDROP GLAZE LIP GLOSS 608 FUSSY BERRY,JOOCYEE,,,,,,
6974146265606,265606,JOOCYEE DEWDROP GLAZE LIP GLOSS 607 VANILLA FEVER,JOOCYEE,,,,,,
6974146266597,266597,JOOCYEE DOUBLE-ENDED LIP LINER 01 CLEAN PURPLE,JOOCYEE,,,,,,
6974146266603,266603,JOOCYEE DOUBLE-ENDED LIP LINER 02 COFFEE CANDY,JOOCYEE,,,,,,
6974146266733,266733,JOOCYEE DOUBLE-ENDED LIP LINER 03 HONEY PEACH,JOOCYEE,,,,,,
6974146263466,263466,JOOCYEE CRYSTAL JELLY LIPSTICK-539 CHILLING WATER HILL,JOOCYEE,,,,,,
6974146265699,265699,JOOCYEE VELVET ROUGE MATTE LIPSTICK PEN 133 FRECKLE BROWN,JOOCYEE,,,,,,
6974146265507,265507,JOOCYEE MULTI-PURPOSE LIP CHEEK CREAM C100 GRAY PINK,JOOCYEE,,,,,,
4571501178483,178483,DISPLAY-MILLEFEE SHAKE DROP BLUSH 01-04,MILLEFEE,,,,,,
4571501178865,178865,DISPLAY-MILLEFEE DEWY FIT GLOSS 01-05,MILLEFEE,,,,,,
4571501178940,178940,DISPLAY - MILLEFEE UNDER EYE GLAM PALETTE 01-03,MILLEFEE,,,,,,
4571501177998,177998,DISPLAY - MILLEFEE GLAMOROUS LIP PLUMPER 03-08,MILLEFEE,,,,,,
4571501178391,178391,DISPLAY - MILLEFEE PERFECT CONTOUR PALETTE 01-04,MILLEFEE,,,,,,
8809598453654,453654,COSRX ADVANCED SNAIL MUCIN GEL CLEANSER 50ML,COSRX,,,,,,
8809598457058,457058,COSRX ADVANCED SNAIL MUCIN GLASS GLOW HYDROGEL MASK,COSRX,,,,,,
8809598451445,451445,COSRX COMFORT CERAMIDE CREAM,COSRX,,,,,,
6973636713030,713030,BIG GALLERY WISHING STARS SWEET JAR MYSTERY BAG FIGURE,BIG GALLERY,,,,,,
6973636712873,712873,BIG GALLERY TO BE WITH YOU MYSTERY BOX FIGURE,BIG GALLERY,,,,,,
6973636712927,712927,BIG GALLERY HELLO GOS OF WEALTH MYSTERY BOX FIGURE,BIG GALLERY,,,,,,
6973636712446,712446,BIG GALLERY HELLO THE WORLD MYSTERY BOX FIGURE,BIG GALLERY,,,,,,
6973636712415,712415,BIG GALLERY THE GREAT ARTISTS MYSTERY BOX FIGURE,BIG GALLERY,,,,,,
6970308310382,310382,BIG GALLERY ZOMBIE PARTY MYSTERY BOX FIGURE,BIG GALLERY,,,,,,
8809820704691,704691,ETUDE HOUSE SUGAR COLORING JELLY BALM 1,ETUDE HOUSE,,,,,,
8809820704707,704707,ETUDE HOUSE SUGAR COLORING JELLY BALM 2,ETUDE HOUSE,,,,,,
8809820704714,704714,ETUDE HOUSE SUGAR COLORING JELLY BALM 3,ETUDE HOUSE,,,,,,
8809820704721,704721,ETUDE HOUSE SUGAR COLORING JELLY BALM 4,ETUDE HOUSE,,,,,,
8809820704738,704738,ETUDE HOUSE SUGAR COLORING JELLY BALM 5,ETUDE HOUSE,,,,,,
8809820704745,704745,ETUDE HOUSE SUGAR COLORING JELLY BALM 6,ETUDE HOUSE,,,,,,
8809820706398,706398,ETUDE HOUSE SUGAR COLORING JELLY BALM 7,ETUDE HOUSE,,,,,,
8809820707708,707708,ETUDE HOUSE SUGAR COLORING JELLY BALM 8,ETUDE HOUSE,,,,,,
8809820707715,707715,ETUDE HOUSE SUGAR COLORING JELLY BALM 9,ETUDE HOUSE,,,,,,
8809820707722,707722,ETUDE HOUSE SUGAR COLORING JELLY BALM 10,ETUDE HOUSE,,,,,,
8809820706190,706190,ETUDE HOUSE FRUITY L&C BLUR BALM 1 RED TOMATO,ETUDE HOUSE,,,,,,
8809820706800,706800,ETUDE HOUSE FRUITY L&C BLUR BALM 2 SWEET PAPAYA,ETUDE HOUSE,,,,,,
8809820706817,706817,ETUDE HOUSE FRUITY L&C BLUR BALM 3 WARM PEACH,ETUDE HOUSE,,,,,,
8809820706824,706824,ETUDE HOUSE FRUITY L&C BLUR BALM 4 BLUSHING PLUM,ETUDE HOUSE,,,,,,
8809820706831,706831,ETUDE HOUSE FRUITY L&C BLUR BALM 5 PLUMB RASPBERRY,ETUDE HOUSE,,,,,,
8809820698174,698174,ETUDE HOUSE SUNPRISE MILD AIRY FINISH SUNMILK OTC,ETUDE HOUSE,,,,,,
8809668021561,021561,ETUDE HOUSE SOON J HYDRO BARRIER CREAM 75ML 21AD,ETUDE HOUSE,,,,,,
8809668018639,018639,ETUDE HOUSE S J HYDRO BARRIER CREAM130ML 21AD,ETUDE HOUSE,,,,,,
8809668021509,021509,ETUDE HOUSE SOON J 5 5 TONER 200ML 21AD,ETUDE HOUSE,,,,,,
8809820693490,693490,ETUDE HOUSE SOON J 5 5 TONER 350ML 23AD,ETUDE HOUSE,,,,,,
8809820694817,694817,ETUDE HOUSE SOON J 5 5 TONER 500ML 23AD,ETUDE HOUSE,,,,,,
8809820696538,696538,ETUDE HOUSE SOON J WHIP CLEANSER 150ML 23AD,ETUDE HOUSE,,,,,,
8809820696545,696545,ETUDE HOUSE SOON J WHIP CLEANSER 250ML 23AD,ETUDE HOUSE,,,,,,
8809820688618,688618,ETUDE HOUSE SOON J 2X CREAM 60ML 23AD,ETUDE HOUSE,,,,,,
8809820696637,696637,ETUDE HOUSE SOON J 5 5FOAM CLEANSER150ML 23AD,ETUDE HOUSE,,,,,,
8809820696576,696576,ETUDE HOUSE SOON J CLEANSING WATER 320ML 23,ETUDE HOUSE,,,,,,
8809668028041,028041,ETUDE BAKING POWDER BB DEEP FOAM 160G 21AD,ETUDE HOUSE,,,,,,
8809668028089,028089,ETUDE HOUSE BAKING POWDER PORE FOAM 160G 21AD,ETUDE HOUSE,,,,,,
8809820683118,683118,ETUDE HOUSE BAKING POWDER PORE SCRUB 200G 21AD,ETUDE HOUSE,,,,,,
8809820698891,698891,ETUDE HOUSE BAKING POWDER SCRUB 7G24EA,ETUDE HOUSE,,,,,,
8809820708675,708675,ETUDE HOUSE MBSSEBUM SOAK PACT 23,ETUDE HOUSE,,,,,,
88098206965148809820708033,708033,ETUDE HOUSE MBSSEBUM SOAK POWDER 23,ETUDE HOUSE,,,,,,
8809820698846,698846,ETUDE HOUSE ZERO SEBUM DRYINGPOWDER,ETUDE HOUSE,,,,,,
8809820692745,692745,ETUDE HOUSE GDEAR DARLING OIL TINT 1,ETUDE HOUSE,,,,,,
8809820692844,692844,ETUDE HOUSE GDEAR DARLING OIL TINT 2,ETUDE HOUSE,,,,,,
8809820692851,692851,ETUDE HOUSE GDEAR DARLING OIL TINT 3,ETUDE HOUSE,,,,,,
8809820692868,692868,ETUDE HOUSE GDEAR DARLING OIL TINT 4,ETUDE HOUSE,,,,,,
8809820692875,692875,ETUDE HOUSE GDEAR DARLING OIL TINT 5,ETUDE HOUSE,,,,,,
8809820693391,693391,ETUDE HOUSE GDEAR DARLING OIL TINT 6,ETUDE HOUSE,,,,,,
8809820700723,700723,ETUDE HOUSE DEAR DARLING MARKER TINT 1,ETUDE HOUSE,,,,,,
8809820700730,700730,ETUDE HOUSE DEAR DARLING MARKER TINT 2,ETUDE HOUSE,,,,,,
8809820700747,700747,ETUDE HOUSE DEAR DARLING MARKER TINT 3,ETUDE HOUSE,,,,,,
8809820700754,700754,ETUDE HOUSE DEAR DARLING MARKER TINT 4,ETUDE HOUSE,,,,,,
8809820700761,700761,ETUDE HOUSE DEAR DARLING MARKER TINT 5,ETUDE HOUSE,,,,,,
8809820700778,700778,ETUDE HOUSE DEAR DARLING MARKER TINT 6,ETUDE HOUSE,,,,,,
8809820707746,707746,ETUDE HOUSE DEAR DARLING MARKER TINT 7,ETUDE HOUSE,,,,,,
8809820707753,707753,ETUDE HOUSE DEAR DARLING MARKER TINT 8,ETUDE HOUSE,,,,,,
8809820707760,707760,ETUDE HOUSE DEAR DARLING MARKER TINT 9,ETUDE HOUSE,,,,,,
8809820702741,702741,ETUDE HOUSE DEAR D WATERGEL 01 TANGERINE RED,ETUDE HOUSE,,,,,,
8809820702758,702758,ETUDE HOUSE DEAR D WATERGELTINT 02 CHERRY RED,ETUDE HOUSE,,,,,,
8809820702765,702765,ETUDE HOUSE DEAR D WATERGELTINT 03 REAL RED,ETUDE HOUSE,,,,,,
8809820702789,702789,ETUDE HOUSE DEAR D WATERGELTINT 05 DRACULA RED,ETUDE HOUSE,,,,,,
8809668022933,022933,ETUDE HOUSE DEAR D WATERTINT 01 STRAWBERRY,ETUDE HOUSE,,,,,,
8809668022940,022940,ETUDE HOUSE DEAR D WATERTINT 02 CHERRY,ETUDE HOUSE,,,,,,
8809668022957,022957,ETUDE HOUSE DEAR D WATERTINT 03 ORANGE,ETUDE HOUSE,,,,,,
8809820694282,694282,ETUDE HOUSE DEAR D WATERTINT 04 RED GRAPEFRUIT,ETUDE HOUSE,,,,,,
8809820694299,694299,ETUDE HOUSE DEAR D WATERTINT 05 GRAPE,ETUDE HOUSE,,,,,,
8809820700365,700365,ETUDE HOUSE DEAR D WATERTINT 06,ETUDE HOUSE,,,,,,
8809820700372,700372,ETUDE HOUSE DEAR D WATERTINT 07,ETUDE HOUSE,,,,,,
8809820705346,705346,ETUDE HOUSE DEAR D WATERTINT 08 TOMATO ADE,ETUDE HOUSE,,,,,,
8809820705353,705353,ETUDE HOUSE DEAR D WATERTINT 09 WATERMELON ADE,ETUDE HOUSE,,,,,,
8809820693063,693063,ETUDE HOUSE GLOW FIXING TINT 1,ETUDE HOUSE,,,,,,
8809820693094,693094,ETUDE HOUSE GLOW FIXING TINT 2,ETUDE HOUSE,,,,,,
8809820693100,693100,ETUDE HOUSE GLOW FIXING TINT 3,ETUDE HOUSE,,,,,,
8809820693605,693605,ETUDE HOUSE GLOW FIXING TINT 4,ETUDE HOUSE,,,,,,
8809820694008,694008,ETUDE HOUSE GLOW FIXING TINT 5,ETUDE HOUSE,,,,,,
8809820693070,693070,ETUDE HOUSE GLOW FIXING TINT 6,ETUDE HOUSE,,,,,,
8809820693087,693087,ETUDE HOUSE GLOW FIXING TINT 7,ETUDE HOUSE,,,,,,
8809820698723,698723,ETUDE HOUSE GLOW FIXING TINT 8,ETUDE HOUSE,,,,,,
8809820698730,698730,ETUDE HOUSE GLOW FIXING TINT 9,ETUDE HOUSE,,,,,,
8809820693889,693889,ETUDE HOUSE GLOW FIXING TINT 10,ETUDE HOUSE,,,,,,
8809820693896,693896,ETUDE HOUSE GLOW FIXING TINT 11,ETUDE HOUSE,,,,,,
8809820693957,693957,ETUDE HOUSE GLOW FIXING TINT 12,ETUDE HOUSE,,,,,,
8809820699607,699607,ETUDE HOUSE G S MELTING BALM 01,ETUDE HOUSE,,,,,,
8809820699614,699614,ETUDE HOUSE G S MELTING BALM 02,ETUDE HOUSE,,,,,,
8809820699621,699621,ETUDE HOUSE G S MELTING BALM 03,ETUDE HOUSE,,,,,,
8809820699638,699638,ETUDE HOUSE G S MELTING BALM 04,ETUDE HOUSE,,,,,,
8809820699645,699645,ETUDE HOUSE G S MELTING BALM 05,ETUDE HOUSE,,,,,,
8809820692714,692714,ETUDE HOUSE MBSGINGER SUGAR LIP MASK 15G,ETUDE HOUSE,,,,,,
8809820687338,687338,ETUDE HOUSE GINGER SUGAR OVERNIGHT LIP MASK,ETUDE HOUSE,,,,,,
8809820703151,703151,ETUDE HOUSE H P DUO BLUSHER 24 ENVY BLOOM,ETUDE HOUSE,,,,,,
8809820703144,703144,ETUDE HOUSE H P DUO BLUSHER 24 ENVY PALE,ETUDE HOUSE,,,,,,
8809820703557,703557,ETUDE HOUSE HEART POP BLUSHER 24AD SUPER SUNSET,ETUDE HOUSE,,,,,,
8809668022186,022186,ETUDE HOUSE LOVELY C BLUSHER 20ADPP502 L LEMON,ETUDE HOUSE,,,,,,
8809668023152,023152,ETUDE HOUSE LOVELY C BLUSHER 21BE101GINGERHONEY,ETUDE HOUSE,,,,,,
8809668023176,023176,ETUDE HOUSE LOVELY C BLUSHER 21OR201APRICOT PEA,ETUDE HOUSE,,,,,,
8809668023183,023183,ETUDE HOUSE LOVELY C BLUSHER 21 OR202 SWEET CORAL,ETUDE HOUSE,,,,,,
8809668023244,023244,ETUDE HOUSE LOVELY C BLUSHER 21 PK002 GRAPEFRUIT,ETUDE HOUSE,,,,,,
8809668023251,023251,ETUDE HOUSE LOVELY C BLUSHER 21 PK004,ETUDE HOUSE,,,,,,
8809668022155,022155,ETUDE HOUSE LOVELY C BLUSHER 21 RD301 R GR FRUIT,ETUDE HOUSE,,,,,,
8809668024081,024081,ETUDE HOUSE PLAY101 CONTOUR DUO 21 01,ETUDE HOUSE,,,,,,
8809668024098,024098,ETUDE HOUSE PLAY101 CONTOUR DUO 21 02,ETUDE HOUSE,,,,,,
8809668024104,024104,ETUDE HOUSE PLAY101 CONTOUR DUO 21 03,ETUDE HOUSE,,,,,,
8809820705841,705841,ETUDE HOUSE WHATS IN MY EYES PONG DANG LOVE,ETUDE HOUSE,,,,,,
8809820706275,706275,ETUDE HOUSE WHATS IN MY EYES COOL BASE LEADER,ETUDE HOUSE,,,,,,
8809820706282,706282,ETUDE HOUSE WHATS IN MY EYES ICY TARO,ETUDE HOUSE,,,,,,
8809820706299,706299,ETUDE HOUSE WHATS IN MY EYES COOL LOVE MOMENT,ETUDE HOUSE,,,,,,
8809820706404,706404,ETUDE HOUSE WHATS IN MY EYES LOW SUGAR SYRUP,ETUDE HOUSE,,,,,,
8809820706411,706411,ETUDE HOUSE WHATS IN MY EYES TARO MILK TEA,ETUDE HOUSE,,,,,,
8809820706428,706428,ETUDE HOUSE WHATS IN MY EYES DAL DAL MOMENT,ETUDE HOUSE,,,,,,
8809820706435,706435,ETUDE HOUSE WHATS IN MY EYES BUBBLE LOVE,ETUDE HOUSE,,,,,,
8809820706442,706442,ETUDE HOUSE WHATS IN MY EYES IM PINE,ETUDE HOUSE,,,,,,
8809820706459,706459,ETUDE HOUSE WHATS IN MY EYES HONEY MILK,ETUDE HOUSE,,,,,,
8809820706466,706466,ETUDE HOUSE WHATS IN MY EYES MELON MUSK,ETUDE HOUSE,,,,,,
8809820706473,706473,ETUDE HOUSE WHATS IN MY EYES PEACH LIKE,ETUDE HOUSE,,,,,,
8809820706480,706480,ETUDE HOUSE WHATS IN MY EYES KIRA KIRA STAR,ETUDE HOUSE,,,,,,
8809820706497,706497,ETUDE HOUSE WHATS IN MY EYES EXTRA CAFE LATTE,ETUDE HOUSE,,,,,,
8809820706503,706503,ETUDE HOUSE WHATS IN MY EYES MOJITO LOVE,ETUDE HOUSE,,,,,,
8809820706527,706527,ETUDE HOUSE WHATS IN MY EYES EARL GREY MILK,ETUDE HOUSE,,,,,,
8809820706534,706534,ETUDE HOUSE WHATS IN MY EYES LADY EARL GREY,ETUDE HOUSE,,,,,,
8809820706541,706541,ETUDE HOUSE WHATS IN MY EYES LATTE IS HORSE,ETUDE HOUSE,,,,,,
8809820706565,706565,ETUDE HOUSE WHATS IN MY EYES INSIDE STAR,ETUDE HOUSE,,,,,,
8809820706572,706572,ETUDE HOUSE WHATS IN MY EYES GO GO GLORY,ETUDE HOUSE,,,,,,
8809820706589,706589,ETUDE HOUSE WHATS IN MY EYES FANTASY WORLD,ETUDE HOUSE,,,,,,
8809820706596,706596,ETUDE HOUSE WHATS IN MY EYES ELEC GUITAR,ETUDE HOUSE,,,,,,
8809820707494,707494,ETUDE HOUSE WHATS IN MY EYES SWEET AMERICANO,ETUDE HOUSE,,,,,,
8809820707500,707500,ETUDE HOUSE WHATS IN MY EYES DECAFFEINE,ETUDE HOUSE,,,,,,
8809820707517,707517,ETUDE HOUSE WHATS IN MY EYES COOL TONE KEEPER,ETUDE HOUSE,,,,,,
8809820707524,707524,ETUDE HOUSE WHATS IN MY EYES LOOK AT THIS,ETUDE HOUSE,,,,,,
8809820707531,707531,ETUDE HOUSE WHATS IN MY EYES ADDED TARO PEARL,ETUDE HOUSE,,,,,,
8809820707548,707548,ETUDE HOUSE WHATS IN MY EYES DELICIOUS GRAPES,ETUDE HOUSE,,,,,,
8809820707555,707555,ETUDE HOUSE WHATS IN MY EYES DONT CRY,ETUDE HOUSE,,,,,,
8809667983792,983792,ETUDE HOUSE DOUBLE L FOUNDATION 13C1,ETUDE HOUSE,,,,,,
8809667983815,983815,ETUDE HOUSE DOUBLE L FOUNDATION 17C1,ETUDE HOUSE,,,,,,
8809667983822,983822,ETUDE HOUSE DOUBLE L FOUNDATION 17N1,ETUDE HOUSE,,,,,,
8809667983846,983846,ETUDE HOUSE DOUBLE L FOUNDATION 21C1,ETUDE HOUSE,,,,,,
8809667983853,983853,ETUDE HOUSE DOUBLE L FOUNDATION 21N1,ETUDE HOUSE,,,,,,
8809667983860,983860,ETUDE HOUSE DOUBLE L FOUNDATION 21W1,ETUDE HOUSE,,,,,,
8809667983877,983877,ETUDE HOUSE DOUBLE L FOUNDATION 23N1,ETUDE HOUSE,,,,,,
8809667983884,983884,ETUDE HOUSE DOUBLE L FOUNDATION 23W1,ETUDE HOUSE,,,,,,
8809667998475,998475,ETUDE HOUSE DOUBLE L FOUNDATION 25N1,ETUDE HOUSE,,,,,,
8809667998482,998482,ETUDE HOUSE DOUBLE L FOUNDATION 27N1,ETUDE HOUSE,,,,,,
8809820696453,696453,ETUDE HOUSE REBORN MAKER WARM LIP,ETUDE HOUSE,,,,,,
8809820695371,695371,ETUDE HOUSE REBORN MAKER COOL LIP,ETUDE HOUSE,,,,,,
8809820698624,698624,ETUDE HOUSE REBORN MAKER WARM SHADING,ETUDE HOUSE,,,,,,
8809820698631,698631,ETUDE HOUSE REBORN MAKER COOL SHADING,ETUDE HOUSE,,,,,,
8809820699669,699669,ETUDE HOUSE CONTOUR POWDER 01CREATOR 23,ETUDE HOUSE,,,,,,
8809820695043,695043,ETUDE HOUSE MBSCURL FIX MASCARA 01 BLACK,ETUDE HOUSE,,,,,,
8809820705735,705735,ETUDE HOUSE CURL FIX MASCARA 02 BROWN 25,ETUDE HOUSE,,,,,,
8809820695302,695302,ETUDE HOUSE MBSCURL FIX MASCARA 03GRAYBROWN 23,ETUDE HOUSE,,,,,,
8809820698709,698709,ETUDE HOUSE MBSCURL FIX MASCARA 04 VOLUME,ETUDE HOUSE,,,,,,
8809598454880,454880,COSRX THE ALPHA-ARBUTIN 2 DISCOLORATION CARE SERUM 50ML,COSRX,,,,,,
8809598454668,454668,COSRX THE HYALURONIC ACID 3 SERUM 20ML,COSRX,,,,,,
8809598454637,454637,COSRX THE NIACINAMIDE 15 SERUM 20ML,COSRX,,,,,,
8809598456983,456983,COSRX THE PEPTIDE COLLAGEN HYDROGEL EYE PATCH 85G,COSRX,,,,,,
8809598454781,454781,COSRX THE RETINOL 0.1 CREAM 20ML,COSRX,,,,,,
8809598455795,455795,COSRX THE RETINOL 0.3 CREAM 20ML,COSRX,,,,,,
8809598454644,454644,COSRX THE RETINOL 0.5 OIL 20ML,COSRX,,,,,,
8809598455238,455238,COSRX THE VITAMIN C13 SERUM 20ML,COSRX,,,,,,
8809598455658,455658,COSRX THE 6 PEPTIDE SKIN BOOSTER SERUM 150ML,COSRX,,,,,,
8809598454651,454651,COSRX VITAMIN C23 SERUM 20G,COSRX,,,,,,
8809416471310,471310,COSRX GALACTOMYCES 95 TONE BALANCING ESSENCE 100ML,COSRX,,,,,,
8809416471396,471396,COSRX CLEAR FIT MASTER PATCH,COSRX,,,,,,
8809598453883,453883,COSRX MASTER PATCH,COSRX,,,,,,
8809416471655,471655,COSRX 2IN1 POWER LIQUID 100ML,COSRX,,,,,,
6973549704040,704040,CAPRI & COOL ELECTRONIC DIFFUSER OSMANTHUS,,Active,,,,,
6973549704026,704026,CAPRI & COOL ELECTRONIC DIFFUSER Gardenia,,Active,,,,,
6973549704033,704033,CAPRI & COOL ELECTRONIC DIFFUSER WHITE TEA,,Active,,,,,
4903111211807,211807,4903111211807,MOONY,,,,,,
4901301443014,443014,4901301443014,MERRIES,,,,,,
8809611865143,865143,LAKA FRUITY GLAM TINT #141COMPOTE,LAKA,,,,,,
8809611865358SQ8809611865150,865150,LAKA Fruity Glam Tint #142Toffee,LAKA,,,,,,
8809611865167,865167,LAKA Fruity Glam Tint 143 Brulee,LAKA,,,,,,
8809611865372SQ8809611865174,865174,LAKA Fruity Glam Tint #144 Pistachio,LAKA,,,,,,
8809611865389SQ8809611865181,865181,LAKA Fruity Glam Tint #145Guava,LAKA,,,,,,
8809611865198,865198,LAKA FRUITY GLAM TINT #146KAYA DILL,LAKA,,,,,,
8809611865204,865204,LAKA FRUITY GLAM TINT #147CURRANT,LAKA,,,,,,
8809611865228,865228,LAKA Fruity Glam Tint 149 Beans,,,,,,,
8809611865235,865235,LAKA Fruity Glam Tint 150 Pepper,,,,,,,
8809611864214,864214,LAKA Maxi Glayer Tint #601 Linen,,,,,,,
8809611864221,864221,LAKA Maxi Glayer Tint #602 Bunny,,,,,,,
8809611864238,864238,LAKA Maxi Glayer Tint #603 Bibi,,,,,,,
8809611864245,864245,LAKA Maxi Glayer Tint #604 Misty,,,,,,,
8809611864252,864252,LAKA Maxi Glayer Tint #605 Skin,,,,,,,
8809611864269,864269,LAKA Maxi Glayer Tint #606 Meaning,,,,,,,
8809611864276,864276,LAKA MAXI GLAYER TINT 607 KAYA,LAKA,,,,,,
8809611864283,864283,LAKA Maxi Glayer Tint #608 Whisper,,,,,,,
8809611864290,864290,LAKA Maxi Glayer Tint #609 Classy,,,,,,,
8809611864306,864306,LAKA Maxi Glayer Tint #610 Dash,,,,,,,
8809611864313,864313,LAKA Maxi Glayer Tint #611 Only,,,,,,,
8809611864320,864320,LAKA Maxi Glayer Tint #612 Contour,,,,,,,
8809611864337,864337,LAKA Maxi Glayer Tint #613 Peak,,,,,,,
8809611864344,864344,LAKA Maxi Glayer Tint #614 Lady,,,,,,,
8809611864351,864351,LAKA Maxi Glayer Tint #615 Skip,,,,,,,
8809611864368,864368,LAKA Maxi Glayer Tint #616 Maple,,,,,,,
8809611864375,864375,LAKA Maxi Glayer Tint #617 Grain,,,,,,,
8809611864382,864382,LAKA Maxi Glayer Tint #618 Chase,,,,,,,
8809611864399,864399,LAKA Maxi Glayer Tint #619 Posing,,,,,,,
8809611864405,864405,LAKA Maxi Glayer Tint #620 Tempo,,,,,,,
8809611864597,864597,LAKA Soothing Prep Lip Mask,,,,,,,
4549660857051,857051,BANDAI BIKKURA EGG POKEMON POKEMON FIGURE COLLECTION,BANDAI,,,,,,
4549660861850,861850,BANDAI BIKKURA TAMAGO POKEMON EEVEE FRIENDS FIGURE COLLECTION,BANDAI,,,,,,
4550516495266,495266,SHISEIDO UNO CREAM PERFECTION,SHISEIDO,Active,,,,,
4570118239280,239280,BANDAI RAPUNZEL SPARKLY BATH BALL COMPACT,BANDAI,,,,,,
4580748420286,420286,INTO U SUPER MATTE LIP & CHEEK MUD EM26,INTO U JP,,,,,,
4580748421429,421429,INTO U VELVET MATTE VT03,INTO U JP,,,,,,
4987072038536,038536,KOBAYASHI SOFT INTERDENTAL BRUSH SSS-S,KOBAYASHI,,,,,,
6973391738125,738125,INTO YOU AIRY TOUCH MOIST LIP MUD C101,INTO YOU,,,,,,
6973391737753,737753,INTO YOU FIVE COLOR UNDER EYE PALETTE UF01,INTO YOU,,,,,,
6973391737760,737760,INTO YOU FIVE COLOR UNDER EYE PALETTE UF02,INTO YOU,,,,,,
6973391738149,738149,INTO YOU AIRY TOUCH MOIST LIP MUD C103,INTO YOU,,,,,,
6973391736800,736800,INTO YOU WATER MIST LIP GLAZE W14,INTO YOU,,,,,,
6973391737951,737951,INTO YOU SHERO SUPER MATTE LIP CHEEK MUD PD02,INTO YOU,,,,,,
6973391736824,736824,INTO YOU WATER MIST LIP GLAZE W16,INTO YOU,,,,,,
6973391736817,736817,INTO YOU WATER MIST LIP GLAZE W15,INTO YOU,,,,,,
6973391736794,736794,INTO YOU WATER MIST LIP GLAZE W13,INTO YOU,,,,,,
6973391738156,738156,INTO YOU AIRY TOUCH MOIST LIP MUD W101,INTO YOU,,,,,,
6973391738132,738132,INTO YOU AIRY TOUCH MOIST LIP MUD C102,INTO YOU,,,,,,
6973391737937,737937,INTO YOU SHERO SUPER MATTE LIP CHEEK MUD 342,INTO YOU,,,,,,
6973391738118,738118,INTO YOU AIRY TOUCH MOIST LIP MUD N101,INTO YOU,,,,,,
69733917323526973391737975,737975,INTO YOU SHERO SUPER MATTE LIP CHEEK MUD PD04 CANNED,INTO YOU,,,,,,
6973391733175,733175,INTO YOU Syrup Lip Gel G01,INTO YOU,,,,,,
6973391733199,733199,INTO YOU Syrup Lip Gel G03,INTO YOU,,,,,,
6973391733229,733229,INTO YOU Syrup Lip Gel G06,INTO YOU,,,,,,
6973391733236,733236,INTO YOU Syrup Lip Gel G07,INTO YOU,,,,,,
6973391733243,733243,INTO YOU Syrup Lip Gel G08,INTO YOU,,,,,,
4521121208756,208756,REMENT POKEMON NIGHTY NIGHT COLLECTION,,,,,,,
4521121208411,208411,REMENT POKEMON ROMANTIC COLLECTION,,,,,,,
4582547932724,932724,LOVISIA POKEMON CENTER ORIGINALl LIP BALM PIKACHU,LOVISIA,,,,,,
4582547932731,932731,LOVISIA POKEMON CENTER ORIGINAL LIP BALM JIGGLYPUFF,LOVISIA,,,,,,
4582547932748,932748,LOVISIA POKEMON CENTER ORIGINAL LIP BALM SNORLAX,LOVISIA,,,,,,
4582547932755,932755,LOVISIA POKEMON CENTER ORIGINAL LIP BALM GENGAR,LOVISIA,,,,,,
4589884963138,963138,KIRBY FACE MASK KRIBY,,,,,,,
4589884963145,963145,KIRBY FACE MASK WADDLE DEE,,,,,,,
4582547932786,932786,LOVISIA KIRBY LIP CREAM 01 STRAWBERRY,LOVISIA,,,,,,
4582547932793,932793,LOVISIA KIRBY LIP CREAM 02 PEACH,LOVISIA,,,,,,
4582547932809,932809,LOVISIA KIRBY LIP CREAM 03 CANDY,LOVISIA,,,,,,
4542202664438,664438,SMISKI MINI GLOW FIGURES SUNDAY,SMISKI,,,,,,
4971710314205,314205,KOSE SOFTYMO REMOVER SHEETS 10PCS,,,,,,,
4573267334370,334370,ITO CLEANSING TOWEL CUBE,,,,,,,
8809891183685,183685,BIODANCE VITA NIACINAMIDE GEL TONER PADS 60PADS,BIODANCE,,,,,,
8809891183678,183678,BIODANCE SEA KELP GEL TONER PADS 60 PADS,BIODANCE,,,,,,
4901301445605,445605,KAO MEGRHYTHM STEAM EYE MASK POKEMON SLEEP NEROLI SCENT (1PC),,,,,,,
8809642712232,712232,DR. JART+SOOTHING HYDRA SOLUTION SHEET MASK BY FOR UNISEX - 1PC MASK,,,,,,,
8809506310475,310475,S.NATURE AQUA OASIS TONER,S.NATURE,Active,,,,,
8809506310611,310611,S.NATURE AQUA SQUALANE SERUM,S.NATURE,,,,,,
8809506310406,310406,S.NATURE AQUA SQUALANE MOISTURIZING CREAM,S.NATURE,,,,,,
8809506310468,310468,S.NATURE AQUA SQUALANE MOISTURIZING CREAM 80ML,S.NATURE,Active,,,,,
8809647394129,394129,SOME BY MI SNAIL TRUECICA MIRACLE REPAIR TONER [150ml],,,,,,,
8809647394464,394464,SOME BY MI GALACTOMYCES GLUTATHIONE GLOW MILKY TONER [200ml],,,,,,,
8809647392583,392583,SOME BY MI RETINOL INTENSE ADVANCED TRIPLE ACTION EYE CREAM [30ml],,,,,,,
8809647390091,390091,SOME BY MI AHA-BHA-PHA 30 DAYS MIRACLE ACNE CLEAR FOAM [100ml],,,,,,,
8809647393245,393245,SOME BY MI YUJA NIACIN 30 DAYS BLEMISH CARE SERUM MASK,,,,,,,
8809647394136,394136,SOME BY MI GALACTOMYCES GLUTATHIONE GLOW SERUM MASK,,,,,,,
8809647390022,390022,SOME BY MI 30 DAYS TEA TREE CALMING GLOW LUMINOUS AMPOULE MASK,,,,,,,
8809647390046,390046,SOME BY MI HYALURON MOISTURIZING GLOW LUMINOUS AMPOULE MASK,,,,,,,
8809647390060,390060,SOME BY MI RED DIAMOND BRIGHTENING GLOW LUMINOUS AMPOULE MASK,,,,,,,
8809647391456,391456,SOME BY MI REAL VITAMIN BRIGHTENING CARE MASK,,,,,,,
8809647391463,391463,SOME BY MI REAL GLUTATHIONE BRIGHTENING CARE MASK,,,,,,,
8809647391470,391470,SOME BY MI REAL HYALURON HYDRA CARE MASK,,,,,,,
8809647391487,391487,SOME BY MI REAL ALOE SOOTHING CARE MASK,,,,,,,
8809647391494,391494,SOME BY MI REAL CICA CALMING CARE MASK,,,,,,,
8809647391500,391500,SOME BY MI REAL TEATREE CALMING CARE MASK,,,,,,,
8809647391524,391524,SOME BY MI REAL SUPER MATCHA PORE CARE MASK,,,,,,,
8809647391531,391531,SOME BY MI REAL HONEY LUMINOUS CARE MASK,,,,,,,
8809647391548,391548,SOME BY MI REAL SNAIL SKIN BARRIER CARE MASK,,,,,,,
8809647391517,391517,SOME BY MI REAL AHA-BHA-PHA CALMING CARE MASK,,,,,,,
6973391732819,732819,INTO YOU CUSTOMIZED AIRY LIP MUD W8,INTO U JP,,,,,,
6973391732826,732826,INTO YOU CUSTOMIZED AIRY LIP MUD W9,INTO U JP,,,,,,
6938582346671,346671,INTO YOU NINE-COLOR EYESHADOW PALETTE EP01,INTO U JP,,,,,,
6938582346688,346688,INTO YOU NINE-COLOR EYESHADOW PALETTE EP02,INTO U JP,,,,,,
6975242809640,809640,JUDYDOLL TRACELESS CLOUD-TOUCH#00,JUDYDOLL,,,,,,
6975242809657,809657,JUDYDOLL TRACELESS CLOUD-TOUCH#01,JUDYDOLL,,,,,,
6975242809664,809664,JUDYDOLL TRACELESS CLOUD-TOUCH#02,JUDYDOLL,,,,,,
69764367798246978647800168,800168,JUDYDOLL-2 IN 1 HIGHLIGHTER CONTOUR PALETTE 02,JUDYDOLL,,,,,,
6975242809626,809626,JUDYDOLL CLOUD SOFT SEAMLESS CONCEALER PALETTE-#01 LIGHT,JUDYDOLL,,,,,,
6975242803792,803792,JUDYDOLL DEWY LIP BALM-#01,JUDYDOLL,,,,,,
6976436777462,777462,JUDYDOLL ICE WATERY LIP GLOSS 4,JUDYDOLL,,,,,,
6976436777493,777493,JUDYDOLL ICE WATERY LIP GLOSS 7,JUDYDOLL,,,,,,
6976436777516,777516,JUDYDOLL ICE WATERY LIP GLOSS 10,JUDYDOLL,,,,,,
6976436773525,773525,JUDYDOLL AUTO DEFINE EYEBROW PENCIL 01 ASH BROWN,JUDYDOLL,,,,,,
6976436773549,773549,JUDYDOLL AUTO DEFINE EYEBROW PENCIL 03 SOFT BROWN,JUDYDOLL,,,,,,
6976436777479,777479,JUDYDOLL ICE WATERY LIP GLOSS 5,JUDYDOLL,,,,,,
6976436771439,771439,JUDYDOLL PRECISE DRAWING EYELINER PEN - 03 Medium Brown(NEW FORMULA),JUDYDOLL,,,,,,
4549660871859,871859,BANDAI SANRIO BATH BALL,BANDAI,,,,,,
4549660964148,964148,BANDAI DORAEMON BATH BALL,BANDAI,,,,,,
4550516495556,495556,SHISEIDO TSUBAKI PREMIUM EX DAMAGE CARE REPAIR SHAMPOO TREATMENT SET,SHISEIDO,,,,,,
4987241199556,199556,ROHTO HADALABO ROHTO GOKUJYN HYALURONIC ACID CLEANSING FOAM,ROHTO,Active,,,,,
4550516502810,502810,SHISEIDO TSUBAKI PREMIUM MOIST REPAIR SHAMPOO CONDITIONER SET,SHISEIDO,,,,,,
4550516491398,491398,SHISEIDO SENKA PREMIUM PERFECT WHIP CLEAR,SHISEIDO,Active,,,,,
4571501178667,178667,MAISON DE MILLEFÉE PAINTING HAND CREAM 01 WOMAN WITH A PARASOL,MILLEFEE,,,,,,
4571501178674,178674,MAISON DE MILLEFÉE PAINTING HAND CREAM 02 WATER LILIES,MILLEFEE,,,,,,
4571501178681,178681,MAISON DE MILLEFÉE PAINTING HAND CREAM 03 IRÈNE CAHEN D’ANVERS,MILLEFEE,,,,,,
4571501178698,178698,MAISON DE MILLEFEE PAINTING HAND CREAM 04 LAMOUR ET PSYCHE,MILLEFEE,,,,,,
4571501179114,179114,MILLEFEE PAINTING GEL EYELINER 01 BLACK,MILLEFEE,,,,,,
4571501179121,179121,MILLEFEE PAINTING GEL EYELINER 02 DARK BROWN,MILLEFEE,,,,,,
4571501179138,179138,MILLEFEE PAINTING GEL EYELINER 03 MOCHA BROWN,MILLEFEE,,,,,,
4571501179145,179145,MILLEFEE PAINTING GEL EYELINER 04 CHIFFON PINK,MILLEFEE,,,,,,
4571501178216,178216,DISPLAY –MILLEFEE JUICY VEIL JELLY TINT 01–04 (NEW LOGO),MILLEFEE,,,,,,
4571501178919,178919,DISPLAY – MAISON DE MILLEFEE PAINTING HAND CREAM 01–04,MILLEFEE,,,,,,
4571501179381,179381,MILLEFEE PAINTING GEL EYELINER 01–04,MILLEFEE,,,,,,
4550516493644,493644,SHISEIDO HAND CREAM MORE DEEP JAR,SHISEIDO,Active,,,,,
4550516494498,494498,SHISEIDO UNO EXTREME HARD HAIR STYLING CREAM 80G,SHISEIDO,,,,,,
4550516494504,494504,SHISEIDO UNO HYBRID HARD HAIR STYLING CREAM 80G,SHISEIDO,,,,,,
4550516494528,494528,SHISEIDO UNO MATTE EFFECTOR HAIR STYLING CREAM 80G,SHISEIDO,,,,,,
4901301218445,218445,KAO ESSENTIAL MOIST & SMOOTH SHAMPOO & CONDITIONER MINI SET,KAO,,,,,,
4901872831302,831302,SHISEIDO SUPER MILD SHAMPOO & CONDITIONER MINI SET,SHISEIDO,,,,,,
4542202664742,664742,SMISKI MINI GLOW FIGURES BIRTHDAY,SMISKI,,,,,,
4901417672698,672698,KRACIE NAIVE FACIAL CLEANSING FOAM YUZU 120G,KRACIE,Active,,,,,
4901417672681,672681,KRACIE NAIVE FACIAL CLEANSING FOAM GREENTEA 120G,KRACIE,Active,,,,,
4901417672674,672674,KRACIE NAIVE FACIAL CLEANSING FOAM PEACH 120G,KRACIE,Active,,,,,
4521121152769,152769,CINNAMOROLL SECRET CLOSET,SANRIO,,,,,,
4550516494535,494535,SHISEIDO UNO WET EFFECTOR HAIR WAX,SHISEIDO,,,,,,
6977374991064,991064,JUJUTSU KAISEN-BLIND CAT PLUSH,Funbox,,,,,,
4571501177295,177295,MILLEFEE MY KITTY MOBILE PHONE GRIP STAND SIBERIAN,MILLEFEE,,,,,,
4571501177318,177318,MILLEFEE MY KITTY MOBILE PHONE GRIP STAND SCOTTISH FOLD,MILLEFEE,,,,,,
4571501177301,177301,MILLEFEE MY KITTY MOBILE PHONE GRIP STAND AMERICAN SHORTHAIR,MILLEFEE,,,,,,
4901433081641,081641,ISEHAN KISSME SPEEDY MASCARA REMOVER,ISEHAN,Active,,,,,
8800288641979,641979,TIRTIR AZELAIC ACID 12% SERUM,TIRTIR,,,,,,
8800288643690,643690,TIRTIR ICE-COOLING TONER PACK PADS,TIRTIR,,,,,,
8809540517533,517533,ISNTREE HYALURONIC ACID TONER 200ml,ISNTREE,,,,,,
8809540517540,517540,ISNTREE HYALURONIC ACID TONER 400ml,ISNTREE,,,,,,
8809540517557,517557,ISNTREE HYALURONIC ACID TONER PLUS 200ml,ISNTREE,,,,,,
8809474498151,498151,ISNTREE HYALURONIC ACID WATER MIST 100ml,ISNTREE,,,,,,
8809626566431,566431,ISNTREE HYALURONIC ACID WATER ESSENCE 50ml,ISNTREE,,,,,,
8809686383566,383566,ISNTREE HYALURONIC ACID AQUA GEL CREAM 100ml,ISNTREE,,,,,,
8809686383559,383559,ISNTREE HYALURONIC ACID MOIST CREAM 100ml,ISNTREE,,,,,,
8809686389391,389391,ISNTREE HYALURONIC ACID LOW-pH CLEANSING FOAM 150ml,ISNTREE,,,,,,
8809800940637,940637,ISNTREE ULTRA-LOW MOLECULAR HYALURONIC ACID TONER 300ml,ISNTREE,,,,,,
8809800940644,940644,ISNTREE ULTRA-LOW MOLECULAR HYALURONIC ACID SERUM 50ml,ISNTREE,,,,,,
8809541190438,190438,ISNTREE ALOE SOOTHING TONER 200ml,ISNTREE,,,,,,
8809541190247,190247,ISNTREE ALOE SOOTHING EMULSION 120ml,ISNTREE,,,,,,
8809236798093,798093,ISNTREE ALOE SOOTHING GEL MOISTURE 150ml,ISNTREE,,,,,,
8809800940699,940699,ISNTREE ALOE SOOTHING GEL FRESH TYPE 300ml,ISNTREE,,,,,,
8809541190421,190421,ISNTREE GREEN TEA FRESH TONER 200ml,ISNTREE,,,,,,
8809738322154,322154,ISNTREE GREEN TEA FRESH SERUM 50ml,ISNTREE,,,,,,
8809187049350,049350,ISNTREE C-NIACIN TONING AMPOULE 50ml,ISNTREE,,,,,,
8809187049428,049428,ISNTREE C-NIACIN TONING CREAM 50ml,ISNTREE,,,,,,
8809800940156,940156,ISNTREE CHESTNUT BHA 0.9% CLEAR TONER 200ml,ISNTREE,,,,,,
8809800940149,940149,ISNTREE CHESTNUT AHA 8% CLEAR ESSENCE 100ml,ISNTREE,,,,,,
8809800940774,940774,ISNTREE HYPER NIACINAMIDE 20 SERUM,ISNTREE,,,,,,
8809800940798,940798,ISNTREE HYPER RETINOL EX 1.0 SERUM,ISNTREE,,,,,,
8809800940880,940880,ISNTREE HYPER ACID 4 AHA BHA PHA LHA 30 SERUM 20ml,ISNTREE,,,,,,
8809695678448,678448,VT REEDLE SHOT 700,VT,,,,,,
8803463003500,003500,VT REEDLE SHOT 1000,VT,,,,,,
8803463007546,007546,VT HYDROP REEDLE SHOT 100hL,VT,,,,,,
8803463006396,006396,VT RETI-A REEDLE SHOT 100,VT,,,,,,
8803463003692,003692,VT COLLAGEN REEDLE SHOT 100,VT,,,,,,
8803463006020,006020,VT MILD REEDLE SHOT 50 2-STEP MASK,VT,,,,,,
8803463006037,006037,VT REEDLE SHOT 100 2-STEP MASK,VT,,,,,,
8803463006044,006044,VT REEDLE SHOT 300 2-STEP MASK,VT,,,,,,
8803463006051,006051,VT REEDLE SHOT 700 2-STEP MASK,VT,,,,,,
8803463006068,006068,VT REEDLE SHOT 1000 2-STEP MASK,VT,,,,,,
8803463007607,007607,VT HYDROP REEDLE SHOT 100hL 2 STEP MASK,VT,,,,,,
8803463007614,007614,VT HYDROP REEDLE SHOT 300hL 2 STEP MASK,VT,,,,,,
8803463007621,007621,VT HYDROP REEDLE SHOT 700hL 2 STEP MASK,VT,,,,,,
8803463007867,007867,VT PRO CICA REEDLE SHOT 100 2STEP HYDROGEL MASK,VT,,,,,,
8803463007416,007416,VT COLLAGEN REEDLE SHOT 100 2STEP MASK,VT,,,,,,
8803463007409,007409,VT VITA-LIGHT REEDLE SHOT 100 2STEP HYDROGEL MASK,VT,,,,,,
8803463007386,007386,VT RETI-A REEDLE SHOT 100 2STEP HYDROGEL MASK,VT,,,,,,
8803463007379,007379,VT HYDROP REEDLE SHOT 100hL 2STEP HYDROGEL MASK,VT,,,,,,
8803463006150,006150,VT REEDLE SHOT EX COLLAGEN MODELING PACK,VT,,,,,,
8803463006143,006143,VT REEDLE SHOT EX CICA MODELING PACK,VT,,,,,,
8803463006167,006167,VT REEDLE SHOT EX VITAMIN MODELING PACK,VT,,,,,,
8803463006174,006174,VT REEDLE SHOT EX HYALURONIC MODELING PACK,VT,,,,,,
8809559624031,624031,"VT SPOT PATCH (3sets, 48ea)",VT,,,,,,
8809598452800,452800,COSRX ALL ABOUT SNAIL,COSRX,,,,,,
6973374353086,353086,SONNY ANGEL MOFUSAND HIPPERS,Funbox,,,,,,
6973374351938,351938,SONNY ANGEL HARVEST,Funbox,,,,,,
6973374352591,352591,SONNY ANGEL LOOKING BACK,Funbox,,,,,,
6973374351921,351921,SONNY ANGEL ANIMAL HIPPPERS,Funbox,,,,,,
4542202653753,653753,SONNY ANGEL VEGETABLE,Funbox,,,,,,
6973374351945,351945,SONNY ANGEL DREAMING,Funbox,,,,,,
6976416418514,418514,AMORTALS HEAVENLY SOFT & STRONG CLEANSING TOWLETTES (CANADIAN CUSTOMIZATION),AMORTALS,Active,,,,,
8809696354693,354693,JMSOLUTION BIO-COLLAGEN PDRN FIRMING MASK [1pc 8809696354686],JMSOLUTION,,,,,,
8809696354716,354716,JMSOLUTION BIO-MULTI HYA WATERFULL MASK [1pc 8809696354709],JMSOLUTION,,,,,,
8809696354730,354730,JMSOLUTION BIO-CICA MADE CALMING MASK [1pc 8809696354723],JMSOLUTION,,,,,,
8809696354754,354754,JMSOLUTION BIO-VITA DUO BRIGHTENING MASK [1pc 8809696354747],JMSOLUTION,,,,,,
8809794739491,739491,JMSOLUTION MARINE LUMINOUS BLACK PEARL BALANCING MASK PLUS [1pc 8809794739484],JMSOLUTION,,,,,,
8809794736575,736575,JMSOLUTION WATER LUMINOUS SILKY COCOON MASK PLUS [1pc 8809794736568],JMSOLUTION,,,,,,
8809505543492,543492,JMSOLUTION WATER LUMINOUS AVOCADO OIL AMPOULE MASK PLUS [1pc 8809505543485],JMSOLUTION,,,,,,
8809852542650,542650,JMSOLUTION WATER LUMINOUS S.O.S AMPOULE MASK PLUS [1pc 8809852542643],JMSOLUTION,,,,,,
8809803532587,532587,LANEIGE LIP SLEEPING MASK EX_SPIDER BEAR 20g,,,,,,,
8809652582481,582481,FWEE LIP&CHEEK BLURRY PUDDING POT OH!,FWEE,,,,FWEE-P2-R1,,
8809652582504,582504,FWEE LIP&CHEEK BLURRY PUDDING POT WITHOUT,FWEE,,,,FWEE-P2-R1,,
8809652582511,582511,FWEE LIP&CHEEK BLURRY PUDDING POT MY,FWEE,,,,FWEE-P2-R1,,
8809652582528,582528,FWEE LIP&CHEEK BLURRY PUDDING POT BE,FWEE,,,,FWEE-P2-R1,,
8809652582535,582535,FWEE LIP&CHEEK BLURRY PUDDING POT DEAR,FWEE,,,,FWEE-P1-R1,,
8809652582542,582542,FWEE LIP&CHEEK BLURRY PUDDING POT BOY,FWEE,,,,FWEE-P1-R1,,
8809652582566,582566,FWEE LIP&CHEEK BLURRY PUDDING POT SEVENTEEN,FWEE,,,,FWEE-P1-R1,,
8809652582573,582573,FWEE LIP&CHEEK BLURRY PUDDING POT GIRLS,FWEE,,,,FWEE-P1-R1,,
8809652582610,582610,FWEE LIP&CHEEK BLURRY PUDDING POT CRUSH,FWEE,,,,FWEE-P1-R1,,
8809652582627,582627,FWEE LIP&CHEEK BLURRY PUDDING POT STH,FWEE,,,,FWEE-P1-R1,,
8809652582641,582641,FWEE LIP&CHEEK BLURRY PUDDING POT MULE,FWEE,,,,FWEE-P1-R1,,
8809652582658,582658,FWEE LIP&CHEEK BLURRY PUDDING POT AMBITIOUS,FWEE,,,,FWEE-P1-R1,,
8809652582665,582665,FWEE LIP&CHEEK BLURRY PUDDING POT FAV,FWEE,,,,FWEE-P1-R1,,
8809652582689,582689,FWEE LIP&CHEEK BLURRY PUDDING POT CHILL'N,FWEE,,,,FWEE-P2-R1,,
8809652582757,582757,FWEE LIP&CHEEK BLURRY PUDDING POT FADED,FWEE,,,,FWEE-P1-R1,,
8809652582764,582764,FWEE LIP&CHEEK BLURRY PUDDING POT MEMORIES,FWEE,,,,FWEE-P1-R1,,
8809652582771,582771,FWEE LIP&CHEEK BLURRY PUDDING POT FILM,FWEE,,,,FWEE-P1-R1,,
8809652582832,582832,FWEE 3D VOLUMING GLOSS A05 CURRANT 30%,FWEE,,,,FWEE-P2-R2,,
8809652585659,585659,FWEE LIP&CHEEK BLURRY PUDDING POT BS01 COOL 5G,FWEE,,,,FWEE-P2-R1,,
8809652585666,585666,FWEE LIP&CHEEK BLURRY PUDDING POT BS02 INTO 5G,FWEE,,,,FWEE-P2-R1,,
8809652582917,582917,FWEE 3D CHANGING GLOSS 00 CLEAR,FWEE,,,,FWEE-P1-R3,,
8809652585673,585673,FWEE LIP&CHEEK BLURRY PUDDING POT BS03 BUBBLE 5G,FWEE,,,,FWEE-P2-R1,,
8809652585680,585680,FWEE LIP&CHEEK BLURRY PUDDING POT BS04 BREEZE 5G,FWEE,,,,FWEE-P2-R1,,
8809652585697,585697,FWEE LIP&CHEEK BLURRY PUDDING POT BS05 WAVY 5G,FWEE,,,,FWEE-P2-R1,,
8809652585567,585567,FWEE LIP&CHEEK GLOWY JELLY POT JN01 LAVENDER WHIP,FWEE,,,,,,
8809652585628,585628,FWEE LIP&CHEEK GLOWY JELLY POT JN02 MILKY,FWEE,,,,,,
8809652585758,585758,FWEE LIP&CHEEK GLOWY JELLY POT JN03 CUSTARD,FWEE,,,,,,
8809652585536,585536,FWEE LIP&CHEEK GLOWY JELLY POT JC01 HONEY PEACH,FWEE,,,,,,
8809652585598,585598,FWEE LIP&CHEEK GLOWY JELLY POT JC02 MELLOW MANGO,FWEE,,,,,,
8809652585734,585734,FWEE LIP&CHEEK GLOWY JELLY POT JC03 JUICY PUNCH,FWEE,,,,,,
8809652585543,585543,FWEE LIP&CHEEK GLOWY JELLY POT JP01 SUGAR COAT,FWEE,,,,,,
8809652585604,585604,FWEE LIP&CHEEK GLOWY JELLY POT JP02 LOLLY,FWEE,,,,,,
8809652585741,585741,FWEE LIP&CHEEK GLOWY JELLY POT JP03 SWEETS,FWEE,,,,,,
8809652585550,585550,FWEE LIP&CHEEK GLOWY JELLY POT JR01 SQUEEZED,FWEE,,,,,,
8809652585611,585611,FWEE LIP&CHEEK GLOWY JELLY POT JR02 SOUR GUMMY,FWEE,,,,,,
8809652585727,585727,FWEE LIP&CHEEK GLOWY JELLY POT JR03 CHERRY PPO,FWEE,,,,,,
8809652585581,585581,FWEE LIP&CHEEK GLOWY JELLY POT JM01 COMPOTE,FWEE,,,,,,
8809652585642,585642,FWEE LIP&CHEEK GLOWY JELLY POT JM02 BERRY JAM,FWEE,,,,,,
8809652585772,585772,FWEE LIP&CHEEK GLOWY JELLY POT JM03 CREAM TEA,FWEE,,,,,,
8809652585574,585574,FWEE LIP&CHEEK GLOWY JELLY POT JS01 ROSY GLAZE,FWEE,,,,,,
8809652585635,585635,FWEE LIP&CHEEK GLOWY JELLY POT JS02 CARAMELIZED,FWEE,,,,,,
8809652585765,585765,FWEE LIP&CHEEK GLOWY JELLY POT JS03 COUVERTURE,FWEE,,,,,,
8809652585987,585987,FWEE PINK OBSESSION STAY-FIT LIP TINT G02 LAVENDER PINK 3.8g,FWEE,,,,FWEE-P2-R3,,
8809652585963,585963,FWEE PINK OBSESSION STAY-FIT LIP TINT G04 NICHE PINK 3.8G,FWEE,,,,FWEE-P2-R3,,
8809652586007,586007,FWEE PINK OBSESSION STAY-FIT LIP TINT M01 CREAM PINK 3.8G,FWEE,,,,FWEE-P2-R3,,
8809652586090,586090,FWEE PINK OBSESSION STAY-FIT LIP TINT M03 SELFIE PINK 3.8G,FWEE,,,,FWEE-P2-R3,,
8809652586069,586069,FWEE PINK OBSESSION STAY-FIT LIP TINT G07 KITSCH PINK 3.8G,FWEE,,,,FWEE-P2-R3,,
8809652586120,586120,FWEE PINK OBSESSION STAY-FIT LIP TINT G10 BEAT PINK 3.8G,FWEE,,,,FWEE-P2-R3,,
8809652585994,585994,FWEE PINK OBSESSION STAY-FIT LIP TINT G01 MILK PINK 3.8G,FWEE,,,,FWEE-P2-R3,,
8809652586021,586021,FWEE PINK OBSESSION STAY-FIT LIP TINT G06 WAY PINK 3.8G,FWEE,,,,FWEE-P2-R3,,
8809652585956,585956,FWEE PINK OBSESSION STAY-FIT LIP TINT M04 NEED PINK 3.8G,FWEE,,,,FWEE-P2-R3,,
8809652586052,586052,FWEE PINK OBSESSION STAY-FIT LIP TINT M07 CATCH PINK 3.8G,FWEE,,,,FWEE-P2-R3,,
8809652586076,586076,FWEE PINK OBSESSION STAY-FIT LIP TINT M08 PIG PINK 3.8G,FWEE,,,,FWEE-P2-R3,,
8809652582795,582795,FWEE 3D VOLUMING GLOSS A01 VANILLA 30%,FWEE,,,,FWEE-P2-R2,,
8809652582801,582801,FWEE 3D VOLUMING GLOSS A02 SORBET 30%,FWEE,,,,FWEE-P2-R2,,
8809652582818,582818,FWEE 3D VOLUMING GLOSS A03 CANDY 30%,FWEE,,,,FWEE-P2-R2,,
8809652582825,582825,FWEE 3D VOLUMING GLOSS A04 AENGDU 30%,FWEE,,,,FWEE-P2-R2,,
8809652582849,582849,FWEE 3D VOLUMING GLOSS A06 SCOTCH 30%,FWEE,,,,FWEE-P2-R2,,
8809652582856,582856,FWEE 3D VOLUMING GLOSS B01 VANILLA 70%,FWEE,,,,FWEE-P2-R2,,
8809652582900,582900,FWEE 3D VOLUMING GLOSS B06 SCOTCH 70%,FWEE,,,,FWEE-P2-R2,,
8809652588612,588612,FWEE 3D VOLUMING GLOSS B07 PEACH 70% 5.3G,FWEE,,,,FWEE-P2-R2,,
8809652588629,588629,FWEE 3D VOLUMING GLOSS B08 ROZY 70% 5.3G,FWEE,,,,FWEE-P2-R2,,
8809652588636,588636,FWEE 3D VOLUMING GLOSS B09 LYCHEE 70% 5.3G,FWEE,,,,FWEE-P2-R2,,
8809652588643,588643,FWEE 3D VOLUMING GLOSS B10 YOGURT 70% 5.3G,FWEE,,,,FWEE-P2-R2,,
8809652588650,588650,FWEE 3D VOLUMING GLOSS B11 TARO 70% 5.3G,FWEE,,,,FWEE-P2-R2,,
8800312060936,060936,FWEE 3D VOLUMING TINT 01 SWEETIE DEW,FWEE,,,,FWEE-P1-R3,,
8800312060929,060929,FWEE 3D VOLUMING TINT 02 VANILLA DEW,FWEE,,,,FWEE-P1-R3,,
8800312060943,060943,FWEE 3D VOLUMING TINT 03 WITHDEWOUT,FWEE,,,,FWEE-P1-R3,,
8800312060950,060950,FWEE 3D VOLUMING TINT 04 MELBA DEW,FWEE,,,,FWEE-P1-R3,,
8800312060967,060967,FWEE 3D VOLUMING TINT 05 STRAWBERRY POP,FWEE,,,,FWEE-P1-R3,,
8800312060974,060974,FWEE 3D VOLUMING TINT 06 BERRY POP,FWEE,,,,FWEE-P1-R3,,
8800312060981,060981,FWEE 3D VOLUMING TINT 07 PEACH POP,FWEE,,,,FWEE-P1-R3,,
8800312060998,060998,FWEE 3D VOLUMING TINT 08 RYCHEE POP,FWEE,,,,FWEE-P1-R3,,
8800312061001,061001,FWEE 3D VOLUMING TINT 09 APPLE DIP,FWEE,,,,FWEE-P1-R3,,
8800312061025,061025,FWEE 3D VOLUMING TINT 10 CHERRY DIP,FWEE,,,,FWEE-P1-R3,,
8800312061018,061018,FWEE 3D VOLUMING TINT 11 PLUM DIP,FWEE,,,,FWEE-P1-R3,,
8800312061032,061032,FWEE 3D VOLUMING TINT 12 FIG DIP,FWEE,,,,FWEE-P1-R3,,
8809652582924,582924,FWEE 3D CHANGING GLOSS 01 SCENE BLACK,FWEE,,,,FWEE-P1-R3,,
8809652587738,587738,FWEE GLITZ STONE HIGHLIGHTER HL01 FEVER GARNET 5.9G,FWEE,,,,FWEE-P1-R2,,
8809652587745,587745,FWEE GLITZ STONE HIGHLIGHTER HL02 HEROINE PURPLE 4.6G,FWEE,,,,FWEE-P1-R2,,
8809652587752,587752,FWEE GLITZ STONE HIGHLIGHTER HL03 MARINE BABY 4.6G,FWEE,,,,FWEE-P1-R2,,
8809652587769,587769,FWEE GLITZ STONE HIGHLIGHTER HL04 QUEEN DIAMOND 5.9G,FWEE,,,,FWEE-P1-R2,,
8809652587783,587783,FWEE GLITZ STONE HIGHLIGHTER HL06 BLISS SHELL 5.6G,FWEE,,,,FWEE-P1-R2,,
8809652587790,587790,FWEE GLITZ STONE HIGHLIGHTER HL07 RUBY REBORN 6.0G,FWEE,,,,FWEE-P1-R2,,
8809652587820,587820,FWEE GLITZ STONE HIGHLIGHTER HL09 LOVE QUARTZ 4.G,FWEE,,,,FWEE-P1-R2,,
8809652587844,587844,FWEE GLITZ STONE HIGHLIGHTER HL11 ROYAL TOPAZ 5.6G,FWEE,,,,FWEE-P1-R2,,
8809652587851,587851,FWEE GLITZ STONE HIGHLIGHTER HL12 MERRY AURORA 5.2G,FWEE,,,,FWEE-P1-R2,,
8809652588803,588803,FWEE POCKET EYE PALETTE EP01 CANDY FLOSS 6.6G,FWEE,,,,,,
8809652588810,588810,FWEE POCKET EYE PALETTE EP02 YOGURT PEACH 6.6G,FWEE,,,,,,
8809652588827,588827,FWEE POCKET EYE PALETTE EP03 STRAWBERRY WHIP 6.6G,FWEE,,,,,,
8809652588834,588834,FWEE POCKET EYE PALETTE EP04 SALTY CARAMEL 6.6G,FWEE,,,,,,
8809652588841,588841,FWEE POCKET EYE PALETTE EP05 GRAPE BONBON 6.6G,FWEE,,,,,,
8809652588766,588766,FWEE POCKET CHEEK PALETTE CP01 PINK&SODA 9.6G,FWEE,,,,,,
8809652588773,588773,FWEE POCKET CHEEK PALETTE CP02 STRAWBERRY&LEMON 9.6G,FWEE,,,,,,
8809652588780,588780,FWEE POCKET CHEEK PALETTE CP03 POMELO&PEACH 9.6G,FWEE,,,,,,
8809652588797,588797,FWEE POCKET CHEEK PALETTE CP04 GRAPE&BERRY 9.6G,FWEE,,,,,,
8809652582931,582931,FWEE 3D CHANGING GLOSS 02 SCENE LAVENDER,FWEE,,,,FWEE-P1-R3,,
8809652582948,582948,FWEE 3D CHANGING GLOSS 03 SCENE YELLOW,FWEE,,,,FWEE-P1-R3,,
4901301450128,450128,KAO MERIT KIDS FOAM SHAMPOO,KAO,Active,,,,,
4901301450142,450142,KAO MERIT KIDS HAIR REPAIR CREAM,KAO,Active,,,,,
4521121208695,208695,REMENT POKEMON GEMSTONE COLLECTION,REMENT,,,,,,
8809611863576,863576,LAKA Tint Pouch Key Ring (GWP),LAKA,,,,,,
8809611863569,863569,LAKA HEART POUCH KEY RING (GWP),LAKA,,,,,,
8809611863583,863583,LAKA HAIR COMB MIRROR KEY RING (GWP),LAKA,,,,,,
8800258089749,089749,ROMAND CHEMI HEART ADVENT CALENDAR 01 WARM,ROMAND,Order,,,,,
8800258089756,089756,ROMAND CHEMI HEART ADVENT CALENDAR 02 COOL,ROMAND,Order,,,,,
8809732910289,910289,MIXSOON SOONDY CENTELLA ASIATICA ESSENCE [100ml],MIXSOON,,,,,,
8809732914379,914379,MIXSOON SOONDY CENTELLA ASIATICA ESSENCE [30ML],MIXSOON,,,,,,
8809268158438,158438,MIXSOON MUNG BEAN SEED ESSENCE [100ML],MIXSOON,,,,,,
8809268158445,158445,MIXSOON BIFIDA FERMENT ESSENCE [100ML],MIXSOON,,,,,,
8809732913969,913969,MIXSOON BIFIDA FERMENT ESSENCE [30ML],MIXSOON,,,,,,
8809268158452,158452,MIXSOON GALACTOMYCES FERMENT ESSENCE [100ML],MIXSOON,,,,,,
8809732913945,913945,MIXSOON GALACTOMYCES FERMENT ESSENCE [30ML],MIXSOON,,,,,,
8809268158469,158469,MIXSOON BETA-GLUCAN ESSENCE [100ML],MIXSOON,,,,,,
8809732913976,913976,MIXSOON BETA-GLUCAN ESSENCE [30ML],MIXSOON,,,,,,
8809268158476,158476,MIXSOON REISHI MUSHROOM ESSENCE [100ML],MIXSOON,,,,,,
8809268158483,158483,MIXSOON NONI FRUIT ESSENCE [100ML],MIXSOON,,,,,,
8809732914010,914010,MIXSOON NONI FRUIT ESSENCE [30ML],MIXSOON,,,,,,
8809268158490,158490,MIXSOON LOTUS FLOWER ESSENCE [100ML],MIXSOON,,,,,,
8809732910012,910012,MIXSOON HINOKI ESSENCE [100ML],MIXSOON,,,,,,
8809732910258,910258,MIXSOON HINOKI ESSENCE [30ML],MIXSOON,,,,,,
8809732910142,910142,MIXSOON PANAX GINSENG ROOT ESSENCE [100ML],MIXSOON,,,,,,
8809732913983,913983,MIXSOON PANAX GINSENG ROOT ESSENCE [30ML],MIXSOON,,,,,,
8809732910302,910302,MIXSOON HEARTLEAF ESSENCE [100ML],MIXSOON,,,,,,
8809732914003,914003,MIXSOON HEARTLEAF ESSENCE [30ML],MIXSOON,,,,,,
8809732910685,910685,MIXSOON DAISY ESSENCE [100ML],MIXSOON,,,,,,
8809732914034,914034,MIXSOON DAISY ESSENCE [30ML],MIXSOON,,,,,,
8809732910159,910159,MIXSOON BEAN ESSENCE [50ML],MIXSOON,,,,,,
8809732911880,911880,MIXSOON BEAN ESSENCE [30ML],MIXSOON,,,,,,
8809732910135,910135,MIXSOON GALACTOMYCES TONER [300ML],MIXSOON,,,,,,
8809732910128,910128,MIXSOON BIFIDA TONER [300ML],MIXSOON,,,,,,
8809732910111,910111,MIXSOON CENTELLA ASIATICA TONER [300ML],MIXSOON,,,,,,
8809732910364,910364,MIXSOON HEARTLEAF TONER [300ML],MIXSOON,,,,,,
8809732912382,912382,MIXSOON BEAN TONER [300ML],MIXSOON,,,,,,
8809732911569,911569,MIXSOON HEARTLEAF TONER [150ML],MIXSOON,,,,,,
8809732911583,911583,MIXSOON CENTELLA ASIATICA TONER [150ML],MIXSOON,,,,,,
8809732911576,911576,MIXSOON BIFIDA TONER [150ML],MIXSOON,,,,,,
8809732912375,912375,MIXSOON PANAX GINSENG ROOT TONER [150ML],MIXSOON,,,,,,
8809732911781,911781,MIXSOON CICATREE CLEAN TONER,MIXSOON,,,,,,
8809732910296,910296,MIXSOON PURE LACTO INNER CLEANSER [200ML],MIXSOON,,,,,,
8809732912450,912450,MIXSOON GLACIER WATER HYALURONIC ACID SERUM [100ML],MIXSOON,,,,,,
8809732912528,912528,MIXSOON SOYBEAN MILK SERUM [50ML],MIXSOON,,,,,,
8809732910661,910661,MIXSOON BEAN CREAM [50ML],MIXSOON,,,,,,
8809732912320,912320,MIXSOON BEAN EYE CREAM [20ML],MIXSOON,,,,,,
8809732913334,913334,MIXSOON BEAN HYDROGEL EYE PATCH [60EA],MIXSOON,,,,,,
8809732913341,913341,MIXSOON CICA-HYAL HYDROGEL EYE PATCH [60EA],MIXSOON,,,,,,
8809732913358,913358,MIXSOON COLLAGEN HYDROGEL EYE PATCH [60EA],MIXSOON,,,,,,
8809732912757,912757,MIXSOON DAILY MASK PACK MONDAY [1PC 8809732913068],MIXSOON,,,,,,
8809732912764,912764,MIXSOON DAILY MASK PACK TUESDAY [1PC 8809732913051],MIXSOON,,,,,,
8809732912771,912771,MIXSOON DAILY MASK PACK WEDNESDAY [1PC 8809732913044],MIXSOON,,,,,,
8809732912788,912788,MIXSOON DAILY MASK PACK THURSDAY [1PC 8809732913037],MIXSOON,,,,,,
8809732912795,912795,MIXSOON DAILY MASK PACK FRIDAY [1PC 8809732913020],MIXSOON,,,,,,
8809732912801,912801,MIXSOON DAILY MASK PACK SATURDAY [1PC 8809732913013],MIXSOON,,,,,,
8809732912818,912818,MIXSOON DAILY MASK PACK SUNDAY [1PC 8809732913006],MIXSOON,,,,,,
8809732914522,914522,MIXSOON BEAN HYDROGEL MASK PACK [1PC 8809732914492],MIXSOON,,,,,,
8809732912214,912214,MIXSOON CENTELLA CLEANSING FOAM [150ML],MIXSOON,,,,,,
8809732911163,911163,MIXSOON CALMING BOOSTING MIST [50ML],MIXSOON,,,,,,
8800258080753,080753,NUSE MOUSSE CARE CHEEK HANDY 99 DOWN,NUSE,,,,,,
8800258080784,080784,NUSE MOUSSE CARE CHEEK HANDY 02 FAIRY BLUSH,NUSE,,,,,,
8800258080777,080777,NUSE MOUSSE CARE CHEEK HANDY 01 MANDARINE PANG,NUSE,,,,,,
8800258080760,080760,NUSE MOUSSE CARE CHEEK HANDY 00 UP,NUSE,,,,,,
8809625249434,249434,NUSE CARE LIPTUAL COOLOWER COLLECTION C03 HAZE BEIGE,NUSE,,,,,,
8809625249403,249403,NUSE CARE LIPTUAL COOLOWER COLLECTION C00 CODE NAME COLD,NUSE,,,,,,
8809625248161,248161,NUSE CARE LIPTUAL 08 COOLISH,NUSE,,,,,,
8809625248741,248741,NUSE MOUSSE LIPTUAL 06 PLUM ME,NUSE,,,,,,
8800258086564,086564,NUSE CARE TONE UP HANDY 01 MILK,NUSE,,,,,,
8809625247072,247072,NUSE LIQUID CARE CHEEK 02 FIG FOG,NUSE,,,,,,
8809625247102,247102,NUSE LIQUID CARE CHEEK 05 VEIL BAY,NUSE,,,,,,
8809625248130,248130,NUSE LIQUID CARE CHEEK 06 MUHLY BOWL,NUSE,,,,,,
8809625247119,247119,NUSE CARE TONE-UP 01 PEACH,NUSE,,,,,,
8809625247126,247126,NUSE CARE TONE-UP 02 IVORY,NUSE,,,,,,
8809625247140,247140,NUSE CARE TONE-UP 03 MINT,NUSE,,,,,,
8800258080814,080814,NUSE MOUSSE CARE CHEEK HANDY 05 DIMDUMB 10G,NUSE,,,,,,
8800258080791,080791,NUSE MOUSSE CARE CHEEK HANDY 03 SHY ME 10G,NUSE,,,,,,
8809625249410,249410,NUSE CARE LIPTUAL COOLOWER COLLECTION C01 MORE LILAC,NUSE,,,,,,
8809625248710,248710,NUSE MOUSSE LIPTUAL 03 BARE BEIGE,NUSE,,,,,,
8809625247003,247003,NUSE CARE LIPTUAL 01 MOLTEN PEANUT,NUSE,,,,,,
8809625247010,247010,NUSE CARE LIPTUAL 02 BY SUNSET,NUSE,,,,,,
8809625247041,247041,NUSE CARE LIPTUAL 05 COOL BABE,NUSE,,,,,,
8809625248178,248178,NUSE CARE LIPTUAL 09 DEEPIN CHERRY,NUSE,,,,,,
8809625248697,248697,NUSE MOUSSE LIPTUAL 01 KITCH PINK,NUSE,,,,,,
8809625247027,247027,NUSE CARE LIPTUAL 03 REDISH HUH,NUSE,,,,,,
8800258080913,080913,NUSE MOUSSE CARE CHEEK 05 CREMA MAUVE,NUSE,,,,,,
8809625248765,248765,NUSE MOUSSE CARE CHEEK 02 PINK TOPPER,NUSE,,,,,,
8800258087370,087370,NUSE MOUSSE CARE CHEEK 06 HEARTY,NUSE,,,,,,
8809625248789,248789,NUSE MOUSSE CARE CHEEK 01 TARO MOUSSE,NUSE,,,,,,
8809625248758,248758,NUSE MOUSSE CARE CHEEK 03 NUDY NOOP,NUSE,,,,,,
8809625247133,247133,NUSE CARE TONE-UP 04 MILK,NUSE,,,,,,
8800258086922,086922,NUSEREJU LIP GLOSS DAZZLE GRAPE,NUSE,,,,,,
8800258086946,086946,NUSE REJU LIP GLOSS PEPTY COCO,NUSE,,,,,,
8800258086892,086892,NUSE REJU LIP GLOSS OOLONG PEACH,NUSE,,,,,,
8800258086915,086915,NUSE REJU LIP GLOSS APPLE BLENDED,NUSE,,,,,,
8800258086885,086885,NUSE REJU LIP GLOSS VERI BLUE,NUSE,,,,,,
8800258086175,086175,NUSE MOUSSE CARE CHEEK HANDY 03 SHY ME,NUSE,,,,,,
8809625247065,247065,NUSE LIQUID CARE CHEEK 01 DAZZLE GINGER,NUSE,,,,,,
8800258086182,086182,NUSE MOUSSE CARE CHEEK HANDY 05 DIMDUMB,NUSE,,,,,,
8809625248147,248147,NUSE LIQUID CARE CHEEK 07 PLUM POT,NUSE,,,,,,
8800258086557,086557,NUSE CARE TONE UP HANDY 01 IVORY,NUSE,,,,,,
8809625247201,247201,NUSE COLOR CARE LIPBALM 06 WE ARE NUSE,NUSE,,,,,,
8809625247157,247157,NUSE COLOR CARE LIPBALM 01 FRENCH NUDE,NUSE,,,,,,
8809625247195,247195,NUSE COLOR CARE LIPBALM 05 MAUVE MOVE,NUSE,,,,,,
8809625247171,247171,NUSE COLOR CARE LIPBALM 03 SO RED,NUSE,,,,,,
6972763514602,514602,OUT OF OFFICE HIGHLIGHT&COUTURE MULTI-USE PALETTE,OUT-OF-OFFICE,,,,,,
6972763514510,514510,OUT OF OFFICE COLOUR&GLOW DUO STICK Y01,OUT-OF-OFFICE,,,,,,
6972763514626,514626,OUT OF OFFICE GLOWFIX SCULPTING STICK X02,OUT-OF-OFFICE,,,,,,
6972763514947,514947,OUT OF OFFICE GLOWFIX SCULPTING STICK G01,OUT-OF-OFFICE,,,,,,
6977208194623,194623,ACKC LONG-LASTING MIRROR MULTI PURPOSE LIP GLOSS 04 SODA OOLONG,WOW ACKC,,,,,,
6977208194593,194593,ACKC LONG-LASTING MIRROR MULTI PURPOSE LIP GLOSS 01 LIGHT TEA MILK APRICOT,WOW ACKC,,,,,,
8809652583211,583211,NUMBUZIN No.1 PANTOTHENIC B5 ACTIVE SOOTHING SERUM,NUMBUZIN,Active,,,,,
8809652589718,589718,NUMBUZIN No.2 ROSE PDRN COLLAGEN PLUMPING SERUM,NUMBUZIN,,,,,,
8809652589725,589725,NUMBUZIN NO.2X ROSE PDRN COLLAGEN SERUM,NUMBUZIN,Active,,,,,
8809652580036,580036,NUMBUZIN NO.3 SKIN SOFTENING SERUM,NUMBUZIN,,,,,,
8809652589749,589749,NUMBUZIN NO.4 CERAMIDE AHA GLAZED SKIN PREP SERUM,NUMBUZIN,Active,,,,,
8809652587639,587639,NUMBUZIN NO.9 NAD+ BIO LIFTING-SIL ESSENCE,NUMBUZIN,,,,,,
8809652581774,581774,NUMBUZIN NO.5+ VITAMIN SERUM,NUMBUZIN,Active,,,,,
8809652589619,589619,NUMBUZIN NO.9 NAD+ COLLAGEN UNDER EYE PATCHES 5EA,NUMBUZIN,,,,,,
8809928139555,139555,"TESTER - MASK FIT RED CUSHION 3 SHADE TRIAL KIT 1g*3EA(10C, 13C, 13N)",TIRTIR,,,,,,
8809928139562,139562,"TESTER - MASK FIT RED CUSHION 3 SHADE TRIAL KIT 1g*3EA(15C, 17C, 17N）",TIRTIR,,,,,,
8809928139579,139579,"TESTER - MASK FIT RED CUSHION 3 SHADE TRIAL KIT 1g*3EA(17N, 21N, 23N)",TIRTIR,,,,,,
8809928139586,139586,"TESTER - MASK FIT RED CUSHION 3 SHADE TRIAL KIT 1g*3EA(21N, 21W, 22C)",TIRTIR,,,,,,
8809928139593,139593,"TESTER - MASK FIT RED CUSHION 3 SHADE TRIAL KIT 1g*3EA(21N, 22N, 22W)",TIRTIR,,,,,,
8809928139609,139609,"TESTER - MASK FIT RED CUSHION 3 SHADE TRIAL KIT 1g*3EA(23N, 24N, 24W)",TIRTIR,,,,,,
8809928139616,139616,"TESTER - MASK FIT RED CUSHION 3 SHADE TRIAL KIT 1g*3EA(24N, 25N, 27C)",TIRTIR,,,,,,
8809928139623,139623,"TESTER - MASK FIT RED CUSHION 3 SHADE TRIAL KIT 1g*3EA(27N, 28N, 29C)",TIRTIR,,,,,,
8809928139630,139630,"TESTER - MASK FIT RED CUSHION 3 SHADE TRIAL KIT 1g*3EA(29N, 30N, 31N)",TIRTIR,,,,,,
8809928139647,139647,"TESTER - MASK FIT RED CUSHION 3 SHADE TRIAL KIT 1g*3EA(33N, 33W, 34W)",TIRTIR,,,,,,
8809928139654,139654,"TESTER - MASK FIT RED CUSHION 3 SHADE TRIAL KIT 1g*3EA(34W, 35N, 37C)",TIRTIR,,,,,,
8809928139661,139661,"TESTER - MASK FIT RED CUSHION 3 SHADE TRIAL KIT 1g*3EA(40N, 43N, 45N)",TIRTIR,,,,,,
8809928139678,139678,"TESTER - MASK FIT RED CUSHION 3 SHADE TRIAL KIT 1g*3EA(43N, 45N, 45W)",TIRTIR,,,,,,
8809928139685,139685,"TESTER - MASK FIT RED CUSHION 3 SHADE TRIAL KIT 1g*3EA(47N, 51N, 55N)",TIRTIR,,,,,,
BL01ESE00480004000,004000,(SACHETS) SKIN1004 MADAGASCAR CENTELLA AMPOULE 1.5ML,SKIN1004,,,,,,
BL01CLP00480012000,012000,(SACHETS) SKIN1004 MADAGASCAR CENTELLA AMPOULE FOAM 1.5ML,SKIN1004,,,,,,
BL01SER00480004000,004000,(SACHETS) SKIN1004 MADAGASCAR CENTELLA HYALU-CICA BLUE SERUM 1.5ML,SKIN1004,,,,,,
BL01TNR00480020000,020000,(SACHETS) SKIN1004 MADAGASCAR CENTELLA HYALU-CICA BRIGHTENING TONER 1.5ML,SKIN1004,,,,,,
BL01AMP00480036000,036000,(SACHETS) SKIN1004 MADAGASCAR CENTELLA HYALU-CICA FIRST AMPOULE 1.5ML,SKIN1004,,,,,,
BL01WAC00480015000,015000,(SACHETS) SKIN1004 MADAGASCAR CENTELLA HYALU-CICA MOISTURE CREAM 1.5ML,SKIN1004,,,,,,
BL01SLP00480004000,004000,(SACHETS) SKIN1004 MADAGASCAR CENTELLA HYALU-CICA SLEEPING PACK 1.5ML,SKIN1004,,,,,,
BL01CLO00480011000,011000,(SACHETS) SKIN1004 MADAGASCAR CENTELLA LIGHT CLEANSING OIL 2ML,SKIN1004,,,,,,
BL01CLP00480021000,021000,(SACHETS) SKIN1004 MADAGASCAR CENTELLA POREMIZING DEEP CLEANSING FOAM 1.5ML,SKIN1004,,,,,,
BL01TNR00480043000,043000,(SACHETS) SKIN1004 MADAGASCAR CENTELLA POREMIZING CLEAR TONER 1.5ML,SKIN1004,,,,,,
BL01AMP00480035000,035000,(SACHETS) SKIN1004 MADAGASCAR CENTELLA POREMIZING FRESH AMPOULE 1.5ML,SKIN1004,,,,,,
BL01WAC00480014000,014000,(SACHETS) SKIN1004 MADAGASCAR CENTELLA POREMIZING LIGHT GEL CREAM 1.5ML,SKIN1004,,,,,,
BL01TNR00480044000,044000,(SACHETS) SKIN1004 MADAGASCAR CENTELLA QUICK CALMING PAD 2 ML,SKIN1004,,,,,,
BL01CLP00480024000,024000,(SACHETS) SKIN1004 MADAGASCAR CENTELLA TEA-TRICA BHA FOAM 1.5ML,SKIN1004,,,,,,
BL01TNR00480040000,040000,(SACHETS) SKIN1004 MADAGASCAR CENTELLA TEA-TRICA PURIFYING TONER 1.5ML,SKIN1004,,,,,,
BL01AMP00480032000,032000,(SACHETS) SKIN1004 MADAGASCAR CENTELLA TEA-TRICA RELIEF AMPOULE 1.5ML,SKIN1004,,,,,,
BL01WAC00480019000,019000,(SACHETS) SKIN1004 MADAGASCAR CENTELLA TEA-TRICA B5 CREAM 1.5ML,SKIN1004,,,,,,
BL01TNR00480042000,042000,(SACHETS) SKIN1004 MADAGASCAR CENTELLA TONE BRIGHTENING BOOSTING TONER 1.5ML,SKIN1004,,,,,,
BL01AMP00480034000,034000,(SACHETS) SKIN1004 MADAGASCAR CENTELLA TONE BRIGHTENING CAPSULE AMPOULE 1.5ML,SKIN1004,,,,,,
BL01CLP00480017000,017000,(SACHETS) SKIN1004 MADAGASCAR CENTELLA TONE BRIGHTENING CLEANSING GEL FOAM 1.5ML,SKIN1004,,,,,,
BL01ESE00480005000,005000,(SACHETS) SKIN1004 MADAGASCAR CENTELLA TONING TONER 1.5ML,SKIN1004,,,,,,
BL01TNR00480047000,047000,(SACHETS) SKIN1004 MADAGASCAR CENTELLA PROBIO-CICA ESSENСE TONER 1.5ML,SKIN1004,,,,,,
BL01AMP00480040000,040000,(SACHETS) SKIN1004 MADAGASCAR CENTELLA PROBIO-CICA INTENSIVE AMPOULE 1.5ML,SKIN1004,,,,,,
BL01NRC00480005000,005000,(SACHETS) SKIN1004 MADAGASCAR CENTELLA PROBIO-CICA ENRICH CREAM 1.5ML,SKIN1004,,,,,,
BL01NRC00480010000,010000,(SACHETS) SKIN1004 MADAGASCAR CENTELLA PROBIO-CICA BAKUCHIOL EYE CREAM 1.5ML,SKIN1004,,,,,,
8800288641269,641269,TIRTIR GLIDE & HIDE BLURRING CONCEALER 0.5 N,TIRTIR,,,,,,
8800288641290,641290,TIRTIR GLIDE & HIDE BLURRING CONCEALER 2 C,TIRTIR,,,,,,
8800288641344,641344,TIRTIR GLIDE & HIDE BLURRING CONCEALER 4.5 N,TIRTIR,,,,,,
8800288643751,643751,TIRTIR GLIDE & HIDE BLURRING CONCEALER 4.7 C,TIRTIR,,,,,,
8800288641375,641375,TIRTIR GLIDE & HIDE BLURRING CONCEALER 6.5 N,TIRTIR,,,,,,
8800288641382,641382,TIRTIR GLIDE & HIDE BLURRING CONCEALER 7 N,TIRTIR,,,,,,
8800288641412,641412,TIRTIR GLIDE & HIDE BLURRING CONCEALER 8 W,TIRTIR,,,,,,
8800288643744,643744,TIRTIR GLIDE & HIDE BLURRING CONCEALER 8.5 N,TIRTIR,,,,,,
8800288641443,641443,TIRTIR GLIDE & HIDE BLURRING CONCEALER 9 N,TIRTIR,,,,,,
8800288642471,642471,TIRTIR MASK FIT RED FOUNDATION 10C SHELL,TIRTIR,,,,,,
8800288642495,642495,TIRTIR MASK FIT RED FOUNDATION 13N FAIR IVORY,TIRTIR,,,,,,
8800288642518,642518,TIRTIR MASK FIT RED FOUNDATION 17C PORCELAIN,TIRTIR,,,,,,
8800288642532,642532,TIRTIR MASK FIT RED FOUNDATION 21C COOL IVORY,TIRTIR,,,,,,
8800288642549,642549,TIRTIR MASK FIT RED FOUNDATION 21N IVORY,TIRTIR,,,,,,
8800288642556,642556,TIRTIR MASK FIT RED FOUNDATION 21W NATURAL IVORY,TIRTIR,,,,,,
8800288642563,642563,TIRTIR MASK FIT RED FOUNDATION 22N SHELL BEIGE,TIRTIR,,,,,,
8800288642570,642570,TIRTIR MASK FIT RED FOUNDATION 23N SAND,TIRTIR,,,,,,
8800288642587,642587,TIRTIR MASK FIT RED FOUNDATION 24N LATTE,TIRTIR,,,,,,
8800288642617,642617,TIRTIR MASK FIT RED FOUNDATION 25N MOCHA,TIRTIR,,,,,,
8800288642648,642648,TIRTIR MASK FIT RED FOUNDATION 28N OAT,TIRTIR,,,,,,
8800288642679,642679,TIRTIR MASK FIT RED FOUNDATION 33C HAZEL,TIRTIR,,,,,,
8800288642693,642693,TIRTIR MASK FIT RED FOUNDATION 34W TOFFEE,TIRTIR,,,,,,
8800288642709,642709,TIRTIR MASK FIT RED FOUNDATION 37N PEANUT ALMOND,TIRTIR,,,,,,
8800288642723,642723,TIRTIR MASK FIT RED FOUNDATION 43N DEEP COCOA,TIRTIR,,,,,,
8809928137650,137650,TIRTIR WATERISM GLOW TINT 10 HEART BERRY,TIRTIR,,,,,,
8809928137667,137667,TIRTIR WATERISM GLOW TINT 11 APPLUM,TIRTIR,,,,,,
8809928137674,137674,TIRTIR WATERISM GLOW TINT 12 RICH RUSH,TIRTIR,,,,,,
8809928137698,137698,TIRTIR WATERISM GLOW TINT 14 ROSE BELL,TIRTIR,,,,,,
8809928137704,137704,TIRTIR WATERISM GLOW TINT 15 GRAPEN,TIRTIR,,,,,,
6975542270591,270591,LELA LADYBRO Gardenia Flower Hand Cream,,Active,,,,,
6975542270607,270607,LELA LADYBRO White Tea hand cream,,Active,,,,,
4589546896507,896507,VICREA &HONEY SAVON CLEAR GEL BODY WASH,VICREA,Active,,,,,
8809652585789,585789,FWEE LIP CHEEK GLOWY JELLY POT JHOO SUGAR POWDER,FWEE,,,,,,
4550516494443,494443,SHISEIDO SENKA ALL CLEAR DOUBLE WASH 2IN1,SHISEIDO,,,,,,
4550516494382,494382,SHISEIDO SENKA ALL CLEAR OIL 230ML,SHISEIDO,Active,,,,,
8809750463705,463705,Abib Gummy sheet mask Madecassoside Sticker,,,,,,,
8809750463767,463767,Abib Gummy sheet mask Collagen milk Sticker,,,,,,,
8809750463729,463729,Abib Gummy sheet mask Heartleaf Sticker,,,,,,,
8809750463682,463682,Abib Gummy sheet mask Vita Sticker,,,,,,,
8809562558286,558286,Gummy sheet mask Sedum hyaluron sticker,,,,,,,
8809738593431,593431,Abib Mild acidic pH sheet mask Jericho rose fit,,,,,,,
8809030733368,733368,Abib Mild acidic pH sheet mask Aqua fit,,,,,,,
8809030733344,733344,Abib Mild acidic pH sheet mask Honey fit,,,,,,,
8809624725731,725731,Abib Mild acidic pH sheet mask Heartleaf fit,,,,,,,
8809562558842,558842,Abib Mild acidic pH sheet mask Glutathiosome fit,,,,,,,
8809864762275,762275,Abib Collagen gel mask Sedum jelly,,,,,,,
8809864762299,762299,Abib Collagen gel mask Jericho rose jelly,,,,,,,
8809864762398,762398,Abib Heartleaf Spot pad Calming Touch,,,,,,,
8809849803641,803641,Abib Jericho rose collagen pad_Firming touch,,,,,,,
8809864760097,760097,Sedum hyaluron pad Hydrating touch,,,,,,,
8809562558101,558101,Abib Green LHA pore pad clear touch,,,,,,,
8809652583112,583112,FWEE FINGERLIKE SILICONE LIP BRUSH,FWEE,,,,,,
8809652585710,585710,FWEE FINGERLIKE SILICONELIP BRUSH SLIM,FWEE,,,,,,
8809652588711,588711,FWVEE OVERSIZED SILICONE JUMBO BRUSH,FWEE,,,,,,
4550516493590,493590,SHISEIDO FINO PREMIUM TOUCH HAIR OIL,SHISEIDO,Active,,,,,
8809264725146,725146,ISOI ACNI Dr. 1st Speedy Spot 14ml,ISOI,,,,,,
8809264739037,739037,ISOI ACNI DR. 1ST CONTROL SERUM 40ML,ISOI,,,,,,
8809264736555,736555,ISOI Blemish Care Up Serum 35ml,ISOI,,,,,,
8809264741849,741849,ISOI Blemish Care Eye & Wrinkle Patch,ISOI,,,,,,
4901301214614,214614,KAO BIORE CLEANSING COTTON MOIST TRAVEL SET,KAO,,,,,,
4901301206350,206350,KAO BIORE BODY WASH & BODY TOWEL TRAVEL SET,KAO,,,,,,
4901301281739,281739,KAO BIORE BODY WASH & SHAMPOO & TOOTHBRUSH & TOOTHPASTE TRAVEL SET,KAO,,,,,,
4542202670033,670033,HIPPERS MONCHHICHI MINI GLOW FIGURES,REMENT,,,,,,
4589546897733,897733,VICREA &HONEY PURE MOIST FOAM BODY WASH SET 500ML+440ML,honey,Active,,,,,
4521121700403,700403,RE-MENT FIGURE RILAKKUMA ROOM,REMENT,,,,,,
4521121209074,209074,RE-MENT FIGURE LANTERN DIORAMA COLLECTION,REMENT,,,,,,
4521121251370,251370,RE-MENT FIGURE CHRISTMAS NIGHT,REMENT,,,,,,
4521121152783,152783,REMENT FIGURE EVERYDAY POMPOMPURIN COLLECTION,REMENT,,,,,,
4521121173474,173474,REMENT FIGURE SUMIKKO BENTO LUNCH BOX,REMENT,,,,,,
4521121152561,152561,REMENT FIGURE SANRIO CINNAMOROLL TERRARIUM COLLECTION,REMENT,,,,,,
4521121152660,152660,REMENT FIGURE KUROMI WORDS COLLECTION,REMENT,,,,,,
4521121251356,251356,REMENT FIGURE SNOOPY AMERICAN SWEETS SHOP,REMENT,,,,,,
4521121251271,251271,REMENT FIGURE SNOOPY WREATH COLLECTION,REMENT,,,,,,
4521121208657,208657,REMENT FIGURE SWING KIRBY,REMENT,,,,,,
4521121209319,209319,REMENT FIGURE KIRBY CAFE,REMENT,,,,,,
4521121209333,209333,REMENT FIGURE TERRARIUM COLLECTION KIRBY,REMENT,,,,,,
4521121207674,207674,REMENT FIGURE KIRBYU PUPUPU MARKET,REMENT,,,,,,
4521121209098,209098,REMENT FIGURE POKEMON FOREST SERIES,REMENT,,,,,,
4521121207230,207230,REMENT FIGURE POKEMON TERRARIUM COLLECTION,REMENT,,,,,,
4521121207834,207834,REMENT FIGURE HATSUNE MIKU SCENERY DOME,REMENT,,,,,,
4521121207612,207612,REMENT FIGURE HATSUNE MIKU SECRET WONDERLAND,REMENT,,,,,,
4580133872515,872515,PHARMA21 VOLUME CONTROL SHAMPOO PLUS 600ML,PHARMA21,Active,,,,,
4580133872768,872768,PHARMA21 REFRESH SHAMPOO PLUS 600ML,PHARMA21,Active,,,,,
4580133873383,873383,PHARMA21 MOIST SMOOTHING SHAMPOO 600ML,PHARMA21,Active,,,,,
4580133873390,873390,PHARMA21 MOIST SMOOTHING TREATMENT 600ML,PHARMA21,Active,,,,,
8809625242114,242114,ROMAND ZERO MATTE LIPSTICK 06 AWESOME,ROMAND,,,,,,
8809625242121,242121,ROMAND ZERO MATTE LIPSTICK 07 ENVY ME,ROMAND,,,,,,
8809625242138,242138,ROMAND ZERO MATTE LIPSTICK 08 ADORABLE,ROMAND,,,,,,
8809625242145,242145,ROMAND ZERO MATTE LIPSTICK 09 SHELL NUDE,ROMAND,,,,,,
8809625242169,242169,ROMAND ZERO MATTE LIPSTICK 11 SUNLIGHT,ROMAND,,,,,,
8809625242176,242176,ROMAND ZERO MATTE LIPSTICK 12 SOMETHING,ROMAND,,,,,,
8809625244521,244521,ROMAND BLUR FUDGE TINT 08 CURRANT JAM,ROMAND,,,,,,
8809625245245,245245,ROMAND BLUR FUDGE TINT 09 CORAL JUBILEE,ROMAND,,,,,,
8809937360834,360834,BIODANCE BIO-COLLAGEN REAL DEEP MASK 1 PC,,,,,,,
8809937360629,360629,BIODANCE HYDRO CERA-NOL REAL DEEP MASK 1PC,,,,,,,
8809937361459,361459,BIODANCE RADIANT VITA NIACINAMIDE REAL DEEP MASK 1 PC,,,,,,,
8809937361473,361473,BIODANCE REFRESHING SEA KELP REAL DEEP MASK 1 PC,,,,,,,
8809264736982,736982,ISOI Blemish Care Eye Concentrate 17ml,ISOI,,,,,,
8809784601746,601746,TORRIDEN CELLMAZING FIRMING CREAM,TORRIDEN,Active,,,,,
8809784601753,601753,TORRIDEN CELLMAZING FIRMIGN GEL MASK 1 Pcs,TORRIDEN,,,,,,
8809784602194,602194,TORRIDEN CELLMAZING VC MASK [1pc 8809784602187],TORRIDEN,,,,,,
4560364939485,939485,MICHE BLOOMIN FALSE EYELASHES No. 209,MICHE BLOOMIN,,,,,,
4560364939492,939492,MICHE BLOOMIN FALSE EYELASHES No. 210,MICHE BLOOMIN,,,,,,
4560364939911,939911,MICHE BLOOMIN FALSE EYELASHES No. 211,MICHE BLOOMIN,,,,,,
4571501178759,178759,MILLEFEE JUICY GLOW BALM 01 LAVENDER KISS,MILLEFEE,,,,MILLEFEE-R1-P3,,
4571501178766,178766,MILLEFEE JUICY GLOW BALM 02 CHERRY GLAZE,MILLEFEE,,,,MILLEFEE-R1-P3,,
4571501178773,178773,MILLEFEE JUICY GLOW BALM 03 APRICOT SYRUP,MILLEFEE,,,,MILLEFEE-R1-P3,,
4571501178858,178858,MILLEFEE JUICY GLOW BALM 04 PETAL BEIGE,MILLEFEE,,,,MILLEFEE-R1-P3,,
8800240567354,567354,MEDICUBE ZERO PORE ONE DAY CREAM 50ml,MEDICUBE,,,,,,
8809981334928,334928,MEDICUBE ONE DAY EXOSOME SHOT PORE SERUM 2000 30ml,MEDICUBE,,,,,,
8809982768524,768524,MEDICUBE ONE DAY EXOSOME SHOT PORE SERUM 7500 30ml,MEDICUBE,,,,,,
8809960356767,356767,MEDICUBE ZERO PORE MUD MASK,MEDICUBE,,,,,,
8809517414315,414315,MEDICUBE ZERO PORE PAD MILD,MEDICUBE,,,,,,
8800256114283,114283,MEDICUBE ZERO PORE SERUM 2.0 37ML,MEDICUBE,,,,,,
8800240567330,567330,MEDICUBE ZERO PORE CREAM 2.0 50ml,MEDICUBE,,,,,,
8800240575298,575298,MEDICUBE ZERO FOAM CLEANSER 120ml,MEDICUBE,,,,,,
8800256109661,109661,MEDICUBE DEEP VITA C PAD,MEDICUBE,,,,,,
8800240579838,579838,MEDICUBE DEEP LIFTING PEPTIDE EYE CREAM FOR FACE 30ml,MEDICUBE,,,,,,
8809960356620,356620,MEDICUBE DEEP VITA A RETINOL SERUM,MEDICUBE,,,,,,
8800256114320,114320,MEDICUBE TRIPLE COLLAGEN TONER 4.0 140ml,MEDICUBE,,,,,,
8800256114313,114313,MEDICUBE TRIPLE COLLAGEN CREAM 4.0 50ml,MEDICUBE,,,,,,
8800256113217,113217,MEDICUBE COLLAGEN NIGHT WRAPPING MASK,MEDICUBE,,,,,,
8809982769903,769903,MEDICUBE COLLAGEN JELLY CREAM 110ml,MEDICUBE,,,,,,
8800256112227,112227,MEDICUBE COLLAGEN JELLY CREAM 50ml,MEDICUBE,,,,,,
8809981339206,339206,MEDICUBE COLLAGEN GLOW BOOSTER SERUM 15ml,MEDICUBE,,,,,,
8800256115365,115365,MEDICUBE PDRN PINK ONE DAY SERUM 1.5ml x 10pcs,MEDICUBE,,,,,,
8800256108053,108053,MEDICUBE PDRN PINK PEPTIDE SERUM 30ml,MEDICUBE,,,,,,
8800256112234,112234,MEDICUBE PDRN PINK CICA SOOTHING TONER 250ml,MEDICUBE,,,,,,
8800256113101,113101,MEDICUBE PDRN PINK HYALURONIC MOISTURIZING CREAM 50ml,MEDICUBE,,,,,,
8800256114979,114979,MEDICUBE PDRN BOOSTER GEL 300ml,MEDICUBE,,,,,,
8800240573188,573188,MEDICUBE GLUTATHIONE GLOW CAPSULE CREAM,MEDICUBE,,,,,,
8800256108046,108046,MEDICUBE PDRN PINK COLLAGEN GEL MASK 1EA,MEDICUBE,,,,,,
8800256113057,113057,MEDICUBE DEEP VITA C GLUTATHIONE MASK 1EA,MEDICUBE,,,,,,
8809517411741,411741,MEDICUBE COLLAGEN LIFTING MASK 1EA,MEDICUBE,,,,,,
6974146268560,268560,JOOCYEE LONG-LASTING GLOSSY ROUGE 561 NUDE BEIGE TEA,,,,,,,
4511413310243,310243,DHC COLOR LIP CREAM SHEER BORDEAUX,DHC,Active,,,,,
6976436778834,778834,JUDYDOLL-HIGHLIGHT AND CONTOUR FACE MAKEUP PALETTE (02),,,,,,,
6976526718382,718382,WOW COLOUR Classic Series crescent-shaped eyeliner brush,,,,,,,
6976526718269,718269,KOS Premium Series Comedone Extractor (Single Pack),,,,,,,
6976526717798,717798,WOW COLOUR Purple Mini Standing Mirror,,,,,,,
1310013811358,811358,WOW Black Shirt S,,,,,,,
1310013811359,811359,WOW Black Shirt M,,,,,,,
1310013811360,811360,WOW Black Shirt L,,,,,,,
1310013811361,811361,WOW Black Shirt XL,,,,,,,
1310013811353,811353,WOW Midi Skirt M,,,,,,,
1310013811354,811354,WOW Midi Skirt L,,,,,,,
1310013811355,811355,WOW Midi Skirt XL,,,,,,,
1310013811356,811356,WOW Midi Skirt XXL,,,,,,,
1310013811357,811357,WOW Midi Skirt XXXL,,,,,,,
1310152100008,100008,WOWBEAUTY Mesh Shopping Basket,,,,,,,
1310012001234,001234,wow colour Store Cotton Swabs (Single Package),,,,,,,
1310012000162,000162,WOW COLOUR Store Return and Exchange Record Form (100 sheets per book),,,,,,,
1303012300029,300029,WOW BEAUTY 2024 Pink Eco-friendly Shopping Bag - Small 200 packs,,,,,,,
1303012300031,300031,WOW BEAUTY 2024 Pink Eco-friendly Shopping Bag - Large 100 packs,,,,,,,
1310013810918,810918,WOW BEAUTY 2024 Pink Eco-friendly Shopping Bag - Large 100 packs,,,,,,,
1310013810919,810919,WOW BEAUTY 2024 Pink Eco-friendly Shopping Bag - Large 100 packs,,,,,,,
1310013811040,811040,WOW-BEAUTY ID Badge,,,,,,,
1310152300004,300004,WOW Sealing Tape,,,,,,,
6935407836874,836874,KOD’S Hyaluronic Acid Softening Hair Mask (Japanese Dry Landscape Style) 10g*5,,,,,,,
6949213600673,600673,Maruyuki Scented Niacinamide Essence Hand Cream (Japanese Dry Landscape) 50g Version 2.0,,,,,,,
6949213600680,600680,Maruyuki Fragrance Niacinamide Essence Hand Cream (Midsummer Breeze) 50g Version 2.0,,,,,,,
6949213600697,600697,Maruyuki Fragrance Niacinamide Essence Hand Cream (Sofa Daydream) 50g Version 2.0,,,,,,,
6937467652555,652555,KOD's Cleansing Balm 3g*6,,,,,,,
6938582373974,373974,INTOYOU LIP AND CHEEK TINT IN EM03#,,,,,,,
6973391737524,737524,INTO YOU SHERO SUPER MATTE LIP & CHEEK MUD -EM20,,,,,,,
6973391737920,737920,INTO YOU SHERO SUPER MATTE LIP & CHEEK MUD -302,,,,,,,
6973391737975,737975,INTO YOU SHERO SUPER MATTE LIP & CHEEK MUD -PD04,,,,,,,
6973391737562,737562,INTO YOU SHERO SUPER MATTE LIP & CHEEK MUD -EM05,,,,,,,
6973391738019,738019,INTO YOU SHERO SUPER MATTE LIP & CHEEK MUD -EM05（CAN),,,,,,,
6973391737401,737401,INTO YOU SHERO SUPER MATTE LIP & CHEEK MUD -EM08,,,,,,,
697339173058769385823222176973391737784,737784,INTO YOU SHERO SUPER MATTE LIP & CHEEK MUD EM15,INTO YOU,,,,,,
6973391731508,731508,INTO YOU CAN-PACKED LIP MUD LIP BRUSH (NEW),,,,,,,
6973391737968,737968,INTO YOU SHERO SUPER MATTE LIP & CHEEK MUD -PD03,INTO YOU,,,,,,
6938582373981,373981,INTO YOU LIP AND CHEEK DUAL-USE LIP CLAY #EM04,,,,,,,
6973391737500,737500,INTO YOU SHERO SUPER MATTE LIP & CHEEK MUD -EM13,,,,,,,
4511413310250,310250,DHC LIP CREAM SHEER RED,DHC,Active,,,,,
4511413310267,310267,DHC LIP CREAM SHEER ROSE PINK,DHC,Active,,,,,
4511413310281,310281,DHC LIP CREAM BOTANICAL,DHC,Active,,,,,
4550516491503,491503,SHISEIDO SENKA BEAUTY CLEAR OIL,SHISEIDO,Active,,,,,
4550516493583,493583,SHISEIDO FINO PREMIUM TOUCH RICH BEAUTY ESSENCE HAIR MASK F,SHISEIDO,,,,,,
4550516502834,502834,SHISEIDO TSUBAKI PREMIUM EX DAMAGE CARE & REPAIR SHAMPOO & CONDITIONER PUMP PAIR SET,SHISEIDO,,,,,,
4589546895715,895715,VICREA &HONEY DEEP MOIST GEL BODYWASH,VICREA,Active,,,,,
4589546895739,895739,VICREA &HONEY MELTY MOIST GEL BODYWASH,VICREA,Active,,,,,
4589546896767,896767,VICREA &HONEY COLOR CONTROL SHAMPOO,VICREA,Active,,,,,
4589546896774,896774,VICREA &HONEY COLOR CONTROL TREATMENT,VICREA,Active,,,,,
4589546897719,897719,VICREA &HONEY PURE MOIST FOAMING BODY WASH 500 ML,VICREA,Active,,,,,
4589546898198,898198,VICREA &HONEY MELLOW AIRY FOAM BODY WASH,VICREA,Active,,,,,
4901433141024,141024,ISEHAN KISS ME HEAVY ROTATION COLORING EYEBROW EX / 03 ASH BROWN,ISEHAN,,,,,,
4901433141031,141031,ISEHAN KISS ME HEAVY ROTATION COLORING EYEBROW EX 04 NATURAL BROWN,ISEHAN,Active,,,,,
4901433141055,141055,ISEHAN KISSME HEAVY ROTATION COLORING EYEBROW EX 08 ASH GRAY,ISEHAN,Active,,,,,
4977369612051,612051,DAILY AROMA SETOUCHI LEMON REED DIFFUSER 120ML,DAILY AROMA,Active,,,,,
4977369632370-tester,tester,DAILY AROMA SAKURA REED DIFFUSER 120ML-TESTER,DAILY AROMA,,,,,,
4977369632387,632387,DAILY AROMA KINMOKUSEI YUZU REED DIFFUSER 120ML,DAILY AROMA,Active,,,,,
8809640738401,738401,ANUA HEARTLEAF CLEANSING OIL 20ML,ANUA,,,,,,
8809640732805,732805,ANUA HEARTLEAF DAILY LOTION 20ML,ANUA,,,,,,
88096407355788809640739606,739606,ANUA HEARTLEAF QUERCETINOL CLEANSING FOAM 25ML,ANUA,,,,,,
8809640731792,731792,ANUA HEARTLEAF SOOTHING TONER 40ML,ANUA,,,,,,
8809640733734,733734,ANUA HEARTLEAF SUCCINIC CLEANSING FOAM 25ML,ANUA,,,,,,
8809640736568,736568,ANUA RICE MILKY TONER 40ML,ANUA,,,,,,
8809913832041,832041,SKIN1004 MADAGASCAR CENTELLA HYALU-CICA HYDRATING MASK 23ML (5EA),SKIN1004,,,,,,
8809913831327,831327,SKIN1004 MADAGASCAR CENTELLA POREMIZING CLARIFYING MASK 23ML (5EA),SKIN1004,,,,,,
8809913832010,832010,SKIN1004 MADAGASCAR CENTELLA PROBIO-CICA NOURISHING MASK 23ML (5EA),SKIN1004,,,,,,
8809913832065,832065,SKIN1004 MADAGASCAR CENTELLA TEA-TRICA RELAXING MASK (5EA),SKIN1004,,,,,,
8809913831440,831440,SKIN1004 MADAGASCAR CENTELLA TONE BRIGHTENING GLOW MASK 25ML (5EA),SKIN1004,,,,,,
8809652581132,581132,NUMBUZIN NO.4 ICY SOOTHING MASK,NUMBUZIN,,,,,,
8809652580845,580845,NUMBUZIN NO.3 TINGLE PORE SOFTENING MASK,NUMBUZIN,Active,,,,,
8809652582245,582245,NUMBUZIN NO.5+ GLUTATHIONE VC MASK,NUMBUZIN,Active,,,,,
8809784601883,601883,TORRIDEN CELLMAZING FIRMING GEL MASK 4P,TORRIDEN,Active,,,,,
8809784601999,601999,TORRIDEN CELLMAZING EYE CREAM,TORRIDEN,Active,,,,,
8809784602002,602002,TORRIDEN CELLMAZING VITA AMPOULE,TORRIDEN,Active,,,,,
8809784603467,603467,TORRIDEN CELLMAZING PORE PERFECTING AMPOULE 30ML,TORRIDEN,Active,,,,,
8809652588728,588728,NUMBUZIN NO 1 PANTOTHENIC B5 HYALURONIC MASK 1PC,NUMBUZIN,,,,,,
8809652589404,589404,NUMBUZIN NO.2 ROSE PDRN COLLAGEN PLUMPING SHEET MASK 1Pc,NUMBUZIN,,,,,,
8809652589527,589527,NUMBUZIN NO.2 ROSE PDRN OVERNIGHT COLLAGEN MASK 1Pc,NUMBUZIN,,,,,,
8809652580272,580272,NUMBUZIN NO.3 TINGLE-PORE SOFTENING SHEET MASK 1Pc,NUMBUZIN,,,,,,
8809652580449,580449,NUMBUZIN NO.4 ICY SOOTHING SHEET MASK 1Pc,NUMBUZIN,,,,,,
8809652582221,582221,NUMBUZIN NO.5+ GLUTATHIONE VITAMIN CONCENTRATED MASK 1Pc,NUMBUZIN,,,,,,
8809652587646,587646,NUMBUZIN NO.9 NAD BIO LIFTING FULL COVER FACIAL MASK 1Pc,NUMBUZIN,,,,,,
8809652580050,580050,NUMBUZIN NO.5 GOODBYE BLEMISH SERUM,NUMBUZIN,,,,,,
8809652580210,580210,NUMBUZIN NO.6 DEEP SLEEP MASK SERUM,NUMBUZIN,,,,,,
8809652580180,580180,NUMBUZIN NO.7 MILD GREEN SOOTHING SERUM,NUMBUZIN,,,,,,
8809652580173,580173,NUMBUZIN NO.8 GLOSSY ESSENCE SERUM,NUMBUZIN,,,,,,
8809652581453,581453,NUMBUZIN NO.1 PURE-FULL CALMING HERB TONER,NUMBUZIN,,,,,,
8809652580128,580128,NUMBUZIN NO.3 SUPER GLOWING ESSENCE TONER,NUMBUZIN,,,,,,
8809652581941,581941,NUMBUZIN NO.4 HYDRATING GLOW MINERAL TONER,NUMBUZIN,,,,,,
8809652583204,583204,NUMBUZIN NO.5+ VITAMIN BOOSTING ESSENTIAL TONER,NUMBUZIN,,,,,,
8809652589794,589794,NUMBUZIN NO.9+ NAD+ PDRN GLOW BOOSTING TONER,NUMBUZIN,,,,,,
8809652581460,581460,NUMBUZIN NO.1 CENTELLA RELEAF PAD,NUMBUZIN,Active,,,,,
8809652580982,580982,NUMBUZIN NO.3 RADIANCE GLOWING JUMBO ESSENCE PAD,NUMBUZIN,,,,,,
8809652580227,580227,NUMBUZIN NO.4 PORE ZERO PEEL EGG PAD,NUMBUZIN,Active,,,,,
8809652581781,581781,NUMBUZIN NO.5+ GLUTATHIONE VITAMIN CONCENTRATED TONER PADS,NUMBUZIN,,,,,,
8809652580135,580135,NUMBUZIN NO.1 EASY PEASY CLEANSING OIL,NUMBUZIN,,,,,,
8809652585062,585062,NUMBUZIN NO.5+ GLUTATHIONE VITAMIN FACIAL SPA CLEANSER,NUMBUZIN,,,,,,
8809652580234,580234,NUMBUZIN NO.2 DEEP CLEAN FRESH CREAM CLEANSER,NUMBUZIN,,,,,,
8809652581644,581644,NUMBUZIN NO.3 PORE & MAKEUP CLEANSING BALM WITH GREEN TEA AND CHARCOAL,NUMBUZIN,,,,,,
8809652583228,583228,NUMBUZIN NO.1 PANTOTHENIC B5 ACTIVE SOOTHING CREAM,NUMBUZIN,,,,,,
8809652581279,581279,NUMBUZIN NO.2 CICA CERAMIDE REPAIR CREAM,NUMBUZIN,,,,,,
8809652581255,581255,NUMBUZIN NO.3 VELVET BEAUTY CREAM,NUMBUZIN,,,,,,
8809652581262,581262,NUMBUZIN NO.4 FULL-NUTRIENT FIRMING CREAM,NUMBUZIN,,,,,,
8809652585055,585055,NUMBUZIN NO.5+ GLUTATHIONE VITAMIN CREAM,NUMBUZIN,,,,,,
8809652580593,580593,NUMBUZIN NO.3 PORE RESET AMPOULE,NUMBUZIN,,,,,,
8809652584386,584386,NUMBUZIN NO.5+ GLUTATHIONE VITAMIN CONCENTRATED SERUM(GL),NUMBUZIN,,,,,,
8809652589800,589800,NUMBUZIN NO.9 NAD+ RETINOL VOLUMETOX EYE CREAM,NUMBUZIN,,,,,,
4521121208534,208534,REMENT POKEMON DREAMY MOONLIT NIGHT,REMENT,,,,,,
4521121208176,208176,REMENT POKEMON VINTAGE COLLECTION,REMENT,,,,,,
4521121209173,209173,REMENT POKEMON SWING VIGNETTE COLLECTION VOL.4,REMENT,,,,,,
4542202670071,670071,REMENT CHiiKAWA HIPPERS FIGURE,REMENT,,,,,,
4571501178063,178063,DISPLAY - MILLEFEE MEOW PAWS EYESHADOW PALETTE 01-04 NEW LOGO VER,MILLEFEE,,,,,,
8800288643713,643713,TIRTIR ICE-COOLING CLOUD CREAM,TIRTIR,,,,,,
8800288643706,643706,TIRTIR ICE-COOLING WATER DROP SERUM,TIRTIR,,,,,,
8809652585703,585703,FWEE FINGERLIKE SILICONE LIP BRUSH MINI,FWEE,,,,,,
6950386621693,621693,BUYDEEM MINI TEA MAKER K32,BUYDEEM,,,,,,
4542202670019,670019,Sonny Angel A Mofusand Hippers Series,Funbox,,,,,,
8809652587653,587653,NUMBUZIN NO.9 BIO LIFTING SIL FACE MASK,NUMBUZIN,Active,,,,,
4570110291934,291934,OFF&RELAX SANDALWOOD HAIR SET,OFF&RELAX,,,,,,
6978531761940,761940,TOYZEROPLUS LULU THE PIGGY LUCKY CAT SERIES,Funbox,,,,,,
4580748420934,420934,INTO U Rotational Eyeshadow Palette AS・S01,,,,,,,
4580748421528,421528,INTO U Multi-Palette CN01,,,,,,,
4580748421535,421535,INTO U Multi-Palette TP01,,,,,,,
4580748421269,421269,INTO U FURRY CUSHION BLUSH FB01,INTO U JP,,,,,,
4580748421276,421276,INTO U FURRY CUSHION BLUSH FB02,INTO U JP,,,,,,
4580748421283,421283,INTO U FURRY CUSHION BLUSH L-FB01,INTO U JP,,,,,,
4580748421351,421351,INTO U FURRY MATTE LIP CHEEK MUD FM02,INTO U JP,,,,,,
4580748421368,421368,INTO U FURRY MATTE LIP CHEEK MUD L-FM01,INTO U JP,,,,,,
4571501178551,178551,MilleFéeTone-Up Concealer01 Veil Pink,,,,,,,
4571501178568,178568,MilleFéeTone-Up Concealer02 Silky Beige,,,,,,,
4571501178575,178575,MilleFéeTone-Up Concealer03 Icy Blue,,,,,,,
8809611863194SQ,3194SQ,LAKA FRUITY GLAM TINT MINI#109 FRESH,LAKA,,,,,,
8809611863200SQ,3200SQ,LAKA FRUITY GLAM TINT MINI#110 SODA,LAKA,,,,,,
8809611863354SQ,3354SQ,LAKA FRUITY GLAM TINT MINI#125 MANGO,LAKA,,,,,,
8809562558477,558477,ABIB GLUTATHIOSOME DARK SPOT PAD VITA TOUCH,ABIB,,,,,,
6931604367890,367890,KOSE SOFTYMO SPEEDY CLEANSING OIL PIKACHU AND EEVEE WITH PAPER DISPLAY,,Active,,,,,
6931604367906,367906,KOSE SOFTYMO DEEP CLEANSING OIL PIKACHU AND PSYDUCK WITH PAPER DISPLAY,,Active,,,,,
8809652589732,589732,NUMBUZIN NO.3 BLUE BIO-RETINOL PORE REFINING SERUM,NUMBUZIN,,,,,,
8809652589091,589091,NUMBUZIN NO 1 PANTOTHENIC B5 HYALURONIC MASK 5PC,NUMBUZIN,,,,,,
8809652589411,589411,NUMBUZIN NO.2 ROSE PDRN COLLAGEN PLUMPING SHEET MASK 5PCS,NUMBUZIN,Active,,,,,
4573626220481,220481,VICREA &HONEY MELTY SAKURA SHAMPOO & TREATMENT LIMITED SET,VICREA,Active,,,,,
4521121208923,208923,REMENT HATSUNE MIKU SERIES PETADOLL PIAPRO CHARACTERS,REMENT,,,,,,
6971899513107,513107,VOOLGA SODIUM HYALURONATE DRESSING REPAIR BLACK FACIAL MASK 2.0,VOOLGA,Active,,,,,
8809652589541,589541,NUMBUZIN NO.2 ROSE PDRN OVERNIGHT MASK 4ea,NUMBUZIN,,,,,,
4571501179176,179176,DISPLAY - MilleFée Tone-Up Concealer 01-03,,,,,,,
4901301453990,453990,KAO BIORE U BODY SOAP MOIST FLORAL FRUITY,KAO,Active,,,,,
4901301453976,453976,KAO BIORE U BODY SOAP ORIGINAL FRESH FLORAL,KAO,Active,,,,,
4901301453983,453983,KAO BIORE U BODY SOAP REFRESH GREEN CITRUS,KAO,Active,,,,,
8809640737244,737244,ANUA HEARTLEAF 70 SOOTHING COLLAGEN MASK,ANUA,,,,,,
8809640737237,737237,ANUA PEACH 70+ NIACIN COLLAGEN MASK,ANUA,,,,,,
8809640737220,737220,ANUA RICE 70 +CERAMIDE COLLAGEN MASK,ANUA,,,,,,
4550516503350,503350,FINE TODAY TSUBAKI PREMIUM MOIST & REPAIR SHAMPOO CONDITIONER SET 450ML+450ML,SHISEIDO,,,,,,
4550516503374,503374,FINE TODAY TSUBAKI PREMIUM VOLUME REPAIR SHAMPOO CONDITIONER SET 450ML+450ML,SHISEIDO,,,,,,
4589546896019,896019,VICREA &HONEY PIXIE MOIST SILKY SHAMPOO 1.0 440ML,VICREA,Order,,,,,
4589546896026,896026,VICREA &HONEY PIXIE MOIST SILKY HAIR TREATMENT 2.0,VICREA,Order,,,,,
4589546897122,897122,VICREA &HONEY MILKY PRECIOUS EX REPAIR SHAMPOO 1.0 500ML,VICREA,Active,,,,,
4589546897139,897139,VICREA &HONEY MILKY PRECIOUS EX REPAIR HAIR TREATMENT 500G,VICREA,Active,,,,,
4589546897184,897184,VICREA &HONEY MILKY PRECIOUS EX REPAIR HAIR OIL 3.0 105ML,VICREA,Active,,,,,
4589546893278,893278,VICREA &HONEY SCALP VOLUME SHAMPOO,VICREA,Order,,,,,
4589546893285,893285,VICREA &HONEY SCALP VOLUME TREATMENT,VICREA,Order,,,,,
4589546896064,896064,VICREA & HONEY PIXIE MOST SILKY HAIR OIL STEP3.0,VICREA,,,,,,
4570159423761,423761,MSH LOVELINER LIQUID EYELINER MOCHA GREIGE,MSH,Active,,,,,
4570159422665,422665,MSH LOVELINER CREAM FIT PENCIL SLIMOVAL BLK,MSH,,,,,,
4570159422641,422641,MSH LOVELINER CREAMFIT PENCIL MEDIUM BROWN,MSH,,,,,,
8809640738135,738135,ANUA PDRN HYALURONIC ACID 100 MOISTURE CREAM,ANUA,Active,,,,,
4571501179749,179749,MilleFée Idol Highlighter Palette01 Ice Blue,MILLEFEE,,,,,,
4571501179756,179756,MilleFée Idol Highlighter Palette02 Rose Pink,MILLEFEE,,,,,,
4571501179770,179770,MilleFée Idol Filter Powder 01 Clear White,MILLEFEE,,,,,,
4571501179787,179787,MilleFée Idol Filter Powder02 Pink Veil,MILLEFEE,,,,,,
4571501179978,179978,DISPLAY - MILLEFEE Idol Filter Powder 01-02,,,,,,,
4571501179725,179725,Display - MILLEFEE Idol Highlighter Palette 01-02,,,,,,,
4901008613123,613123,COUNTRY & STREAM HAND CREAM HONEY AND LAVENDER 50G,COUNTRY & STREAM,Active,,,,,
8809913832492,832492,SKIN1004 MADAGASCAR CENTELLA NIACINAMIDE 10 BOOSTING SHOT AMPOULE 30ML,SKIN1004,,,,,,
8809913832515,832515,SKIN1004 MADAGASCAR CENTELLA RETINOL 0.2 BOOSTING SHOT AMPOULE 30ML,SKIN1004,,,,,,
8809913832508,832508,SKIN1004 MADAGASCAR CENTELLA MATRIXYL 10 BOOSTING SHOT AMPOULE 30ML,SKIN1004,,,,,,
8809576261233,261233,SKIN1004 MADAGASCAR CENTELLA TRAVEL KIT (NEW VER.),SKIN1004,,,,,,
8809576261868,261868,SKIN1004 MADAGASCAR CENTELLA AMPOULE KIT,SKIN1004,,,,,,
4550516711106,711106,SHISEIDO FINO PINK HAIR MASK 180G CHERRY BLOSSOM LIMITED EDITION,SHISEIDO,,,,,,
8809975197751,197751,DEOPROCE ULTRA HYDRATING SUNCREEN,DEOPROCE,Active,,,,,
4992440037820,037820,KEANA Rice Mask 10th Anniversary Set,,,,,,,
4571501179848,179848,MILLEFEE IDOL 2IN1 LIP TINT01 PEACH CANDY,MILLEFEE,,,,,,
4571501179855,179855,MILLEFEE IDOL 2IN1 LIP TINT02 NUDE PINK,MILLEFEE,,,,,,
4571501179862,179862,MILLEFEE IDOL 2IN1 LIP TINT03 MILK TEA,MILLEFEE,,,,,,
4571501179879,179879,MILLEFEE IDOL 2IN1 LIP TINT04 VANILLA ROSE,MILLEFEE,,,,,,
4571501179886,179886,MILLEFEE IDOL 2IN1 LIP TINT05 BERRY PINK,MILLEFEE,,,,,,
4571501179893,179893,MILLEFEE IDOL 2IN1 LIP TINT06 GRAPE SODA,MILLEFEE,,,,,,
4901301236203,236203,KAO CUREL MOISTURE CARE COSMETIC CLEANSING GEL 130G,KAO,Active,,,,,
4901301281715,281715,KAO CUREL MOISTURIZING MOISTURIZING BEAUTY LIQUID 40G,KAO,Active,,,,,
4901301346995,346995,KAO CUREL MOISTURE CARE MAKEUP CLEANSING OIL 150ML,KAO,Active,,,,,
4901301405340,405340,KAO CUREL BATH TIME MOIST BARRIER CREAM 310G,KAO,Active,,,,,
4987241202997,202997,ROHTO HADALABO COLLAGEN MOISTURIZING GEL CREAM,ROHTO,Active,,,,,
8809875906477,906477,BEAUTY OF JOSEON Light On Serum : Centella + Vita C_30ml,,,,,,,
8809738316993,316993,BEAUTY OF JOSEON Red Bean Water Gel_100ml,,,,,,,
4571501179985,179985,DISPLAY-MILLEFEE IDOL 2IN1 LIP TINT 01-06,MILLEFEE,,,,,,
4542202670057,670057,SMISKI MINI GLOW FIGURES FUNBARUS,,,,,,,
6941594515263,515263,LA ROCHE-POSAY CICAPLAST B5 PRO MULTI-ACTION REPAIR MASK 5P,,,,,,,
8809115027924,027924,AXIS-Y DAILY PURIFYING TREATMENT TONER 200ML,AXIS-Y,,,,,,
8809115027917,027917,AXIS-Y ARTICHOKE INTENSIVE SKIN BARRIER AMPOULE 30ML,AXIS-Y,,,,,,
8809634610027,610027,AXIS-Y QUINOA ONE-STEP BALANCED GEL CLEANSER 180ML,AXIS-Y,,,,,,
8809634610034,610034,AXIS-Y DARK SPOT CORRECTING GLOW SERUM 50ML,AXIS-Y,,,,,,
8809634610041,610041,AXIS-Y CERA-HEART MY TYPE DUO CREAM 60ML,AXIS-Y,,,,,,
8809634610102,610102,AXIS-Y MUGWORT PORE CLARIFYING WASH OFF PACK 100ML,AXIS-Y,,,,,,
8809634610096,610096,AXIS-Y SUNDAY MORNING REFRESHING CLEANSING FOAM 120ML,AXIS-Y,,,,,,
8809634610140,610140,AXIS-Y NEW SKIN RESOLUTION GEL MASK 100ML,AXIS-Y,,,,,,
8809634610218,610218,AXIS-Y HEARTLEAF MY TYPE CALMING CREAM 60ML,AXIS-Y,,,,,,
8809634610249,610249,AXIS-Y SPOT THE DIFFERENCE BLEMISH TREATMENT 15ML,AXIS-Y,,,,,,
8809634610362,610362,AXIS-Y PHA RESURFACING GLOW PEEL 50ML,AXIS-Y,,,,,,
8809634610539,610539,AXIS-Y LHA PEEL & FILL PORE BALANCING CREAM 50ML,AXIS-Y,,,,,,
8809634610683,610683,AXIS-Y PANTHENOL 10 SKIN SMOOTHING SHIELD CREAM 50ML,AXIS-Y,,,,,,
8809634610881,610881,AXIS-Y VEGAN COLLAGEN EYE SERUM 10ML,AXIS-Y,,,,,,
8809634610959,610959,AXIS-Y DARK SPOT CORRECTING GLOW TONER 125ML,AXIS-Y,,,,,,
8809634610966,610966,AXIS-Y DARK SPOT CORRECTING GLOW CREAM 50ML,AXIS-Y,,,,,,
8809634610294,610294,[FDA] AXIS-Y BIOME COMFORTING INFUSED TONER 200ML,AXIS-Y,,,,,,
8809634610300,610300,AXIS-Y BIOME RADIATING INTENSIFIED ESSENCE 50ML,AXIS-Y,,,,,,
8809634610508,610508,[FDA] AXIS-Y BIOME RESETTING MORINGA CLEANSING OIL 200ML,AXIS-Y,,,,,,
8809634610522,610522,AXIS-Y BIOME ULTIMATE INDULGING CREAM 55ML,AXIS-Y,,,,,,
88096118653968809611865396SQ,5396SQ,LAKA FRUITY GLAM MINI TINT #146 KAYA DILL,LAKA,,,,,,
8800312061049,061049,FWEE 3D VOLUMING GLOSS B12 CHERRY COLA 30%,FWEE,,,,,,
8800312061063,061063,FWEE 3D VOLUMING GLOSS B12 CHERRY COLA 70%,FWEE,,,,FWEE-P2-R2,,
8800312061056,061056,FWEE 3D VOLUMING GLOSS B13 DIRTY COLA 30%,FWEE,,,,FWEE-P2-R2,,
8800312061070,061070,FWEE 3D VOLUMING GLOSS B13 DIRTY COLA 70%,FWEE,,,,FWEE-P2-R2,,
8809652582955,582955,FWEE 4D VOLUMING PLUMPER,FWEE,,,,,,
8809652587776,587776,FWEE GLITZ STONE HIGHLIGHTER HL05 LUCKY CLOVER,FWEE,,,,FWEE-P1-R2,,
8809652587813,587813,FWEE GLITZ STONE HIGHLIGHTER HL08 WISH MOON,FWEE,,,,FWEE-P1-R2,,
8809652587837,587837,FWEE GLITZ STONE HIGHLIGHTER HL10 OPAL BLOOMING,FWEE,,,,FWEE-P1-R2,,
8809652582702,582702,FWEE LIP&CHEEK BLURRY PUDDING POT Baddie,FWEE,,,,FWEE-P2-R1,,
8809652582726,582726,FWEE LIP&CHEEK BLURRY PUDDING POT BOSS,FWEE,,,,FWEE-P2-R1,,
8809652582603,582603,FWEE LIP&CHEEK BLURRY PUDDING POT CHERRY,FWEE,,,,FWEE-P1-R1,,
8809652582672,582672,FWEE LIP&CHEEK BLURRY PUDDING POT GREEDY,FWEE,,,,FWEE-P1-R1,,
8809652582498,582498,FWEE LIP&CHEEK BLURRY PUDDING POT LIKE,FWEE,,,,FWEE-P2-R1,,
8809652582719,582719,FWEE LIP&CHEEK BLURRY PUDDING POT SLAYYY,FWEE,,,,FWEE-P2-R1,,
8809652586106,586106,FWEE PINK OBSESSION STAY-FIT LIP TINT G03 PEAKY PINK,FWEE,,,,FWEE-P2-R3,,
8809652586045,586045,FWEE PINK OBSESSION STAY-FIT LIP TINT G05 CORE PINK,FWEE,,,,FWEE-P2-R3,,
8809652586083,586083,FWEE PINK OBSESSION STAY-FIT LIP TINT G08 TAG PINK,FWEE,,,,FWEE-P2-R3,,
8809652585949,585949,FWEE PINK OBSESSION STAY-FIT LIP TINT G09 LYCHEE PINK,FWEE,,,,FWEE-P2-R3,,
8809652585970,585970,FWEE PINK OBSESSION STAY-FIT LIP TINT M02 LILAC PINK,FWEE,,,,FWEE-P2-R3,,
8809652586038,586038,FWEE PINK OBSESSION STAY-FIT LIP TINT M05 CODE PINK,FWEE,,,,FWEE-P2-R3,,
8809652586014,586014,FWEE PINK OBSESSION STAY-FIT LIP TINT M06 BAY PINK,FWEE,,,,FWEE-P2-R3,,
8809652585932,585932,FWEE PINK OBSESSION STAY-FIT LIP TINT M09 PEACH PINK,FWEE,,,,FWEE-P2-R3,,
8809652586113,586113,FWEE PINK OBSESSION STAY-FIT LIP TINT M10 HEART PINK,FWEE,,,,FWEE-P2-R3,,
8809652581705,581705,NUMBUZIN NO.1 CLEAR FILTER SUN ESSENCE,NUMBUZIN,,,,,,
8809652584379,584379,NUMBUZIN NO.1 PANTOTHENIC B5 ACTIVE DRYING POWDER,NUMBUZIN,,,,,,
8809652589398,589398,NUMBUZIN No.1 Pantothenic Skincare 100 Powder,NUMBUZIN,,,,,,
8809652589848,589848,NUMBUZIN NO.2 ROSE PDRN COLLAGEN PLUMPING SERUM DUO,NUMBUZIN,,,,,,
8809652580456,580456,NUMBUZIN NO.3 PORCELAIN BASE-SKIP TONE UP BEIGE,NUMBUZIN,,,,,,
8800258080555,080555,ROMAND GLASTING COLOR GLOSS 09 PEACH SPARKLE,ROMAND,,,,ROMAND-MIDDLE-R3-P2,,
8800258080562,080562,ROMAND GLASTING COLOR GLOSS 10 APRICOT SPARKLE,ROMAND,,,,ROMAND-MIDDLE-R3-P2,,
8800258088360,088360,ROMAND GLASTING COLOR GLOSS 12 CREAM SHELL,ROMAND,,,,,,
8800258088704,088704,ROMAND GLASTING COLOR GLOSS 13 GUAVA CREAM,ROMAND,,,,ROMAND-MIDDLE-R3-P2,,
8800258088711,088711,ROMAND GLASTING COLOR GLOSS 14 MUIGE,ROMAND,,,,,,
8800258084072,084072,ROMAND JUICY ROLL CHEEK 01 RARE APPLE,ROMAND,,,,ROMAND-MIDDLE-R2-P2,,
8800258084089,084089,ROMAND JUICY ROLL CHEEK 02 DRAGON BERRY,ROMAND,,,,ROMAND-MIDDLE-R2-P2,,
8800258084096,084096,ROMAND JUICY ROLL CHEEK 03 WHITE PEACH,ROMAND,,,,ROMAND-MIDDLE-R2-P2,,
8800258084102,084102,ROMAND JUICY ROLL CHEEK 04 APRICOT BEIGE,ROMAND,,,,ROMAND-MIDDLE-R2-P2,,
8800258084119,084119,ROMAND JUICY ROLL CHEEK 05 NOUGAT COCO,ROMAND,,,,ROMAND-MIDDLE-R2-P2,,
8800258084126,084126,ROMAND JUICY ROLL CHEEK 06 BARE GRAPE,ROMAND,,,,ROMAND-MIDDLE-R2-P2,,
8800258082733,082733,ROMAND THE JUICY LASTING TINT 25 BLACK BERRY,ROMAND,,,,ROMAND-LEFT-R3-P2,,
8800258084812,084812,ROMAND THE JUICY LASTING TINT 26 MYSTIC PEACH,ROMAND,,,,ROMAND-LEFT-R3-P2,,
8800258084829,084829,ROMAND THE JUICY LASTING TINT 27 HONEY DEW MELON,ROMAND,,,,ROMAND-LEFT-R3-P2,,
8800258084836,084836,ROMAND THE JUICY LASTING TINT 28 SNOW STRAWBERRY,ROMAND,,,,ROMAND-LEFT-R3-P2,,
8800258084843,084843,ROMAND THE JUICY LASTING TINT 29 JOSEON FIG,ROMAND,,,,ROMAND-LEFT-R3-P2,,
8800258084850,084850,ROMAND THE JUICY LASTING TINT 30 BARE MARRON,ROMAND,,,,ROMAND-LEFT-R3-P2,,
8800258088339,088339,ROMAND THE JUICY LASTING TINT 31 TANNED COCO,ROMAND,,,,ROMAND-LEFT-R3-P2,,
8800258088346,088346,ROMAND THE JUICY LASTING TINT 32 TANNY GUAVA,ROMAND,,,,ROMAND-LEFT-R2-P3,,
8800258088353,088353,ROMAND THE JUICY LASTING TINT 33 ALOHA JUICY,ROMAND,,,,ROMAND-LEFT-R2-P3,,
8800258088735,088735,ROMAND THE JUICY LASTING TINT 34 CHAI APRICOT,ROMAND,,,,ROMAND-LEFT-R2-P3,,
8800258088742,088742,ROMAND THE JUICY LASTING TINT 35 EARL GREY LYCHEE,ROMAND,,,,ROMAND-LEFT-R2-P3,,
8809506311069,311069,S.NATURE AQUA RICE CLEANSING OIL 200ML,S.NATURE,Active,,,,,
8809506310680,310680,S.NATURE AQUA RICE FOAM CLEANSER 160ML,S.NATURE,Active,,,,,
8809506311694,311694,S.NATURE AQUA SQUALANE PANTHENOLEYE CREAM FOR FACE BALM,S.NATURE,,,,,,
8809506310581,310581,S.NATURE SUPER AQUAGEL OASIS AMPULE MASK,S.NATURE,,,,,,
8809506310574,310574,S.NATURE SUPER AQUAGEL OASIS AMPULE MASK 30ML*10EA,S.NATURE,,,,,,
8809506310963,310963,S.NATURE AQUA OASIS MOISTURIZING GEL 80ML,S.NATURE,,,,,,
8803463012816,012816,VT PDRN CAPSULE CREAM 100,VT,,,,,,
8803463006655,006655,VT PDRN CREAM 100,VT,,,,,,
8803463004286,004286,VT PDRN ESSENCE 100,VT,,,,,,
8803463007393,007393,VT PDRN ESSENCE STICK BALM,VT,,,,,,
8803463009687,009687,VT PDRN REEDLE GLOW AMPOULE,VT,,,,,,
8803463012403,012403,VT PDRN TONER,VT,,,,,,
8809611865341SQ,5341SQ,LAKA FRUITY GLAM MINI TINT#141COMPOTE,LAKA,,,,,,
8809611865402SQ,5402SQ,LAKA FRUITY GLAM TINT #147CURRANT,LAKA,,,,,,
8809652585864,585864,FWEE LIP&CHEEK GLOWY JELLY POT MINIATURE JC01 HONEY PEACH,FWEE,,,,,,
8809652585918,585918,FWEE LIP&CHEEK GLOWY JELLY POT MINIATURE JH00 SUGAR POWDER,FWEE,,,,,,
8809652585895,585895,FWEE LIP&CHEEK GLOWY JELLY POT MINIATURE JM01 COMPOTE,FWEE,,,,,,
8809652585857,585857,FWEE LIP&CHEEK GLOWY JELLY POT MINIATURE JN01 LAVENDER WHIP,FWEE,,,,,,
8809652585871,585871,FWEE LIP&CHEEK GLOWY JELLY POT MINIATURE JP01 SUGAR COAT,FWEE,,,,,,
8809652585888,585888,FWEE LIP&CHEEK GLOWY JELLY POT MINIATURE JR01 SQUEEZED,FWEE,,,,,,
8809652588568,588568,FWEE LIP&CHEEK GLOWY JELLY POT MINIATURE KEYRING (CORAL),FWEE,,,,,,
8809652588582,588582,FWEE LIP&CHEEK GLOWY JELLY POT MINIATURE KEYRING (MAUVE),FWEE,,,,,,
8809652583006,583006,FWEE MELLOW DUAL BLUSH CR01 JUICY SMILE,FWEE,,,,,,
8809652583013,583013,FWEE MELLOW DUAL BLUSH CR02 BABY SMILE,FWEE,,,,,,
8809652583068,583068,FWEE MELLOW DUAL BLUSH MV01 NO MORE CUPID,FWEE,,,,,,
8809652583075,583075,FWEE MELLOW DUAL BLUSH MV02 ICY CUPID,FWEE,,,,,,
8809652582986,582986,FWEE MELLOW DUAL BLUSH ND01 LAZY TEMPO,FWEE,,,,,,
8809652582993,582993,FWEE MELLOW DUAL BLUSH ND02 DOWN TEMPO,FWEE,,,,,,
8809652583020,583020,FWEE MELLOW DUAL BLUSH PK01 LOVE ME HIGHKEY,FWEE,,,,,,
8809652583037,583037,FWEE MELLOW DUAL BLUSH PK02 FALL IN HIGHKEY,FWEE,,,,,,
8809652583044,583044,FWEE MELLOW DUAL BLUSH RD01 FOLLOW ME,FWEE,,,,,,
8809652583051,583051,FWEE MELLOW DUAL BLUSH RD02 ANOTHER ME,FWEE,,,,,,
8809652583082,583082,FWEE MELLOW DUAL BLUSH RS01 ROSY TALK,FWEE,,,,,,
8809652583099,583099,FWEE MELLOW DUAL BLUSH RS02 HUMMING TALK,FWEE,,,,,,
8800312061414,061414,FWEE ROSE OBSESSION STAY-FIT LIP TINT GC01 BUNNY ROSE,FWEE,,,,,,
8800312061421,061421,FWEE ROSE OBSESSION STAY-FIT LIP TINT GC02 FRESH ROSE,FWEE,,,,,,
8800312061438,061438,FWEE ROSE OBSESSION STAY-FIT LIP TINT GC03 PLUM ROSE,FWEE,,,,,,
8800312061384,061384,FWEE ROSE OBSESSION STAY-FIT LIP TINT GN01 MY ROSE,FWEE,,,,,,
8800312061391,061391,FWEE ROSE OBSESSION STAY-FIT LIP TINT GN02 SWEET ROSE,FWEE,,,,,,
8800312061407,061407,FWEE ROSE OBSESSION STAY-FIT LIP TINT GN03 APPLE ROSE,FWEE,,,,,,
8800312061353,061353,FWEE ROSE OBSESSION STAY-FIT LIP TINT GW01 HONEY ROSE,FWEE,,,,,,
8800312061360,061360,FWEE ROSE OBSESSION STAY-FIT LIP TINT GW02 SPRING ROSE,FWEE,,,,,,
8800312061377,061377,FWEE ROSE OBSESSION STAY-FIT LIP TINT GW03 COCO ROSE,FWEE,,,,,,
8800312061506,061506,FWEE ROSE OBSESSION STAY-FIT LIP TINT MC01 PETAL ROSE,FWEE,,,,,,
8800312061513,061513,FWEE ROSE OBSESSION STAY-FIT LIP TINT MC02 STH ROSE,FWEE,,,,,,
8800312061520,061520,FWEE ROSE OBSESSION STAY-FIT LIP TINT MC03 DUSTY ROSE,FWEE,,,,,,
8800312061476,061476,FWEE ROSE OBSESSION STAY-FIT LIP TINT MN01 BLUSHED ROSE,FWEE,,,,,,
8800312061483,061483,FWEE ROSE OBSESSION STAY-FIT LIP TINT MN02 PEACH ROSE,FWEE,,,,,,
8800312061490,061490,FWEE ROSE OBSESSION STAY-FIT LIP TINT MN03 DRIED ROSE,FWEE,,,,,,
8800312061445,061445,FWEE ROSE OBSESSION STAY-FIT LIP TINT MW01 BAKED ROSE,FWEE,,,,,,
8800312061452,061452,FWEE ROSE OBSESSION STAY-FIT LIP TINT MW02 BURNT ROSE,FWEE,,,,,,
8800312061469,061469,FWEE ROSE OBSESSION STAY-FIT LIP TINT MW03 CINNAMON ROSE,FWEE,,,,,,
8800312061537,061537,FWEE SPA GLOWING UV TONE-UP PREP 01 SEMI DEWY,FWEE,,,,,,
8800312061544,061544,FWEE SPA GLOWING UV TONE-UP PREP 02 WET DEWY,FWEE,,,,,,
8800258088384,088384,ROMAND BETTER THAN CHEEK T01 TANNY CHIP,ROMAND,,,,,,
8800258088377,088377,ROMAND BETTER THAN PALETTE 14 TOAST TANNY GARDEN,ROMAND,,,,,,
8800258088421,088421,ROMAND HANALL EYEPOT LINER 01 BROWN TAUPE POT,ROMAND,,,,,,
8800258088445,088445,ROMAND HANALL EYEPOT LINER 03 PEONY CREAM POT,ROMAND,,,,,,
8809647390282,390282,SOME BY MI AHA-BHA-PHA 14 DAYS SUPER MIRACLE SPOT ALL KILL CREAM [30ML],SOME BY MI,,,,,,
8809647390527,390527,SOME BY MI AHA-BHA-PHA 30 DAYS MIRACLE AC S.O.S KIT (4COMPONENTS),SOME BY MI,,,,,,
8809647392705,392705,SOME BY MI AHA-BHA-PHA 30 DAYS MIRACLE ACNE CLEAR FOAM [50ml] (Shrink film/Barcode),SOME BY MI,,,,,,
8809647390244,390244,SOME BY MI BYE BYE BLACKHEAD 30 DAYS MIRACLE GREEN TEA TOX BUBBLE CLEANSER [120G],SOME BY MI,,,,,,
8809647391104,391104,SOME BY MI CICA PEPTIDE ANTI HAIR LOSS DERMA SCALP TONIC [150ML],SOME BY MI,,,,,,
8809647394396,394396,SOME BY MI GALACTOMYCES GLUTATHIONE BRIGHTENING CREAM [40ML],SOME BY MI,,,,,,
8809647392668,392668,SOME BY MI RETINOL INTENSE REACTIVATING SERUM [30ml],SOME BY MI,,,,,,
8809647393481,393481,SOME BY MI RETINOL INTENSE REACTIVATING SERUM [50ml],SOME BY MI,,,,,,
8809647391302,391302,SOME BY MI SUPER MATCHA PORE TIGHTENING SERUM [50ML],SOME BY MI,,,,,,
4570110292177,292177,OFF&RELAX 2.0 SPA SHAMPOO & TREATMENT OCEAN BREEZE LIMITED SET 460ML+460ML,OFF&RELAX,,,,,,
4570110291996,291996,OFF&RELAX 2.0 OR SPA SHAMPOO OCEAN BREEZE LIMITED 460ML,OFF&RELAX,,,,,,
4570110292009,292009,OFF&RELAX 2.0 OR SPA TREATMENT OCEAN BREEZE LIMITED 460ML,OFF&RELAX,,,,,,
8809506312134,312134,S.NATURE AQUA SQUALANE MOISTURIZING CREAM WRAPPING MASK SET,S.NATURE,,,,,,
8800312062008,062008,NUMBUZIN NO.5 GLUTATHIONE TXA ADVANCED DARK SPOT AMPOULE CONCENTRATE,NUMBUZIN,,,,,,
8800307372983,372983,ANUA PDRN HYALURONIC ACID MOISTURIZING CLEANSING FOAM,ANUA,Active,,,,,
8800307371672,371672,ANUA PDRN 100 HYALURONIC ACID BOOSTER TONER 250ML,ANUA,Active,,,,,
8800307374499,374499,ANUA PDRN LIP SERUM 10ML,ANUA,,,,,,
8800307373379,373379,ANUA PDRN COLLAGEN MELTING PATCH FOR GLASS SKIN 4 PAIRS,ANUA,Active,,,,,
8800307373386,373386,ANUA PDRN COLLAGEN MELTING PATCH FOR NECK,ANUA,Active,,,,,
8800307373331,373331,Anua PDRN Hyaluronic Acid Hydrating Capsule Mist 100ml,ANUA,Active,,,,,
4595555628589,628589,CHIIKAWA SUSHI KEYCHAIN HIPPERS,CHIIKAWA,,,,,,
4570159423747,423747,MSH LOVELINER EYELINER BROWN,MSH,,,,,,
4570159423846,423846,MSH LOVELINER EYELINER ULTRAFINE BRUSH BLACK,MSH,,,,,,
4570159423853,423853,MSH LOVELINER EYELINER ULTRAFINE BRUSH DARK BROWN,MSH,,,,,,
4570159422658,422658,MSH LOVELINER CREAM FIT PENCIL R ABR,MSH,,,,,,
4570159422672,422672,MSH LOVERLINER CREAM FIT PENCIL R SLIMOVAL MBR,MSH,,,,,,
4580295039955,039955,MSH LOVELINER ALL LASH MASK L2 LONG SEPARATE DEEP BLACK,MSH,,,,,,
4580295039962,039962,MSH LOVELINER ALL LASH MASK L2 LONG SEPARATE BROWN BLACK,MSH,,,,,,
4973167847244,847244,FREEPLUS MILD FOAM SOAP 150ML,FREEPLUS,,,,,,
4973167070604,070604,FREEPLUS MILD SOAP 100G,FREEPLUS,,,,,,
8808813467902,467902,SKII FACIAL TREATMENT ESSENCE AND SPA SHEET KIT,,,,,,,
8808813467919,467919,SKII SKINPOWER ADVANCED CREAM AND IPSA TONER KIT,,,,,,,
4971710637267,637267,DISCONTINUED [2026 LIMITED] KOSE SOFTYMO SPEEDY CLEANSING OIL CHIKAWA,,,,,,,
4972710636267,636267,DISCONTINUED [2026 LIMITED] KOSE SM DEEP CLEANSING OIL USAGI,,,,,,,
4971710637243,637243,DISCONTINUED [2026 LIMITED] KOSE SM HA CLEASING FOAM MOMONGA,,,,,,,
4971710637250,637250,DISCONTINUED [2026 LIMITED] KOSE SM BRIGHT CLEASING FOAM HACHIWARE,,,,,,,
4580679800058,800058,OCEAN TRICO ANSWER SHAMPOO AND TREATMENT 10ML+10ML,OCEAN TRICO,,,,,,
4580679800287,800287,OCEAN TRICO MOIST ANSWER SHAMPOO AND TREATMENT 10ML+10ML,OCEAN TRICO,,,,,,
6971053259964,259964,JUDYDOLL SHAPING EYEBROW PENCIL 01 GREY BROWN,,,,,,,
6971053259971,259971,JUDYDOLL SHAPING EYEBROW PENCIL 02 DARK BROWN,,,,,,,
6976436779565,779565,JUDYDOLL CUSHION MATTE LOCK LIP CREAM G204,,,,,,,
6976436779572,779572,JUDYDOLL CUSHION MATTE LOCK LIP CREAM G205,,,,,,,
6976436777158,777158,JUDYDOLL LIP POWDER CREAM - N24,,,,,,,
6978647800670,800670,JUDYDOLL LIP POWDER CREAM - N27,,,,,,,
6978647800687,800687,JUDYDOLL LIP POWDER CREAM - N28,,,,,,,
6978647800694,800694,JUDYDOLL LIP POWDER CREAM - N29,,,,,,,
8800307373157,373157,ANUA AZELAIC ACID CICA SKIN SOOTHING MOISTURIZER 100ml,ANUA,Active,,,,,
4550516494474,494474,SHISEIDO SENKA PERFECT BUBBLE SWT FLORAL BUBBLE BOD,SHISEIDO,Active,,,,,
4542202664735,664735,SMISKI STRAP ACCESSORIES SERIES 2,SMISKI,,,,,,
4542202664414,664414,SMISKI STRAP ACCESSORIES SERIES 1,SMISKI,,,,,,
4979006064766,064766,SKII FACIAL TREATMENT GENTLE CLEANSER 120G,SKII,Active,,,,,
4713072710710,710710,ALISHA DRY SHAMPOO ORIGINAL,ALISHA,,,,,,
4713072711298,711298,ALISHA DRY SHAMPOO CHERRY BLOSSOM,ALISHA,,,,,,
4713072710734,710734,ALISHA DRY SHAMPOO PEAR FREESIA,ALISHA,,,,,,
4713072711458,711458,ALISHA DRY SHAMPOO STAR MAGNOLIA,ALISHA,,,,,,
4713072711441,711441,ALISHA DRY SHAMPOO FIRST LOVE,ALISHA,,,,,,
4713072711618,711618,ALISHA HAIR TREATMENT SERUM OIL MOISTURIZING 6CAPS,ALISHA,,,,,,
4713072711601,711601,ALISHA HAIR TREATMENT SERUM OIL SILKY 6CAPS,ALISHA,,,,,,
4713072711625,711625,ALISHA HAIR TREATMENT SERUM OIL REPAIR 6CAPS,ALISHA,,,,,,
4713072711588,711588,ALISHA HAIR TREATMENT SERUM OIL MOISTURIZING 35CAPS,ALISHA,,,,,,
4713072711571,711571,ALISHA HAIR TREATMENT SERUM OIL SILKY 35CAPS,ALISHA,,,,,,
4713072711595,711595,ALISHA HAIR TREATMENT SERUM OIL REPAIR 35CAPS,ALISHA,,,,,,
4713072711649,711649,ALISHA CLEANING OIL 6CAPS,ALISHA,,,,,,
4713072711632,711632,ALISHA CLEANING OIL 28CAPS,ALISHA,,,,,,
1001200,001200,LILMOON Daily Cream Beige - 0,,,,,,,
1001204,001204,LILMOON Daily Cream Beige - 100,,,,,,,
1001206,001206,LILMOON Daily Cream Beige - 150,,,,,,,
1001208,001208,LILMOON Daily Cream Beige - 200,,,,,,,
1001209,001209,LILMOON Daily Cream Beige - 225,,,,,,,
1001210,001210,LILMOON Daily Cream Beige - 250,,,,,,,
1001211,001211,LILMOON Daily Cream Beige - 275,,,,,,,
1001212,001212,LILMOON Daily Cream Beige - 300,,,,,,,
1001213,001213,LILMOON Daily Cream Beige - 325,,,,,,,
1001214,001214,LILMOON Daily Cream Beige - 350,,,,,,,
1001215,001215,LILMOON Daily Cream Beige - 375,,,,,,,
1001216,001216,LILMOON Daily Cream Beige - 400,,,,,,,
1001217,001217,LILMOON Daily Cream Beige - 425,,,,,,,
1001218,001218,LILMOON Daily Cream Beige - 450,,,,,,,
1001219,001219,LILMOON Daily Cream Beige - 475,,,,,,,
1001220,001220,LILMOON Daily Cream Beige - 500,,,,,,,
1001222,001222,LILMOON Daily Cream Beige - 550,,,,,,,
1001224,001224,LILMOON Daily Cream Beige - 600,,,,,,,
1001226,001226,LILMOON Daily Cream Beige - 650,,,,,,,
1001228,001228,LILMOON Daily Cream Beige - 700,,,,,,,
1001232,001232,LILMOON Daily Cream Beige - 800,,,,,,,
1002200,002200,LILMOON Daily Cream Grege - 0,,,,,,,
1002204,002204,LILMOON Daily Cream Grege - 100,,,,,,,
1002206,002206,LILMOON Daily Cream Grege - 150,,,,,,,
1002208,002208,LILMOON Daily Cream Grege - 200,,,,,,,
1002209,002209,LILMOON Daily Cream Grege - 225,,,,,,,
1002210,002210,LILMOON Daily Cream Grege - 250,,,,,,,
1002211,002211,LILMOON Daily Cream Grege - 275,,,,,,,
8800307370095,370095,ANUA PEACH NIACIN SPREAD CLEANSING FOAM 150ml,,Active,,,,,
8809640738111,738111,ANUA 8 HYALURONIC ACID CATECHIN CALMING PAD 185ml (110EA),,Active,,,,,
1002212,002212,LILMOON Daily Cream Grege - 300,,,,,,,
1002213,002213,LILMOON Daily Cream Grege - 325,,,,,,,
1002214,002214,LILMOON Daily Cream Grege - 350,,,,,,,
1002215,002215,LILMOON Daily Cream Grege - 375,,,,,,,
1002216,002216,LILMOON Daily Cream Grege - 400,,,,,,,
1002217,002217,LILMOON Daily Cream Grege - 425,,,,,,,
1002218,002218,LILMOON Daily Cream Grege - 450,,,,,,,
1002219,002219,LILMOON Daily Cream Grege - 475,,,,,,,
1002220,002220,LILMOON Daily Cream Grege - 500,,,,,,,
1002222,002222,LILMOON Daily Cream Grege - 550,,,,,,,
1002224,002224,LILMOON Daily Cream Grege - 600,,,,,,,
1002226,002226,LILMOON Daily Cream Grege - 650,,,,,,,
1002228,002228,LILMOON Daily Cream Grege - 700,,,,,,,
1002232,002232,LILMOON Daily Cream Grege - 800,,,,,,,
1026200,026200,LILMOON Daily Smokey Beige -0,,,,,,,
1026204,026204,LILMOON Daily Smokey Beige - 100,,,,,,,
1026206,026206,LILMOON Daily Smokey Beige - 150,,,,,,,
1026208,026208,LILMOON Daily Smokey Beige - 200,,,,,,,
1026209,026209,LILMOON Daily Smokey Beige - 225,,,,,,,
1026210,026210,LILMOON Daily Smokey Beige - 250,,,,,,,
1026211,026211,LILMOON Daily Smokey Beige - 275,,,,,,,
1026212,026212,LILMOON Daily Smokey Beige - 300,,,,,,,
1026213,026213,LILMOON Daily Smokey Beige - 325,,,,,,,
1026214,026214,LILMOON Daily Smokey Beige - 350,,,,,,,
1026215,026215,LILMOON Daily Smokey Beige - 375,,,,,,,
1026216,026216,LILMOON Daily Smokey Beige - 400,,,,,,,
1026217,026217,LILMOON Daily Smokey Beige - 425,,,,,,,
1026218,026218,LILMOON Daily Smokey Beige - 450,,,,,,,
1026219,026219,LILMOON Daily Smokey Beige - 475,,,,,,,
1026220,026220,LILMOON Daily Smokey Beige - 500,,,,,,,
1026222,026222,LILMOON Daily Smokey Beige - 550,,,,,,,
1026224,026224,LILMOON Daily Smokey Beige - 600,,,,,,,
1026226,026226,LILMOON Daily Smokey Beige - 650,,,,,,,
1026228,026228,LILMOON Daily Smokey Beige - 700,,,,,,,
1026232,026232,LILMOON Daily Smokey Beige - 800,,,,,,,
1027200,027200,LILMOON Daily Smokey Gray - 0,,,,,,,
1027204,027204,LILMOON Daily Smokey Gray - 100,,,,,,,
1027206,027206,LILMOON Daily Smokey Gray - 150,,,,,,,
1027208,027208,LILMOON Daily Smokey Gray - 200,,,,,,,
1027209,027209,LILMOON Daily Smokey Gray - 225,,,,,,,
1027210,027210,LILMOON Daily Smokey Gray - 250,,,,,,,
1027211,027211,LILMOON Daily Smokey Gray - 275,,,,,,,
1027212,027212,LILMOON Daily Smokey Gray - 300,,,,,,,
1027213,027213,LILMOON Daily Smokey Gray - 325,,,,,,,
1027214,027214,LILMOON Daily Smokey Gray - 350,,,,,,,
1027215,027215,LILMOON Daily Smokey Gray - 375,,,,,,,
1027216,027216,LILMOON Daily Smokey Gray - 400,,,,,,,
1027217,027217,LILMOON Daily Smokey Gray - 425,,,,,,,
1027218,027218,LILMOON Daily Smokey Gray - 450,,,,,,,
1027219,027219,LILMOON Daily Smokey Gray - 475,,,,,,,
1027220,027220,LILMOON Daily Smokey Gray - 500,,,,,,,
1027222,027222,LILMOON Daily Smokey Gray - 550,,,,,,,
1027224,027224,LILMOON Daily Smokey Gray - 600,,,,,,,
1027226,027226,LILMOON Daily Smokey Gray - 650,,,,,,,
1027228,027228,LILMOON Daily Smokey Gray - 700,,,,,,,
1027232,027232,LILMOON Daily Smokey Gray - 800,,,,,,,
1028200,028200,LILMOON Daily Rusty Beige - 0,,,,,,,
1028204,028204,LILMOON Daily Rusty Beige - 100,,,,,,,
1028206,028206,LILMOON Daily Rusty Beige - 150,,,,,,,
1028208,028208,LILMOON Daily Rusty Beige - 200,,,,,,,
1028209,028209,LILMOON Daily Rusty Beige - 225,,,,,,,
1028210,028210,LILMOON Daily Rusty Beige - 250,,,,,,,
1028211,028211,LILMOON Daily Rusty Beige - 275,,,,,,,
1028212,028212,LILMOON Daily Rusty Beige - 300,,,,,,,
1028213,028213,LILMOON Daily Rusty Beige - 325,,,,,,,
1028214,028214,LILMOON Daily Rusty Beige - 350,,,,,,,
1028215,028215,LILMOON Daily Rusty Beige - 375,,,,,,,
1028216,028216,LILMOON Daily Rusty Beige - 400,,,,,,,
1028217,028217,LILMOON Daily Rusty Beige - 425,,,,,,,
1028218,028218,LILMOON Daily Rusty Beige - 450,,,,,,,
1028219,028219,LILMOON Daily Rusty Beige - 475,,,,,,,
1028220,028220,LILMOON Daily Rusty Beige - 500,,,,,,,
1028222,028222,LILMOON Daily Rusty Beige - 550,,,,,,,
1028224,028224,LILMOON Daily Rusty Beige - 600,,,,,,,
1028228,028228,LILMOON Daily Rusty Beige - 700,,,,,,,
1028232,028232,LILMOON Daily Rusty Beige - 800,,,,,,,
1029200,029200,LILMOON Daily Rusty Gray - 0,,,,,,,
1029204,029204,LILMOON Daily Rusty Gray - 100,,,,,,,
1029206,029206,LILMOON Daily Rusty Gray - 150,,,,,,,
1029208,029208,LILMOON Daily Rusty Gray - 200,,,,,,,
1029209,029209,LILMOON Daily Rusty Gray - 225,,,,,,,
1029210,029210,LILMOON Daily Rusty Gray - 250,,,,,,,
1029211,029211,LILMOON Daily Rusty Gray - 275,,,,,,,
1029212,029212,LILMOON Daily Rusty Gray - 300,,,,,,,
1029213,029213,LILMOON Daily Rusty Gray - 325,,,,,,,
1029214,029214,LILMOON Daily Rusty Gray - 350,,,,,,,
1029215,029215,LILMOON Daily Rusty Gray - 375,,,,,,,
1029216,029216,LILMOON Daily Rusty Gray - 400 ( 7754 ),,,,,,,
1029217,029217,LILMOON Daily Rusty Gray - 425,,,,,,,
1029218,029218,LILMOON Daily Rusty Gray - 450 ( 7757 ),,,,,,,
1029219,029219,LILMOON Daily Rusty Gray - 475 ( 7759 ),,,,,,,
1029220,029220,LILMOON Daily Rusty Gray - 500 ( 7761 ),,,,,,,
1029222,029222,LILMOON Daily Rusty Gray - 550 ( 7763 ),,,,,,,
1029224,029224,LILMOON Daily Rusty Gray - 600 ( 7765 ),,,,,,,
1029226,029226,LILMOON Daily Rusty Gray - 650 ( 7770 ),,,,,,,
1029228,029228,LILMOON Daily Rusty Gray - 700,,,,,,,
1029232,029232,LILMOON Daily Rusty Gray - 800 ( 7768 ),,,,,,,
1028226,028226,LILMOON Daily Rusty Beige - 650 ( 7772 ),,,,,,,
4550516494450,494450,SHISEIDO SENKA PERFECT BUBBLE BODY WASH 500ML,SHISEIDO,,,,,,
8800258085444,085444,ROMAND X NEONMOON MINI SLEEPY TEDDY BEIGE,ROMAND,,,,,,
8800258085451,085451,ROMAND X NEONMOON MINI SLEEPY TEDDY MINT,ROMAND,,,,,,
8800258085468,085468,ROMAND X NEONMOON MINI SLEEPY TEDDY BROWN,ROMAND,,,,,,
8800258085475,085475,ROMAND X NEONMOON MINI SLEEPY TEDDY PINK,ROMAND,,,,,,
8800258085482,085482,ROMAND X NEONMOON MINI SLEEPY TEDDY BLUE,ROMAND,,,,,,
4570110292160,292160,OFF&RELAX 2.0 Spa Shampoo + Hair Treatment Neroli Limited 460ml + 460ml,OFF&RELAX,,,,,,
8809732911774,911774,MIXSOON SHIELD FIT PURE SUN CREAM 50ML,MIXSOON,,,,,,
8809647391609,391609,SOME BY MI TRUECICA MINERAL CALMING TONE-UP SUNCREAM [50ML],SOME BY MI,,,,,,
8809640733185,733185,ANUA HEARLEAF SILKY MOISTURE SUNCREAM 50ML,ANUA,,,,,,
14570117911481,911481,OPANCHU USAGI FRIENDS 2,,,,,,,
6976777577042,577042,Birdtalk今日摆烂系列无火香氛吃完就睡 100ml,Birdtalk,,,,,,
6976777577059,577059,Birdtalk今日摆烂系列无火香氛暂停打工100ml,Birdtalk,,,,,,
6976777577066,577066,Birdtalk今日摆烂系列无火香氛脑袋空空100ml,Birdtalk,,,,,,
8809467632272,632272,JUNG SAEM MOOL SKIN NUDER CUSHION #17,JUNG SAEM MOOL,,,,,,
8809826712638,712638,JUNG SAEM MOOL SKIN NUDER CUSHION #19,JUNG SAEM MOOL,Active,,,,,
8809467630179,630179,JUNG SAEM MOOL SKIN NUDER CUSHION #21,JUNG SAEM MOOL,,,,,,
8809506310369,310369,S.NATURE AQUA COLLAGEN PEPTIDE TRIPLE GEL ESSENCE,S.NATURE,Active,,,,,
8809506311489,311489,S.NATURE AQUA SQUALANE SERUM 70ML,S.NATURE,Active,,,,,
4901301458964,458964,Kao Curel Intensive Moisture Care Rich Mousse Facial Wash 200g,,Active,,,,,
4901301251572,251572,Kao Curel Eye Zone Moisture Essence 20g,,Active,,,,,
4582547935602,935602,LOVISIA MOFUSAND LIP CREAM STRAWBERRY NYAN,LOVISIA,,,,,,
4582547935619,935619,LOVISIA MOFUSAND LIP CREAM PINEAPPLE NYAN,LOVISIA,,,,,,
4582547935626,935626,LOVISIA MOFUSAND LIP CREAM WATERMELON NYAN,LOVISIA,,,,,,
4582547935633,935633,LOVISIA MOFUSAND LIP CREAM PEACH NYAN,LOVISIA,,,,,,
4582547935831,935831,LOVISIA MOFUSAND MASCOT HAND CREAM APPLE NYAN,LOVISIA,,,,,,
4582547935848,935848,LOVISIA MOFUSAND MASCOT HAND CREAM BANANA NYAN,LOVISIA,,,,,,
4582547935855,935855,LOVISIA MOFUSAND MASCOT HAND CREAM WATERMELON NYAN,LOVISIA,,,,,,
4582547935862,935862,LOVISIA MOFUSAND MASCOT HAND CREAM PEACH NYAN,LOVISIA,,,,,,
4582547934544,934544,LOVISIA CHIIKAWA LIP CREAM HEART SERIES CHIIKAWA,LOVISIA,,,,,,
4582547934551,934551,LOVISIA CHIIKAWA LIP CREAM HEART SERIES HACHIWARE,LOVISIA,,,,,,
4582547934568,934568,LOVISIA CHIIKAWA LIP CREAM HEART SERIES USAGI,LOVISIA,,,,,,
4582547934575,934575,LOVISIA CHIIKAWA LIP CREAM HEART SERIES KURIMANJU,LOVISIA,,,,,,
4582547934582,934582,LOVISIA CHIIKAWA LIP CREAM HEART SERIES MOMONGA,LOVISIA,,,,,,
4582547934599,934599,LOVISIA CHIIKAWA LIP CREAM HEART SERIES RAKKO,LOVISIA,,,,,,
4582547934605,934605,LOVISIA CHIIKAWA LIP CREAM HEART SERIES SHISA,LOVISIA,,,,,,
4582547934483,934483,LOVISIA CHIIKAWA MASCOT HAND CREAM HACHIWARE,LOVISIA,,,,,,
4582547934490,934490,LOVISIA CHIIKAWA MASCOT HAND CREAM USAGI,LOVISIA,,,,,,
4582547934506,934506,LOVISIA CHIIKAWA MASCOT HAND CREAM KURIMANJU,LOVISIA,,,,,,
4582547934513,934513,LOVISIA CHIIKAWA MASCOT HAND CREAM MOMONGA,LOVISIA,,,,,,
4582547934520,934520,LOVISIA CHIIKAWA MASCOT HAND CREAM RAKKO,LOVISIA,,,,,,
4582547934537,934537,LOVISIA CHIIKAWA MASCOT HAND CREAM SHISA,LOVISIA,,,,,,
4582547932816,932816,DISPLAY-LOVISIA KIRBY LIP CREAM,LOVISIA,,,,,,
4582547932823,932823,TESTER-LOVISIA KIRBY LIP CREAM,LOVISIA,,,,,,
4582547935770,935770,DISPLAY-LOVISIA CHIIKAWA LIP CREAM HEART SERIES,LOVISIA,,,,,,
4582547935787,935787,TESTER-LOVISIA CHIIKAWA LIP CREAM HEART SERIES,LOVISIA,,,,,,
4582547935756,935756,DISPLAY-LOVISIA CHIIKAWA MASCOT HAND CREAM,LOVISIA,,,,,,
4582547935763,935763,TESTER-LOVISIA CHIIKAWA MASCOT HAND CREAM,LOVISIA,,,,,,
8809447251394,251394,DR ALTHEA 345 RELIEF CREAM 50ML,,,,,,,
8809652582559,582559,FWEE LIP&CHEEK BLURRY PUDDING POT BFF,FWEE,,,,,,
8809652582634,582634,FWEE LIP&CHEEK BLURRY PUDDING POT D-Day,FWEE,,,,,,
8809652586762,586762,(GL)FWEE LIP&CHEEK GLOWY JELLY POT JN01 LAVENDER WHIP 4g+PENDANT KEYRING,FWEE,,,,,,
8809652586816,586816,(GL)FWEE LIP&CHEEK GLOWY JELLY POT JN02 MILKY 4g+PENDANT KEYRING,FWEE,,,,,,
8809652586878,586878,(GL)FWEE LIP&CHEEK GLOWY JELLY POT JN03 CUSTARD 4g+PENDANT KEYRING,FWEE,,,,,,
8809652586731,586731,(GL)FWEE LIP&CHEEK GLOWY JELLY POT JC01 HONEY PEACH 4g+PENDANT KEYRING,FWEE,,,,,,
8809652586786,586786,(GL)FWEE LIP&CHEEK GLOWY JELLY POT JC02 MELLOW MANGO 4g+PENDANT KEYRING,FWEE,,,,,,
8809652586847,586847,(GL)FWEE LIP&CHEEK GLOWY JELLY POT JC03 JUICY PUNCH 4g+PENDANT KEYRING,FWEE,,,,,,
8809652586748,586748,(GL)FWEE LIP&CHEEK GLOWY JELLY POT JP01 SUGAR COAT 4g+PENDANT KEYRING,FWEE,,,,,,
8809652586793,586793,(GL)FWEE LIP&CHEEK GLOWY JELLY POT JP02 LOLLY 4g+PENDANT KEYRING,FWEE,,,,,,
8809652586854,586854,(GL)FWEE LIP&CHEEK GLOWY JELLY POT JP03 SWEETS 4g+PENDANT KEYRING,FWEE,,,,,,
8809652586755,586755,(GL)FWEE LIP&CHEEK GLOWY JELLY POT JR01 SQUEEZED 4g+PENDANT KEYRING,FWEE,,,,,,
8809652586809,586809,(GL)FWEE LIP&CHEEK GLOWY JELLY POT JR02 SOUR GUMMY 4g+PENDANT KEYRING,FWEE,,,,,,
8809652586861,586861,(GL)FWEE LIP&CHEEK GLOWY JELLY POT JR03 CHERRY PPO 4g+PENDANT KEYRING,FWEE,,,,,,
8809652586779,586779,(GL)FWEE LIP&CHEEK GLOWY JELLY POT JM01 COMPOTE 4g+PENDANT KEYRING,FWEE,,,,,,
8809652586830,586830,(GL)FWEE LIP&CHEEK GLOWY JELLY POT JM02 BERRY JAM 4g+PENDANT KEYRING,FWEE,,,,,,
8809652586892,586892,(GL)FWEE LIP&CHEEK GLOWY JELLY POT JM03 CREAM TEA 4g+PENDANT KEYRING,FWEE,,,,,,
8809652586724,586724,(GL)FWEE LIP&CHEEK GLOWY JELLY POT JS01 ROSY GLAZE 4g+PENDANT KEYRING,FWEE,,,,,,
8809652586823,586823,(GL)FWEE LIP&CHEEK GLOWY JELLY POT JS02 CARAMELIZED 4g+PENDANT KEYRING,FWEE,,,,,,
8809652586885,586885,(GL)FWEE LIP&CHEEK GLOWY JELLY POT JS03 COUVERTURE 4g+PENDANT KEYRING,FWEE,,,,,,
8809652586908,586908,(GL)FWEE LIP&CHEEK GLOWY JELLY POT JH00 SUGAR POWDER 4g+PENDANT KEYRING,FWEE,,,,,,
8800258087202,087202,ROMAND HAN ALL BROW CARA 05 DUSKY ROSE,ROMAND,,,,,,
8800258086748,086748,ROMAND HAN ALL BROW CARA 08 MOON GREY,ROMAND,,,,,,
8800258086755,086755,ROMAND HAN ALL BROW CARA 09 SAND GREY,ROMAND,,,,,,
8800258086762,086762,ROMAND HAN ALL BROW CARA 10 BLOSSOM GREY,ROMAND,,,,,,
8800258086779,086779,ROMAND HAN ALL BROW CARA 11 MOCHA GREY,ROMAND,,,,,,
8809625247034,247034,NUSE CARE LIPTUAL 04 POSY ROSY,NUSE,,,,,,
8809625247058,247058,NUSE CARE LIPTUAL 06 FIN BERRY,NUSE,,,,,,
8809625248154,248154,NUSE CARE LIPTUAL 07 TANNED HOUR,NUSE,,,,,,
8809625249427,249427,NUSE CARE LIPTUAL COOLOWER COLLECTION C02 LILIES CHERRY,NUSE,,,,,,
8809625247089,247089,NUSE LIQUID CARE CHEEK 03 PALE BLOSSOM,NUSE,,,,,,
8809625247096,247096,NUSE LIQUID CARE CHEEK 04 POPPY BREEZE,NUSE,,,,,,
8809625248772,248772,NUSE MOUSSE CARE CHEEK 04 MAUVE SOLID,NUSE,,,,,,
8800258080807,080807,NUSE MOUSSE CARE CHEEK HANDY 04 APPLEY,NUSE,,,,,,
8800258080821,080821,NUSE MOUSSE CARE CHEEK HANDY 06 NUNU,NUSE,,,,,,
8800258086908,086908,NUSE REJU LIP GLOSS BUNNY FIZZ,NUSE,,,,,,
8800258086939,086939,NUSE REJU LIP GLOSS CHERRY PEPPER,NUSE,,,,,,
8800288641276,641276,TIR TIR GLIDE & HIDE BLURRING CONCEALER 1 N,TIR TIR,,,,,,
8800288641313,641313,TIR TIR GLIDE & HIDE BLURRING CONCEALER 3 W,TIR TIR,,,,,,
8800288641320,641320,TIR TIR GLIDE & HIDE BLURRING CONCEALER 3.5 W,TIR TIR,,,,,,
8800288641337,641337,TIR TIR GLIDE & HIDE BLURRING CONCEALER 4 N,TIR TIR,,,,,,
8800288641351,641351,TIR TIR GLIDE & HIDE BLURRING CONCEALER 5 C,TIR TIR,,,,,,
8800288641368,641368,TIR TIR GLIDE & HIDE BLURRING CONCEALER 6 O,TIR TIR,,,,,,
8800288643737,643737,TIR TIR GLIDE & HIDE BLURRING CONCEALER 6.8 C,TIR TIR,,,,,,
8800288641405,641405,TIR TIR GLIDE & HIDE BLURRING CONCEALER 7.5 W,TIR TIR,,,,,,
8800288641429,641429,TIR TIR GLIDE & HIDE BLURRING CONCEALER 8.3 O,TIR TIR,,,,,,
8800288641436,641436,TIR TIR GLIDE & HIDE BLURRING CONCEALER 8.7 N,TIR TIR,,,,,,
8800288641450,641450,TIR TIR GLIDE & HIDE BLURRING CONCEALER 9.5 N,TIR TIR,,,,,,
8800288642488,642488,TIR TIR MASK FIT RED FOUNDATION 11C COOL ROSY,TIR TIR,,,,,,
8800288642501,642501,TIR TIR MASK FIT RED FOUNDATION 15C FAIR PORCELAIN,TIR TIR,,,,,,
8800288642525,642525,TIR TIR MASK FIT RED FOUNDATION 17N VANILLA,TIR TIR,,,,,,
8800288642594,642594,TIR TIR MASK FIT RED FOUNDATION 24W SOFT BEIGE,TIR TIR,,,,,,
8800288642600,642600,TIR TIR MASK FIT RED FOUNDATION 25C COOL TAUPE,TIR TIR,,,,,,
8800288642624,642624,TIR TIR MASK FIT RED FOUNDATION 27C COOL BEIGE,TIR TIR,,,,,,
8800288642631,642631,TIR TIR MASK FIT RED FOUNDATION 27N CAMEL,TIR TIR,,,,,,
8800288642655,642655,TIR TIR MASK FIT RED FOUNDATION 29N NATURAL BEIGE,TIR TIR,,,,,,
8800288642662,642662,TIR TIR MASK FIT RED FOUNDATION 30N RICH HONEY,TIR TIR,,,,,,
8800288642686,642686,TIR TIR MASK FIT RED FOUNDATION 33N MACCHIATO,TIR TIR,,,,,,
8800288642716,642716,TIR TIR MASK FIT RED FOUNDATION 39W CARAMEL,TIR TIR,,,,,,
8800288642730,642730,TIR TIR MASK FIT RED FOUNDATION 45W CHESTNUT,TIR TIR,,,,,,
8800288642747,642747,TIR TIR MASK FIT RED FOUNDATION 49N DEEP CHESTNUT,TIR TIR,,,,,,
8800288642754,642754,TIR TIR MASK FIT RED FOUNDATION 51N FUDGE,TIR TIR,,,,,,
8800288642761,642761,TIR TIR MASK FIT RED FOUNDATION 55N ESPRESSO,TIR TIR,,,,,,
8809864755413,755413,HOUSE OF HUR MOIST AMPOULE BLUSHER #01 NUDE BEIGE,HOUSE OF HUR,,,,,,
8809864755420,755420,HOUSE OF HUR MOIST AMPOULE BLUSHER #02 DEEP PLUM,HOUSE OF HUR,,,,,,
8809864759657,759657,HOUSE OF HUR MOIST AMPOULE BLUSHER #05 PEACH CORAL,HOUSE OF HUR,,,,,,
8809864759664,759664,HOUSE OF HUR MOIST AMPOULE BLUSHER #06 CHERRY BLOSSOM,HOUSE OF HUR,,,,,,
8809968209607,209607,HOUSE OF HUR MOIST AMPOULE BLUSHER #07 PINK ROSIE,HOUSE OF HUR,,,,,,
8800276312409,312409,HOUSE OF HUR MOIST AMPOULE BLUSHER #08 BERRY PURPLE,HOUSE OF HUR,,,,,,
8809968209614,209614,HOUSE OF HUR MOIST AMPOULE BLUSHER #09 RUBY RED,HOUSE OF HUR,,,,,,
8800316291176,291176,HOUSE OF HUR MOIST AMPOULE BLUSHER #10 GRAPE HEAT,HOUSE OF HUR,,,,,,
8800316291183,291183,HOUSE OF HUR MOIST AMPOULE BLUSHER #11 PEACHY MUSE,HOUSE OF HUR,,,,,,
8809968205951,205951,HOUSE OF HUR (MINI) MOIST AMPOULE BLUSHER #01 NUDE BEIGE,HOUSE OF HUR,,,,,,
8809968205968,205968,HOUSE OF HUR (MINI) MOIST AMPOULE BLUSHER #02 DEEP PLUM,HOUSE OF HUR,,,,,,
8809968205982,205982,HOUSE OF HUR (MINI) MOIST AMPOULE BLUSHER #04 LAVENDER FLUSH,HOUSE OF HUR,,,,,,
8809968205999,205999,HOUSE OF HUR (MINI) MOIST AMPOULE BLUSHER #05 PEACH CORAL,HOUSE OF HUR,,,,,,
8809968209638,209638,HOUSE OF HUR (MINI) MOIST AMPOULE BLUSHER #07 PINK ROSIE,HOUSE OF HUR,,,,,,
8809968209645,209645,HOUSE OF HUR (MINI) MOIST AMPOULE BLUSHER #08 BERRY PURPLE,HOUSE OF HUR,,,,,,
8809968209652,209652,HOUSE OF HUR (MINI) MOIST AMPOULE BLUSHER #09 RUBY RED,HOUSE OF HUR,,,,,,
8809611863422,863422,LAKA FRUITY GLAM TINT #125 MANGO,LAKA,,,,,,
8809611864993,864993,LAKA FRUITY GLAM TINT #126LUCY,LAKA,,,,,,
8809611865006,865006,LAKA FRUITY GLAM TINT #127LIKE,LAKA,,,,,,
8809611865013,865013,LAKA FRUITY GLAM TINT #128ROSE,LAKA,,,,,,
8809611865020,865020,LAKA FRUITY GLAM TINT #129MARONI,LAKA,,,,,,
8809611865037,865037,LAKA FRUITY GLAM TINT #130FOGBERRY,LAKA,,,,,,
8809611865044,865044,LAKA FRUITY GLAM TINT #131CREAMCHA,LAKA,,,,,,
8809611865051,865051,LAKA FRUITY GLAM TINT #132LOLLY,LAKA,,,,,,
8809611865068,865068,LAKA FRUITY GLAM TINT #133SUMMER,LAKA,,,,,,
8809611865075,865075,LAKA FRUITY GLAM TINT #134PEACHES,LAKA,,,,,,
8809611865082,865082,LAKA FRUITY GLAM TINT #135HIPPIE,LAKA,,,,,,
8809611865099,865099,LAKA FRUITY GLAM TINT #136OOLONG,LAKA,,,,,,
8809611865105,865105,LAKA FRUITY GLAM TINT #137BREEZE,LAKA,,,,,,
8809611865112,865112,LAKA FRUITY GLAM TINT #138PARFAIT,LAKA,,,,,,
8809611865129,865129,LAKA FRUITY GLAM TINT #139CHEATING,LAKA,,,,,,
8809611865136,865136,LAKA FRUITY GLAM TINT #140SCOOP,LAKA,,,,,,
8809611865211,865211,LAKA FRUITY GLAM TINT #148ACAI,LAKA,,,,,,
8809611864207,864207,LAKA MAXI GLAYER TINT #600SOAPY,LAKA,,,,,,
8809611864412,864412,LAKA LAKA FRUITY LIP GLOTIONER 700 GLOWY,LAKA,,,,,,
8809611864429,864429,LAKA FRUITY LIP GLOTIONER #701DOLLY,LAKA,,,,,,
8809611864436,864436,LAKA FRUITY LIP GLOTIONER #702MELTS,LAKA,,,,,,
8809611864443,864443,LAKA FRUITY LIP GLOTIONER #703APRI,LAKA,,,,,,
8809611864450,864450,LAKA FRUITY LIP GLOTIONER #704RUDDY,LAKA,,,,,,
8809611864467,864467,LAKA FRUITY LIP GLOTIONER #705TOASTY,LAKA,,,,,,
8809611864474,864474,LAKA FRUITY LIP GLOTIONER #706STEALER,LAKA,,,,,,
8809611864481,864481,LAKA FRUITY LIP GLOTIONER #707TWEED,LAKA,,,,,,
8809611864498,864498,LAKA FRUITY LIP GLOTIONER #708BUFFY,LAKA,,,,,,
8809611864504,864504,LAKA FRUITY LIP GLOTIONER #709VINTAGE,LAKA,,,,,,
8809611864511,864511,LAKA FRUITY LIP GLOTIONER #710CHERISH,LAKA,,,,,,
8809611865518,865518,LAKA DEVIL LIP #801 MUR MUR,LAKA,,,,,,
8809611865525,865525,LAKA DEVIL LIP #802 ZEST,LAKA,,,,,,
8809611865532,865532,LAKA DEVIL LIP #803 SEASON,LAKA,,,,,,
8809611865549,865549,LAKA DEVIL LIP #804 CHILLING,LAKA,,,,,,
8809611865556,865556,LAKA DEVIL LIP #805 MARRON,LAKA,,,,,,
8809611865563,865563,LAKA DEVIL LIP #806 BRANDY,LAKA,,,,,,
8809611865570,865570,LAKA DEVIL LIP #807 RUSTY,LAKA,,,,,,
8809611865587,865587,LAKA DEVIL LIP #808 FUZZ,LAKA,,,,,,
8809611865594,865594,LAKA DEVIL LIP #809 BURNT,LAKA,,,,,,
8809611865600,865600,LAKA DEVIL LIP #810 POETIC,LAKA,,,,,,
88095067079238809506705073,705073,COLORGRAM FRUITY GLASS TINT 03 SODA COOL PEACH,COLORGRAM,,,,,,
88095067079478809506705318,705318,COLORGRAM FRUITY GLASS TINT 05 SWEET PERSIMMON,COLORGRAM,,,,,,
88095067079788809506705349,705349,COLORGRAM FRUITY GLASS TINT 08 LOVELY RASPBERRY,COLORGRAM,,,,,,
8809506707985,707985,COLORGRAM FRUITY GLASS TINT 09 HEARTFUL MULBERRY,COLORGRAM,,,,,,
88095067080678809506707336,707336,COLORGRAM FRUITY GLASS TINT 16 MOCHI PINK,COLORGRAM,,,,,,
8809506708074,708074,COLORGRAM FRUITY GLASS TINT 17 TICKING APPLE,COLORGRAM,,,,,,
8809506708081,708081,COLORGRAM FRUITY GLASS TINT 18 CHERRY VILLAIN,COLORGRAM,,,,,,
8809506708098,708098,COLORGRAM FRUITY GLASS TINT 19 PLUM BOMB,COLORGRAM,,,,,,
8809526846114,846114,COLORGRAM FRUITY GLASS TINT MILK 02 APRICOT DEW,COLORGRAM,,,,,,
8809526846145,846145,COLORGRAM FRUITY GLASS TINT MILK 05 LEVEL-UP BERRY,COLORGRAM,,,,,,
8809526846176,846176,COLORGRAM FRUITY GLASS TINT MILK 08 JOYFUL PERSIMMON,COLORGRAM,,,,,,
8809506705509,705509,COLORGRAM FRUITY GLASS GLOSS 01 GRAPE BLACK,COLORGRAM,,,,,,
8809506705516,705516,COLORGRAM FRUITY GLASS GLOSS 02 CHEWY TANGERINE,COLORGRAM,,,,,,
8809506705523,705523,COLORGRAM FRUITY GLASS GLOSS 03 GIGGLE STRAWBERRY,COLORGRAM,,,,,,
8809506706506,706506,COLORGRAM FRUITY GLASS GLOSS 04 FAREWELL GUAVA,COLORGRAM,,,,,,
8809506706513,706513,COLORGRAM FRUITY GLASS GLOSS 05 BABY LYCHEE,COLORGRAM,,,,,,
8809506706520,706520,COLORGRAM FRUITY GLASS GLOSS 06 MAGIC CHERRY,COLORGRAM,,,,,,
8809506705851,705851,COLORGRAM FRUITY GLASS TINT MINI SET 01 DOUBLE GLOSS,COLORGRAM,,,,,,
8809506705868,705868,COLORGRAM FRUITY GLASS TINT MINI SET 02 WARM BEST SET,COLORGRAM,,,,,,
8809506705875,705875,COLORGRAM FRUITY GLASS TINT MINI SET 03 COOL BEST SET,COLORGRAM,,,,,,
8809506708180,708180,COLORGRAM FRUITY WATER TINT 01 NEW APRICOT,COLORGRAM,,,,COLORGRAM-R1-P2,,
8809506708197,708197,COLORGRAM FRUITY WATER TINT 02 BUNNY PINK,COLORGRAM,,,,COLORGRAM-R1-P2,,
8809506708203,708203,COLORGRAM FRUITY WATER TINT 03 GRAPEFRUIT PLOP,COLORGRAM,,,,COLORGRAM-R1-P2,,
8809506708210,708210,COLORGRAM FRUITY WATER TINT 04 SULKING WATERMELON,COLORGRAM,,,,,,
8809506708227,708227,COLORGRAM FRUITY WATER TINT 05 DAINTY CHERRY,COLORGRAM,,,,,,
8809506708234,708234,COLORGRAM FRUITY WATER TINT 06 CHIC JUJUBE,COLORGRAM,,,,,,
88099714888608800296554216,554216,COLORGRAM NUDE BLUR TINT 01 SALMON BEIGE,COLORGRAM,,,,,,
8809971488877,488877,COLORGRAM NUDE BLUR TINT 02 CHARMING PINK,COLORGRAM,,,,COLORGRAM-R2-P3,,
88099714888848800296554230,554230,COLORGRAM NUDE BLUR TINT 03 LOVELY FIG,COLORGRAM,,,,COLORGRAM-R2-P3,,
88099714888918800296554247,554247,COLORGRAM NUDE BLUR TINT 04 CORAL LIT,COLORGRAM,,,,COLORGRAM-R2-P3,,
88099714889078800296554254,554254,COLORGRAM NUDE BLUR TINT 05 VINTAGE RED,COLORGRAM,,,,,,
88099714889148800296554261,554261,COLORGRAM NUDE BLUR TINT 06 LUCKY BERRY,COLORGRAM,,,,,,
880997148892188002965542788809971486897,486897,COLORGRAM NUDE BLUR TINT 07 GEEK ROSE,COLORGRAM,,,,,,
88099714889388800296554285,554285,COLORGRAM NUDE BLUR TINT 08 HIP CHOCOLATE,COLORGRAM,,,,,,
88099714889458800296554292,554292,COLORGRAM NUDE BLUR TINT 09 RED BOMB,COLORGRAM,,,,,,
8809971488952,488952,COLORGRAM NUDE BLUR TINT 10 DEAD ROSE,COLORGRAM,,,,,,
8809971488969,488969,COLORGRAM NUDE BLUR TINT 11 DEEP CHOCOLATE,COLORGRAM,,,,,,
8809971488976,488976,COLORGRAM NUDE BLUR TINT 12 BLOODY PLUM,COLORGRAM,,,,,,
8809971488983,488983,COLORGRAM NUDE BLUR TINT 13 BURNT MARRON,COLORGRAM,,,,,,
8800296550010,550010,COLORGRAM NUDE BLUR TINT 14 MELLOW STRAWBERRY,COLORGRAM,,,,,,
8800296550027,550027,COLORGRAM NUDE BLUR TINT 15 LIGHT APRICOT,COLORGRAM,,,,,,
8800296550034,550034,COLORGRAM NUDE BLUR TINT 16 ROMANTIC CORAL,COLORGRAM,,,,,,
8800296550041,550041,COLORGRAM NUDE BLUR TINT 17 RIPEN PEACH,COLORGRAM,,,,,,
8800296550058,550058,COLORGRAM NUDE BLUR TINT 18 AMAZING BERRY,COLORGRAM,,,,,,
8800276313017,313017,COLORGRAM JUICY DROP TINT 01 BERRY AMAZING,COLORGRAM,,,,,,
8800276313024,313024,COLORGRAM JUICY DROP TINT 02 PEACH DEW,COLORGRAM,,,,,,
8800276313031,313031,COLORGRAM JUICY DROP TINT 03 LITCHI LUSTER,COLORGRAM,,,,,,
8800276313048,313048,COLORGRAM JUICY DROP TINT 04 CLEAR CHERRY,COLORGRAM,,,,,,
8800276313055,313055,COLORGRAM JUICY DROP TINT 05 PINK MELON,COLORGRAM,,,,,,
8800276313062,313062,COLORGRAM JUICY DROP TINT 06 NICE PLUM,COLORGRAM,,,,,,
8800276313079,313079,COLORGRAM JUICY DROP TINT 07 COOL PEACH,COLORGRAM,,,,,,
8800276313086,313086,COLORGRAM JUICY DROP TINT 08 BERRY PINK,COLORGRAM,,,,,,
8809526844813,844813,COLORGRAM TINTIN DORY BLUR JAM 01 PINK CASHEW NUT,COLORGRAM,,,,,,
8809526844820,844820,COLORGRAM TINTIN DORY BLUR JAM 02 WARM ALMOND,COLORGRAM,,,,,,
8809526844837,844837,COLORGRAM TINTIN DORY BLUR JAM 03 HAZELNUT PINK,COLORGRAM,,,,,,
8809526844844,844844,COLORGRAM TINTIN DORY BLUR JAM 04 JUJUBE BRICK,COLORGRAM,,,,,,
8809526844851,844851,COLORGRAM TINTIN DORY BLUR JAM 05 HIP BERRY,COLORGRAM,,,,,,
8809506706353,706353,COLORGRAM TINTIN DORY LIP JAM 07 FIG JAM,COLORGRAM,,,,,,
8809506706360,706360,COLORGRAM TINTIN DORY LIP JAM 08 PLUM JAM,COLORGRAM,,,,,,
8809864767973,767973,COLORGRAM ALL IN ONE OVER-LIP MAKER 01 WARM PEACH,COLORGRAM,,,,,,
8809864767980,767980,COLORGRAM ALL IN ONE OVER-LIP MAKER 02 COOL PINK,COLORGRAM,,,,,,
8809864753433,753433,COLORGRAM ALL IN ONE OVER-LIP MAKER 03 NUDY PEACH,COLORGRAM,,,,COLORGRAM-R2-P3,,
8809864753440,753440,COLORGRAM ALL IN ONE OVER-LIP MAKER 04 SOFT PINK,COLORGRAM,,,,,,
8809864758643,758643,COLORGRAM ALL IN ONE OVER-LIP MAKER 05 COOL ROSE,COLORGRAM,,,,,,
8809968208136,208136,COLOGRAM ALL IN ONE OVERLIP MAKER 06 ROSE BEIGE,COLORGRAM,,,,,,
8809738594872,594872,COLORGRAM ALL IN ONE AEGYO-SAL MAKER 01 WARM TONE,COLORGRAM,,,,COLORGRAM-R2-P3,,
8809738594865,594865,COLORGRAM ALL IN ONE AEGYO-SAL MAKER 02 COOL TONE,COLORGRAM,,,,COLORGRAM-R2-P3,,
8809738594889,594889,COLORGRAM ALL IN ONE AEGYO-SAL MAKER 03 REAL,COLORGRAM,,,,COLORGRAM-R2-P3,,
8809864751149,751149,COLORGRAM ALL IN ONE AEGYO-SAL MAKER 04 PEACH,COLORGRAM,,,,,,
8809864767966,767966,COLORGRAM ALL IN ONE AEGYO-SAL MAKER 05 BERRY,COLORGRAM,,,,,,
8809864757035,757035,COLORGRAM ALL IN ONE AEGYO-SAL MAKER 06 COOL PINK,COLORGRAM,,,,COLORGRAM-R2-P3,,
8809864757042,757042,COLORGRAM ALL IN ONE AEGYO-SAL MAKER 07 WARM PEACH,COLORGRAM,,,,COLORGRAM-R2-P3,,
8800276312485,312485,COLORGRAM ALL IN ONE AEGYO-SAL MAKER 09 STRAWBERRY,COLORGRAM,,,,COLORGRAM-R2-P3,,
8809526842284,842284,COLORGRAM PIN POINT EYE PALETTE 04 BRIGHT,COLORGRAM,,,,COLORGRAM-R1-P3,,
8809506706377,706377,COLORGRAM TINTIN DORY EYESHADOW PALETTE 01 GLITTER DORY,COLORGRAM,,,,,,
8809506706650,706650,COLORGRAM TINTIN DORY EYESHADOW PALETTE 05 FAIRY DORY,COLORGRAM,,,,,,
8809506707305,707305,COLORGRAM TINTIN DORY EYESHADOW PALETTE 06 MOCHI DORY,COLORGRAM,,,,,,
8809506708449,708449,COLORGRAM TINTIN DORY EYESHADOW PALETTE 07 NUDE DORY,COLORGRAM,,,,,,
8809506708456,708456,COLORGRAM TINTIN DORY EYESHADOW PALETTE 08 ROSE DORY,COLORGRAM,,,,,,
8809506704663,704663,COLORGRAM SEBUM RETOUCHING BLUR PACT,COLORGRAM,,,,COLORGRAM-R2-P2,,
8809506706384,706384,COLORGRAM TINTIN DORY BLUR POWDER,COLORGRAM,,,,,,
8809968203544,203544,COLORGRAM RE-FORMING CONTOUR STICK 01 WARM TONE,COLORGRAM,,,,,,
8809968203551,203551,COLORGRAM RE-FORMING CONTOUR STICK 02 COOL TONE,COLORGRAM,,,,COLORGRAM-R2-P2,,
8809968203568,203568,COLORGRAM RE-FORMING CONTOUR STICK 03 NEUTRAL,COLORGRAM,,,,COLORGRAM-R2-P2,,
8809526844943,844943,COLORGRAM TINTIN DORY DUO BLUSHER 01 STRAWBERRY DUO,COLORGRAM,,,,,,
8809526844950,844950,COLORGRAM TINTIN DORY DUO BLUSHER 02 TANGERINE DUO,COLORGRAM,,,,,,
8809526844967,844967,COLORGRAM TINTIN DORY DUO BLUSHER 03 PEACH DUO,COLORGRAM,,,,,,
8809526845001,845001,COLORGRAM TINTIN DORY DUO BLUSHER 04 MOCHI PINK DUO,COLORGRAM,,,,,,
8809526845292,845292,COLORGRAM TINTIN DORY DUO BLUSHER 05 RED HEART DUO,COLORGRAM,,,,,,
8809526845704,845704,COLORGRAM SINGLE CUBE EYESHADOW 01 SILVER SALT,COLORGRAM,,,,,,
8809526845711,845711,COLORGRAM SINGLE CUBE EYESHADOW 02 PEACH BEIGE,COLORGRAM,,,,,,
8809526845728,845728,COLORGRAM SINGLE CUBE EYESHADOW 03 LOVEY DOVEY CORAL,COLORGRAM,,,,,,
8809526845735,845735,COLORGRAM SINGLE CUBE EYESHADOW 04 WALNUT BROWN,COLORGRAM,,,,,,
8809526845742,845742,COLORGRAM SINGLE CUBE EYESHADOW 05 GINGER WARM BROWN,COLORGRAM,,,,,,
8809526845759,845759,COLORGRAM SINGLE CUBE EYESHADOW 06 CORAL BEIGE SHIMMER,COLORGRAM,,,,,,
8809526845766,845766,COLORGRAM SINGLE CUBE EYESHADOW 07 COOL PINK SHIMMER,COLORGRAM,,,,,,
8809526845773,845773,COLORGRAM SINGLE CUBE EYESHADOW 08 LIGHT COOL PINK,COLORGRAM,,,,,,
8809526845780,845780,COLORGRAM SINGLE CUBE EYESHADOW 09 COOL STRAWBERRY,COLORGRAM,,,,,,
8809526845797,845797,COLORGRAM SINGLE CUBE EYESHADOW 10 COOL PINK GLITTER,COLORGRAM,,,,,,
8809526845803,845803,COLORGRAM SINGLE CUBE EYESHADOW 11 ROSE BEAN,COLORGRAM,,,,,,
8809526845810,845810,COLORGRAM SINGLE CUBE EYESHADOW 12 MAUVE COOL BORWN,COLORGRAM,,,,,,
8809526845827,845827,COLORGRAM SINGLE CUBE EYESHADOW 13 DARK BROWN,COLORGRAM,,,,,,
8809526845834,845834,COLORGRAM SINGLE CUBE EYESHADOW 14 CORAL BLAST,COLORGRAM,,,,,,
8809526845841,845841,COLORGRAM SINGLE CUBE EYESHADOW 15 RED DEVIL,COLORGRAM,,,,,,
8809526845858,845858,COLORGRAM SINGLE CUBE EYESHADOW 16 DEEP BLACK,COLORGRAM,,,,,,
8809526846206,846206,COLORGRAM SINGLE CUBE EYESHADOW 17 BERRY CREAM SHIMMER,COLORGRAM,,,,,,
8809526846213,846213,COLORGRAM SINGLE CUBE EYESHADOW 18 SOYMILK SHIMMER,COLORGRAM,,,,,,
8809526846220,846220,COLORGRAM SINGLE CUBE EYESHADOW 19 APRICOT PINK SHIMMER,COLORGRAM,,,,,,
8809526846237,846237,COLORGRAM SINGLE CUBE EYESHADOW 20 PEACH PINK WHIP,COLORGRAM,,,,,,
8809526846244,846244,COLORGRAM SINGLE CUBE EYESHADOW 21 WINK PINK GLITTER,COLORGRAM,,,,,,
8809526846251,846251,COLORGRAM SINGLE CUBE EYESHADOW 22 MILK TEA,COLORGRAM,,,,,,
8800316290308,290308,COLORGRAM JUICY JAM BLUR TINT 02 JUICY GRAPEFRUIT,COLORGRAM,,,,,,
8800316290315,290315,COLORGRAM JUICY JAM BLUR TINT 03 PINK PEACH,COLORGRAM,,,,,,
8800316290339,290339,COLORGRAM JUICY JAM BLUR TINT 04 SUNNY TOMATO,COLORGRAM,,,,,,
8800316290346,290346,COLORGRAM JUICY JAM BLUR TINT 05 WHITE STRAWBERRY,COLORGRAM,,,,,,
8800316290353,290353,COLORGRAM JUICY JAM BLUR TINT 06 ICY RASPBERRY,COLORGRAM,,,,,,
8800316290360,290360,COLORGRAM JUICY JAM BLUR TINT 07 REDDISH LYCHEE,COLORGRAM,,,,,,
8800316290377,290377,COLORGRAM JUICY JAM BLUR TINT 08 GRAPEY CHERRY,COLORGRAM,,,,,,
8809937599814,599814,CLIO SHARP SO SIMPLE WATERPROOF PENCIL LINER 001 BLACK,CLIO,,,,,,
8809937599821,599821,CLIO SHARP SO SIMPLE WATERPROOF PENCIL LINER 002 BROWN,CLIO,,,,,,
8809937599838,599838,CLIO SHARP SO SIMPLE WATERPROOF PENCIL LINER 003 BLACK BROWN,CLIO,,,,,,
8809937599845,599845,CLIO SHARP SO SIMPLE WATERPROOF PENCIL LINER 004 DARK BROWN,CLIO,,,,,,
8809937599852,599852,CLIO SHARP SO SIMPLE WATERPROOF PENCIL LINER 005 ASH BROWN,CLIO,,,,,,
8809937599869,599869,CLIO SHARP SO SIMPLE WATERPROOF PENCIL LINER 006 VANILLA BEIGE,CLIO,,,,,,
8809937599876,599876,CLIO SHARP SO SIMPLE WATERPROOF PENCIL LINER 007 CREAMY IVORY,CLIO,,,,,,
8800255680086,680086,"CLIO SHARP, SO SIMPLE WATERPROOF PENCIL LINER 08 CORAL",CLIO,,,,,,
8800255680093,680093,"CLIO SHARP, SO SIMPLE WATERPROOF PENCIL LINER 09 ROSE",CLIO,,,,,,
8809691975770,975770,CLIO SUPERPROOF BRUSH LINER KILL BROWN,CLIO,,,,,,
8809691975763,975763,CLIO SUPERPROOF BRUSH LINER KILL BLACK,CLIO,,,,,,
8800255680062,680062,CLIO SUPERPROOF BRUSH LINER KILLASH 001 ASH GRAY,CLIO,,,,,,
8800255680079,680079,CLIO SUPERPROOF BRUSH LINER KILLASH 002 ASH BROWN,CLIO,,,,,,
8809786590635,590635,CLIO SUPERPROOF PEN LINER KILL BROWN 002 BROWN,CLIO,,,,,,
8809786590642,590642,CLIO SUPERPROOF PEN LINER KILL BROWN 003 CACAO BROWN,CLIO,,,,,,
8809786590628,590628,CLIO SUPERPROOF PEN LINER KILL BLACK 001 BLACK,CLIO,,,,,,
8809900987501,987501,CLIO CRYSTAL GLAM TINT 001 VINTAGE APPLE,CLIO,,,,,,
8809900987525,987525,CLIO CRYSTAL GLAM TINT 003 BLUSHED PEACH,CLIO,,,,,,
8809900987532,987532,CLIO CRYSTAL GLAM TINT 004 PALE PLUM,CLIO,,,,,,
8809900987549,987549,CLIO CRYSTAL GLAM TINT 005 FRESH CHERRY,CLIO,,,,,,
8809900987556,987556,CLIO CRYSTAL GLAM TINT 006 DAILY MAUVE,CLIO,,,,,,
8809900987570,987570,CLIO CRYSTAL GLAM TINT 008 GENTLE CINNAMON,CLIO,,,,,,
8809937593492,593492,CLIO CRYSTAL GLAM TINT 009 BARE PEACH,CLIO,,,,,,
8809937593515,593515,CLIO CRYSTAL GLAM TINT 011 MELLOW FIG,CLIO,,,,,,
8809937593508,593508,CLIO CRYSTAL GLAM TINT 01BABY BERRY,CLIO,,,,,,
8809828414981,414981,CLIO KILL LASH SUPERPROOF MASCARA 004 EXTREME VOLUME,CLIO,,,,,,
8809970752641,752641,CLIO KILL LASH SUPERPROOF MASCARA 01SHARP CURL,CLIO,,,,,,
8809598299719,299719,CLIO KILL LASH SUPERPROOF MASCARA 01 LONG CURLING,CLIO,,,,,,
8809598299726,299726,CLIO KILL LASH SUPERPROOF MASCARA 02 VOLUME CURLING,CLIO,,,,,,
8809937590538,590538,CLIO KILL COVER HIGH GLOW CUSHION 2 LINGERIE SPF50+ PA+++,CLIO,,,,,,
8809937590545,590545,CLIO KILL COVER HIGH GLOW CUSHION 3 LINEN SPF50+ PA+++,CLIO,,,,,,
8809937590552,590552,CLIO KILL COVER HIGH GLOW CUSHION 4 GINGER SPF50+ PA+++,CLIO,,,,,,
8809900989284,989284,CLIO PRO EYE PALETTE AIR 01 CORAL STUDIO,CLIO,,,,,,
8809900989291,989291,CLIO PRO EYE PALETTE AIR 02 ROSE CONNECT,CLIO,,,,,,
8809900989307,989307,CLIO PRO EYE PALETTE AIR 03 MUTE LIBRARY,CLIO,,,,,,
8809937593362,593362,CLIO PRO EYE PALETTE AIR 04 PINK PAIRING,CLIO,,,,,,
8800255681083,681083,CLIO ESSENTIAL LIPCHEEK TAP 02 BUNNY BLUSH,CLIO,,,,,,
8800255681076,681076,CLIO ESSENTIAL LIPCHEEK TAP 03 ROSY BLOW,CLIO,,,,,,
8800255681069,681069,CLIO ESSENTIAL LIPCHEEK TAP 04 FROM BERRY,CLIO,,,,,,
8800255681045,681045,CLIO ESSENTIAL LIPCHEEK TAP 06 APPLE GARDEN,CLIO,,,,,,
8809970759671,759671,CLIO KILL COVER FOUNWEAR CUSHION THE ORIGINAL SPF 50+ PA+++ 19C LIGHT,CLIO,,,,,,
8809970759688,759688,CLIO KILL COVER FOUNWEAR CUSHION THE ORIGINAL SPF 50+ PA+++ 19N PORCELAIN,CLIO,,,,,,
8809970759640,759640,CLIO KILL COVER FOUNWEAR CUSHION THE ORIGINAL SPF 50+ PA+++21C LINGERIE,CLIO,,,,,,
8809970759657,759657,CLIO KILL COVER FOUNWEAR CUSHION THE ORIGINAL SPF 50+ PA+++ 21N LINEN,CLIO,,,,,,
8800290365573,365573,"CLIO KILL COVER MESH BLUR CUSHION SET 19C LIGHT SPF40, PA++",CLIO,,,,,,
8800290365580,365580,"CLIO KILL COVER MESH BLUR CUSHION SET 19N PORCELAIN SPF40, PA++",CLIO,,,,,,
8800290365542,365542,"CLIO KILL COVER MESH BLUR CUSHION SET 21C LINGERIE SPF40, PA++",CLIO,,,,,,
8800290365559,365559,"CLIO KILL COVER MESH BLUR CUSHION SET 21N LINEN SPF40, PA++",CLIO,,,,,,
8800290365566,365566,"CLIO KILL COVER MESH BLUR CUSHION SET 23N GINGER SPF40, PA++",CLIO,,,,,,
8800290368024,368024,CLIO KILL COVER FOUNWEAR CUSHION 19N PORCELAIN SPF40 PA++,CLIO,,,,,,
8800290368055,368055,CLIO KILL COVER FOUNWEAR CUSHION 21N LINEN SPF40 PA++,CLIO,,,,,,
8800290368048,368048,CLIO KILL COVER FOUNWEAR CUSHION 23N GINGER SPF40 PA++,CLIO,,,,,,
8800290368031,368031,CLIO KILL COVER FOUNWEAR CUSHION 19C LIGHT SPF40 PA++,CLIO,,,,,,
8800290368062,368062,CLIO KILL COVER FOUNWEAR CUSHION 21C LINGERIE SPF40 PA++,CLIO,,,,,,
8809402289264,289264,TCFS ARTCLASS BY RODIN SHADING MASTER #1,TCFS,,,,,,
8809815642199,642199,TCFS ARTCLASS BY RODIN SHADING MASTER #1.5,TCFS,,,,,,
8809658625496,625496,TCFS ARTCLASS BY RODIN SHADING MASTER #2,TCFS,,,,,,
8809532444571,444571,TCFS ARTCLASS FROTTAGE PENCIL #1,TCFS,,,,,,
8809532444588,444588,TCFS ARTCLASS FROTTAGE PENCIL #2,TCFS,,,,,,
8809532448470,448470,TCFS ARTCLASS FROTTAGE PENCIL #7,TCFS,,,,,,
8809532448487,448487,TCFS ARTCLASS FROTTAGE PENCIL #8,TCFS,,,,,,
8809658628534,628534,TCFS ARTCLASS FROTTAGE PENCIL #9,TCFS,,,,,,
8809815640744,640744,TCFS ARTCLASS FROTTAGE PENCIL #10,TCFS,,,,,,
8809815643271,643271,TCFS ARTCLASS FROTTAGE PENCIL #11,TCFS,,,,,,
8809815643288,643288,TCFS ARTCLASS FROTTAGE PENCIL #12,TCFS,,,,,,
8809815643295,643295,TCFS ARTCLASS FROTTAGE PENCIL #13,TCFS,,,,,,
8809815645411,645411,TCFS ARTCLASS FROTTAGE PENCIL #14,TCFS,,,,,,
8809815645428,645428,TCFS ARTCLASS FROTTAGE PENCIL #15,TCFS,,,,,,
8809815646012,646012,TCFS ARTCLASS FROTTAGE PENCIL #16,TCFS,,,,,,
8809815646029,646029,TCFS ARTCLASS FROTTAGE PENCIL #17,TCFS,,,,,,
8809815646036,646036,TCFS ARTCLASS FROTTAGE PENCIL #18,TCFS,,,,,,
8809532445035,445035,TCFS ARTIST PENCIL SHARPENER 12mm,TCFS,,,,,,
8809495078608,078608,BRAYE LIPSLEEK 01 ARDOR,BRAYE,,,,,,
8809495078615,078615,BRAYE LIPSLEEK 02 RORTY,BRAYE,,,,,,
8809495078622,078622,BRAYE LIPSLEEK 03 POSH,BRAYE,,,,,,
8809495078639,078639,BRAYE LIPSLEEK 04 SAVVY,BRAYE,,,,,,
8809495078646,078646,BRAYE LIPSLEEK 05 EASE,BRAYE,,,,,,
8809495078653,078653,BRAYE LIPSLEEK 06 PLUCKY,BRAYE,,,,,,
8809495078660,078660,BRAYE LIPSLEEK 07 BOLDNESS,BRAYE,,,,,,
8809495078677,078677,BRAYE LIPSLEEK 08 ROUGHLY,BRAYE,,,,,,
8809495078684,078684,BRAYE LIPSLEEK 09 COOLNESS,BRAYE,,,,,,
8809495078691,078691,BRAYE LIPSLEEK 10 CLEARNESS,BRAYE,,,,,,
8800261383421,383421,BRAYE LIPSLEEK 11 BREEZY,BRAYE,,,,,,
8800261383438,383438,BRAYE LIPSLEEK 12 PEPPY,BRAYE,,,,,,
8809495078974,078974,BRAYE MULTI STRAP SHORT,BRAYE,,,,,,
8809495078981,078981,BRAYE MULTI STRAP LONG,BRAYE,,,,,,
8800261380772,380772,BRAYE MULTI STRAP BOLD LONG,BRAYE,,,,,,
8809908690359,690359,ENTROPY CHARM TINT: OPAL CHARM,ENTROPY,,,,,,
8809908690366,690366,ENTROPY CHARM TINT: WATER ROSE CHARM,ENTROPY,,,,,,
8809908690373,690373,ENTROPY CHARM TINT: RUBY CHARM,ENTROPY,,,,,,
8809908690380,690380,ENTROPY CHARM TINT: SUN STONE CHARM,ENTROPY,,,,,,
8809908690397,690397,ENTROPY CHARM TINT: AMBER CHARM,ENTROPY,,,,,,
8809908690403,690403,ENTROPY CHARM TINT: QUARTZ GEM,ENTROPY,,,,,,
8809908690410,690410,ENTROPY CHARM TINT: CORAL GEM,ENTROPY,,,,,,
8809908690427,690427,ENTROPY CHARM TINT: PEACH STONE GEM,ENTROPY,,,,,,
8809908690434,690434,ENTROPY CHARM TINT: GARNET GEM,ENTROPY,,,,,,
8809908690441,690441,ENTROPY CHARM TINT: TOPAZ GEM,ENTROPY,,,,,,
8809908690816,690816,ENTROPY CHARM TINT: POUDRE GEM,ENTROPY,,,,,,
8809908690823,690823,ENTROPY CHARM TINT: PENA GEM,ENTROPY,,,,,,
8809908690830,690830,ENTROPY CHARM TINT: BRONZE GEM,ENTROPY,,,,,,
8809908690847,690847,ENTROPY CHARM TINT: RHODIA GEM,ENTROPY,,,,,,
8809908690854,690854,ENTROPY CHARM TINT: VIOLET GEM,ENTROPY,,,,,,
8809908690458,690458,ENTROPY CHARM TINT: WATER WOOD CHARM,ENTROPY,,,,,,
8809908690465,690465,ENTROPY CHARM TINT: SPINEL CHARM,ENTROPY,,,,,,
8809908690472,690472,ENTROPY CHARM TINT: SMOKY QUARTZ CHARM,ENTROPY,,,,,,
8809908690489,690489,ENTROPY CHARM TINT: BERYL CHARM,ENTROPY,,,,,,
8809908690496,690496,ENTROPY CHARM TINT: TAAFFEITE CHARM,ENTROPY,,,,,,
8809908691004,691004,ENTROPY SLIDE UP DOUGH CHEEK ANY PINK,ENTROPY,,,,,,
8809908691011,691011,ENTROPY SLIDE UP DOUGH CHEEK TOUCH CORAL,ENTROPY,,,,,,
8809908691028,691028,ENTROPY SLIDE UP DOUGH CHEEK AUTUMN VIBE,ENTROPY,,,,,,
8809908691035,691035,ENTROPY SLIDE UP DOUGH CHEEK GRAPE SIGNAL,ENTROPY,,,,,,
8809908691042,691042,ENTROPY SLIDE UP DOUGH CHEEK LOVE FLASH,ENTROPY,,,,,,
8809908691059,691059,ENTROPY SLIDE UP DOUGH CHEEK TAP PINK,ENTROPY,,,,,,
8809908691066,691066,ENTROPY SLIDE UP DOUGH CHEEK CALL PEACH,ENTROPY,,,,,,
8809908691073,691073,ENTROPY SLIDE UP DOUGH CHEEK MAUVE DIAL,ENTROPY,,,,,,
8809908691080,691080,ENTROPY SLIDE UP DOUGH CHEEK PLUM MESSAGE,ENTROPY,,,,,,
8809908691097,691097,ENTROPY SLIDE UP DOUGH CHEEK HUG FLASH,ENTROPY,,,,,,
8809908691103,691103,ENTROPY SLIDE UP DOUGH CHEEK MIRROR FLASH,ENTROPY,,,,,,
8809908691110,691110,ENTROPY SLIDE UP DOUGH CHEEK MIRROR FLASH,ENTROPY,,,,,,
8800255681717,681717,PERIPERA INK MOOD GLOWY TINT 02 CORAL INFLUENCER,PERIPERA,,,,,,
8800255681724,681724,PERIPERA INK MOOD GLOWY TINT 03 ROSE IN MIND,PERIPERA,,,,,,
8800255681731,681731,PERIPERA INK MOOD GLOWY TINT 05 CHERRY SO WHAT,PERIPERA,,,,,,
8800255686828,686828,PERIPERA SYRUPY TOK CHEEK 01 LIGHT PEACH,PERIPERA,,,,,,
8800255686835,686835,PERIPERA SYRUPY TOK CHEEK 02 MILKY LAVENDER,PERIPERA,,,,,,
8800255686842,686842,PERIPERA SYRUPY TOK CHEEK 03 FRIENDSHIP MAUVE,PERIPERA,,,,,,
8800255686859,686859,PERIPERA SYRUPY TOK CHEEK 04 SUNSHINE FIG,PERIPERA,,,,,,
8800255686866,686866,PERIPERA SYRUPY TOK CHEEK 05 COOL APPLE,PERIPERA,,,,,,
8800290361292,361292,PERIPERA SYRUPY TOK CHEEK 06 NUTTY MILKTEA,PERIPERA,,,,,,
8800290361285,361285,PERIPERA SYRUPY TOK CHEEK 07 FLUFFY PINK,PERIPERA,,,,,,
8800290361278,361278,PERIPERA SYRUPY TOK CHEEK 08 SYRUP GRAPEFRUIT,PERIPERA,,,,,,
8809970754539,754539,PERIPERA SPEEDY SKINNY BROW MASCARA 06 BEIGE ASH,PERIPERA,,,,,,
8800255687566,687566,PERIPERA SPEEDY SKINNY BROW MASCARA 07 TAUPE ASH,PERIPERA,,,,,,
8809828419634,419634,PERIPERA SPEEDY SKINNY BROW MASCARA 01 COOL GRAY,PERIPERA,,,,,,
8809828419641,419641,PERIPERA SPEEDY SKINNY BROW MASCARA 02 DARK BROWN,PERIPERA,,,,,,
8809828419658,419658,PERIPERA SPEEDY SKINNY BROW MASCARA 03 NATURAL BROWN,PERIPERA,,,,,,
8809828419665,419665,PERIPERA SPEEDY SKINNY BROW MASCARA 04 ASH BROWN,PERIPERA,,,,,,
8809970754522,754522,PERIPERA SPEEDY SKINNY BROW MASCARA 05 PEONY ASH,PERIPERA,,,,,,
8800322102695,102695,PERIPERA MOOD GLOWY TINT 01 TINY STRAWBERRY,PERIPERA,,,,,,
8800322102688,102688,PERIPERA MOOD GLOWY TINT 02 CORAL CHEMISTRY,PERIPERA,,,,,,
8800322102671,102671,PERIPERA MOOD GLOWY TINT 03 JUICY PEACH,PERIPERA,,,,,,
8800322102664,102664,"PERIPERA MOOD GLOWY TINT 04 ANYWAY, PEACH",PERIPERA,,,,,,
8800322102657,102657,PERIPERA MOOD GLOWY TINT 05 BABY FAIRY,PERIPERA,,,,,,
8800322102640,102640,PERIPERA MOOD GLOWY TINT 06 PINK YOUTH,PERIPERA,,,,,,
8800322102633,102633,PERIPERA MOOD GLOWY TINT 07 PLUM FIZZ,PERIPERA,,,,,,
8800322102626,102626,PERIPERA MOOD GLOWY TINT 08 JOKING PINK,PERIPERA,,,,,,
8800322102619,102619,PERIPERA MOOD GLOWY TINT 09 ROSE IN MIND,PERIPERA,,,,,,
8800322102602,102602,PERIPERA MOOD GLOWY TINT 10 BARE PINK,PERIPERA,,,,,,
8800322102596,102596,PERIPERA MOOD GLOWY TINT 11 VISUAL PINK,PERIPERA,,,,,,
8800322102589,102589,PERIPERA MOOD GLOWY TINT 12 CAMPUS QUEEN,PERIPERA,,,,,,
8800322102572,102572,PERIPERA MOOD GLOWY TINT 13 MOOD QUEEN,PERIPERA,,,,,,
8800322102565,102565,PERIPERA MOOD GLOWY TINT 14 ROSY WISH,PERIPERA,,,,,,
8800322102558,102558,PERIPERA MOOD GLOWY TINT 15 MY PICK ROSE,PERIPERA,,,,,,
8800322102534,102534,PERIPERA MOOD GLOWY TINT 16 ROSE-PICK,PERIPERA,,,,,,
8800322102527,102527,PERIPERA MOOD GLOWY TINT 17 BLUSH FIG,PERIPERA,,,,,,
8800322102510,102510,PERIPERA MOOD GLOWY TINT 18 CORAL INFLUENCER,PERIPERA,,,,,,
8800322102503,102503,PERIPERA MOOD GLOWY TINT 19 CHERRY SO WHAT,PERIPERA,,,,,,
8800322102497,102497,PERIPERA MOOD GLOWY TINT 20 BROWN YAKGWA,PERIPERA,,,,,,
8800322102244,102244,CLIO SHARP SO SIMPLE WATERPROOF PENCIL LINER 10 CACAO BROWN,CLIO,,,,,,
8809526847609,847609,COLORGRAM FRUITY GLASS TINT MILK 11 SUNNY BEIGE,COLORGRAM,,,,,,
8809526847616,847616,COLORGRAM FRUITY GLASS TINT MILK 12 COUNTRY ORANGE,COLORGRAM,,,,,,
8800258085499,085499,ROMAND PINK OFFICE TINTRING,ROMAND,,,,,,
8809738600214,600214,ROUND LAB BIRCH JUICE MOISTURIZING TONER 300ML,ROUND LAB,,,,,,
8809738600221,600221,ROUND LAB BIRCH JUICE MOISTURIZING CREAM 80ML,ROUND LAB,,,,,,
8809624723157,723157,ROUND LAB BIRCH JUICE MOISTURIZING MASK 25ML [1pc 8809624723119],ROUND LAB,,,,,,
8809864759480,759480,ROUND LAB BIRCH JUICE AMPOULE 50ML,ROUND LAB,,,,,,
8809962542397,542397,ROUND LAB BIRCH JUICE MOISTURIZING DOUBLE GEL MASK 23ML [1pc 8809962542380],ROUND LAB,,,,,,
8809849803634,803634,ROUND LAB SOYBEAN PANTHENOL MASK 25ML [1pc 8809849803627],ROUND LAB,,,,,,
8809783325728,325728,ROUND LAB PINE CALMING CICA MASK_27ML [1pc 8809783325711],ROUND LAB,,,,,,
8809962540652,540652,ROUND LAB VITA NIACINAMIDE SERUM 30ML,ROUND LAB,,,,,,
8809962540690,540690,ROUND LAB VITA NIACINAMIDE CREAM 50ML,ROUND LAB,,,,,,
8809962540775,540775,ROUND LAB VITA NIACINAMIDE SERUM MASK 20ML [1pc 8809962540768],ROUND LAB,,,,,,
8809962541383,541383,ROUND LAB CAMELLIA DEEP COLLAGEN FIRMING GEL MASK [1pc 8809962541383],ROUND LAB,,,,,,
8809962541857,541857,ROUND LAB CAMELLIA DEEP COLLAGEN FIRMING AMPOULE 30ML,ROUND LAB,,,,,,
8809962541840,541840,ROUND LAB CAMELLIA DEEP COLLAGEN FIRMING CREAM 50ML,ROUND LAB,,,,,,
8809327946105,946105,SKINFOOD BLACK SUGAR STRAWBERRY MASK WASH OFF,SKINFOOD,,,,,,
8809032674386,674386,SKINFOOD PINEAPPLE PEELING GEL,SKINFOOD,,,,,,
8809032674164,674164,SKINFOOD BLACK SUGAR PERFECT SCRUB FOAM,SKINFOOD,,,,,,
8809032673761,673761,SKINFOOD RICE MASK WASH OFF,SKINFOOD,,,,,,
8809032673778,673778,SKINFOOD EGG MASK,SKINFOOD,,,,,,
8809032673600,673600,SKINFOOD RICE DAILY SCRUB FOAM,SKINFOOD,,,,,,
8809032673594,673594,SKINFOOD RICE DAILY CLEANSING FOAM,SKINFOOD,,,,,,
8809032673631,673631,SKINFOOD EGG PERFECT CLEANSING FOAM,SKINFOOD,,,,,,
8809032673754,673754,SKINFOOD BLACK SUGAR MASK WASH OFF,SKINFOOD,,,,,,
8809032677684,677684,SKINFOOD CARROT CAROTENE FOOD MASK,SKINFOOD,,,,,,
8809032678551,678551,SKINFOOD RICE MASK [1pc 8809032678544],SKINFOOD,,,,,,
8809032678582,678582,SKINFOOD BLUE CHAMOMILE HYALURONIC MASK [1pc 8809032678575],SKINFOOD,,,,,,
8809032677752,677752,SKINFOOD SHINE MUSCAT CICA MASK [1pc 8809032676335],SKINFOOD,,,,,,
8809153106278,106278,SKINFOOD ALOE VERA 93 SOOTHING GEL,SKINFOOD,,,,,,
8809032675499,675499,SKINFOOD CARROT CAROTENE DAILY MASK,SKINFOOD,,,,,,
8809032674447,674447,SKINFOOD CARROT CAROTRNE BALANCING CLEANSING FOAM,SKINFOOD,,,,,,
8809032673587,673587,SKINFOOD CARROT CAROTENE MASK [1pc 8809032672863],SKINFOOD,,,,,,
8809153102423,102423,SKINFOOD TOMATO SOUS VIDE MASK SHEET,SKINFOOD,,,,,,
8809153102430,102430,SKINFOOD CABBAGE SOUS VIDE MASK SHEET,SKINFOOD,,,,,,
8809153102447,102447,SKINFOOD BROCCOLI SOUS VIDE MASK SHEET,SKINFOOD,,,,,,
8809153102454,102454,SKINFOOD KALE SOUS VIDE MASK SHEET,SKINFOOD,,,,,,
8809153102461,102461,SKINFOOD PAPRIKA SOUS VIDE MASK SHEET,SKINFOOD,,,,,,
8809153102478,102478,SKINFOOD PUMPKIN SOUS VIDE MASK SHEET,SKINFOOD,,,,,,
8809153102485,102485,SKINFOOD EGGPLANT SOUS VIDE MASK SHEET,SKINFOOD,,,,,,
8809153102492,102492,SKINFOOD SPINACH SOUS VIDE MASK SHEET,SKINFOOD,,,,,,
8809153102508,102508,SKINFOOD LOTUS ROOT SOUS VIDE MASK SHEET,SKINFOOD,,,,,,
8809153102515,102515,SKINFOOD ASPARAGUS SOUS VIDE MASK SHEET,SKINFOOD,,,,,,
8809153102201,102201,SKINFOOD CARROT CAROTENE CALMING WATER PAD GLOBAL,SKINFOOD,,,,,,
4971710637274,637274,KOSE SOFTYMO DEEP CLEANSING OIL CHIKAWA 2026 LIMITED,,,,,,,
4971710637281,637281,KOSE SOFTYMO CLEANSING FOAM BLUE CHIKAWA WITH DISPLAY,,,,,,,
4560364933803,933803,MICHE BLOOMIN EYELASH INFINITY LINE NO.203BK SUPER IDOL (LIMITED PACKAGE),,,,,,,
4560364933810,933810,MICHE BLOOMIN EYELASH INFINITY LINE NO.203BR SUPER IDOL (LIMITED PACKAGE),,,,,,,
4560364933827,933827,MICHE BLOOMIN EYELASH INFINITY LINE NO.209BK PURE IDOL (LIMITED PACKAGE),,,,,,,
4560364933834,933834,MICHE BLOOMIN EYELASH INFINITY LINE NO.209BR PURE IDOL (LIMITED PACKAGE),,,,,,,
4550516503367,503367,SHISEIDO TSUBAKI PREMIUM EX SHAMPOO & TREATMENT SET 2026,,,,,,,
4901301367266,367266,KAO BIORE COOLING SHEETS PEACH SOAP SCENT 20 SHEETS,,,,,,,
